customer_profile_event_id,customer_id,full_name,email,gender,birth_date,city_id,loyalty_tier,marketing_opt_in,effective_at,operation
1,1,"Hamima Prakasa, S.E.I",katierodriguez@example.com,Male,1970-11-07,18,New,False,2021-09-16 00:00:00,insert
2,2,Murti Mansur,rajasalaila@example.com,Female,1976-05-28,31,New,True,2021-10-09 00:00:00,insert
3,3,"Puput Widiastuti, S.Farm",robert52@example.org,Female,2007-04-08,23,Regular,True,2021-10-29 00:00:00,insert
4,3,"Puput Widiastuti, S.Farm",robert52@example.org,Female,2007-04-08,21,Silver,False,2025-05-11 00:00:00,update
5,4,Christopher Cook,frederickcurry@example.org,Male,1957-07-12,1,Regular,False,2021-03-30 00:00:00,insert
6,5,Dawn Richardson,laura86@example.org,Female,1975-09-08,11,Silver,True,2021-07-19 00:00:00,insert
7,6,Alison Carey,dadap73@example.org,Male,1983-01-20,20,New,False,2021-10-11 00:00:00,insert
8,6,Alison Carey,dadap73@example.org,Male,1983-01-20,32,New,True,2023-02-23 00:00:00,update
9,7,Mario May,nalarmustofa@example.org,Male,1985-12-03,18,New,False,2021-06-26 00:00:00,insert
10,8,Bancar Suwarno,johnsonrobert@example.net,Male,1984-05-10,4,New,True,2020-11-20 00:00:00,insert
11,9,"Cemani Firmansyah, M.M.",cgonzalez@example.net,Female,1974-07-14,11,New,False,2021-12-20 00:00:00,insert
12,9,"Cemani Firmansyah, M.M.",cgonzalez@example.net,Female,1974-07-14,30,New,False,2024-08-24 00:00:00,update
13,10,"Kani Andriani, M.Kom.",youngricky@example.com,Male,2003-03-10,16,New,True,2021-04-08 00:00:00,insert
14,10,"Kani Andriani, M.Kom.",youngricky@example.com,Male,2003-03-10,3,New,True,2023-06-11 00:00:00,update
15,11,Heather Nunez,adriansyahtugiman@example.com,Female,1964-10-10,1,New,True,2021-03-12 00:00:00,insert
16,12,Robert Evans,hastutiopan@example.org,Male,2006-07-21,31,Regular,True,2021-12-12 00:00:00,insert
17,13,Jonathan Alexander,yonoprasasta@example.org,Female,1995-08-02,11,New,True,2021-02-08 00:00:00,insert
18,14,Ernest Gardner,julie34@example.com,Female,2007-03-04,22,Regular,True,2021-05-12 00:00:00,insert
19,15,Stanley Taylor,budimanhari@example.org,Male,1990-04-26,5,New,False,2020-09-19 00:00:00,insert
20,16,Natasha Diaz,graykeith@example.net,Female,1978-07-23,9,Regular,True,2021-12-13 00:00:00,insert
21,16,Natasha Diaz,graykeith@example.net,Female,1978-07-23,9,Gold,True,2025-11-22 00:00:00,update
22,17,William Bullock,gjohnson@example.net,Female,1980-12-01,1,Gold,True,2020-12-22 00:00:00,insert
23,18,"drg. Ulva Zulkarnain, S.Kom",wasitacarub@example.org,Female,1994-01-17,21,New,False,2021-01-16 00:00:00,insert
24,19,Atmaja Haryanti,kathleen15@example.com,Female,1995-01-06,26,Regular,True,2021-07-31 00:00:00,insert
25,20,Nugraha Puspasari,imam11@example.net,Male,1989-06-11,13,Gold,False,2020-10-03 00:00:00,insert
26,21,Erin Davis,dabukkerini@example.org,Male,1973-12-02,15,New,True,2021-04-20 00:00:00,insert
27,21,Erin Davis,dabukkerini@example.org,Male,1973-12-02,13,Silver,True,2024-10-12 00:00:00,update
28,22,Rahayu Riyanti,porterheather@example.org,Male,1957-11-24,26,Regular,False,2021-06-06 00:00:00,insert
29,22,Rahayu Riyanti,porterheather@example.org,Male,1957-11-24,2,Regular,False,2023-04-06 00:00:00,update
30,23,Gloria Cameron,michael81@example.com,Male,1995-12-06,1,New,False,2020-08-22 00:00:00,insert
31,23,Gloria Cameron,michael81@example.com,Male,1995-12-06,32,New,True,2022-02-28 00:00:00,update
32,24,Laila Salahudin,eka13@example.net,Male,1964-06-12,6,New,True,2021-08-19 00:00:00,insert
33,25,Heather Mcfarland,johnsonerin@example.com,Male,2000-03-19,3,New,True,2020-08-27 00:00:00,insert
34,26,"Hendra Nainggolan, M.Farm",joycemoore@example.com,Male,1957-04-10,26,Gold,True,2021-06-29 00:00:00,insert
35,26,"Hendra Nainggolan, M.Farm",joycemoore@example.com,Male,1957-04-10,22,New,True,2024-11-09 00:00:00,update
36,27,Elvina Putra,thassanah@example.com,Male,1989-04-10,32,Regular,True,2021-10-20 00:00:00,insert
37,27,Elvina Putra,thassanah@example.com,Male,1989-04-10,19,Regular,True,2024-05-14 00:00:00,update
38,28,Nilam Haryanti,urodriguez@example.net,Male,2003-02-05,11,Silver,True,2020-12-23 00:00:00,insert
39,29,Brandon Navarro,gpradipta@example.com,Female,1994-03-31,4,New,True,2021-07-30 00:00:00,insert
40,30,Daliono Mansur,talia08@example.net,Female,1959-08-05,1,New,True,2020-09-08 00:00:00,insert
41,31,"Dr. Patricia Mahendra, S.E.I",amyparsons@example.com,Male,1979-07-02,16,Regular,False,2021-01-03 00:00:00,insert
42,32,"Ir. Gangsar Nuraini, M.Ak",psitompul@example.net,Male,1987-08-21,5,New,True,2021-11-12 00:00:00,insert
43,32,"Ir. Gangsar Nuraini, M.Ak",psitompul@example.net,Male,1987-08-21,24,New,True,2024-10-27 00:00:00,update
44,33,Hasna Mayasari,nicole84@example.net,Male,1979-12-29,1,Silver,True,2021-03-01 00:00:00,insert
45,34,Hardana Wijayanti,thamrinolga@example.org,Female,1984-03-09,29,New,True,2021-04-29 00:00:00,insert
46,35,Stacey Nguyen,beardtracy@example.net,Male,1985-01-12,24,New,True,2020-12-01 00:00:00,insert
47,35,Stacey Nguyen,beardtracy@example.net,Male,1985-01-12,24,New,True,2024-02-13 00:00:00,update
48,36,Henry Harris,lestariyono@example.net,Male,1981-01-21,32,New,False,2021-06-06 00:00:00,insert
49,36,Henry Harris,lestariyono@example.net,Male,1981-01-21,19,New,False,2025-06-13 00:00:00,update
50,37,"Paramita Nugroho, S.H.",mansurwarsita@example.com,Male,1977-03-09,1,Gold,False,2021-07-03 00:00:00,insert
51,37,"Paramita Nugroho, S.H.",mansurwarsita@example.com,Male,1977-03-09,32,Regular,False,2025-11-27 00:00:00,update
52,38,Eric Cox DVM,gjones@example.org,Male,1975-08-14,18,Gold,True,2021-09-24 00:00:00,insert
53,38,Eric Cox DVM,gjones@example.org,Male,1975-08-14,14,Platinum,True,2023-07-03 00:00:00,update
54,39,Maras Agustina,ashleypacheco@example.org,Female,1991-01-07,6,Regular,True,2021-09-17 00:00:00,insert
55,40,Christina Ingram,codymolina@example.org,Male,1972-08-04,6,Regular,True,2021-12-05 00:00:00,insert
56,40,Christina Ingram,codymolina@example.org,Male,1972-08-04,6,Regular,False,2025-06-09 00:00:00,update
57,41,Balapati Riyanti,jasmani50@example.net,Male,2004-01-06,11,New,True,2020-09-27 00:00:00,insert
58,42,Shawn Richardson,matthew00@example.org,Male,1987-06-19,20,New,True,2021-01-23 00:00:00,insert
59,43,Christopher Pacheco,rhodessarah@example.org,Female,2004-01-31,10,Silver,False,2021-09-20 00:00:00,insert
60,44,"R. Siska Siregar, M.TI.",huangjoseph@example.com,Female,1995-07-26,16,New,True,2020-12-25 00:00:00,insert
61,45,Jennifer Patterson,rahimahsurya@example.com,Female,2004-03-26,23,Regular,False,2021-10-28 00:00:00,insert
62,45,Jennifer Patterson,rahimahsurya@example.com,Female,2004-03-26,11,Gold,True,2024-05-07 00:00:00,update
63,45,Jennifer Patterson,rahimahsurya@example.com,Female,2004-03-26,5,Gold,True,2025-10-03 00:00:01,update
64,46,Emong Mahendra,ujames@example.org,Male,1989-12-09,16,New,True,2021-04-28 00:00:00,insert
65,47,Dwayne Jordan,dennishurst@example.org,Male,1989-08-15,8,Silver,True,2020-09-03 00:00:00,insert
66,48,R. Gasti Januar,anthony87@example.com,Female,1995-06-26,4,Regular,True,2021-01-12 00:00:00,insert
67,49,"Saadat Kuswandari, S.I.Kom",stacymatthews@example.org,Female,1968-06-18,31,Regular,True,2020-12-11 00:00:00,insert
68,50,Chandra Hartati,twise@example.com,Male,1984-08-18,20,Regular,False,2021-03-24 00:00:00,insert
69,51,Nurul Simbolon,jessica70@example.net,Male,1989-09-25,1,Regular,True,2021-12-01 00:00:00,insert
70,51,Nurul Simbolon,jessica70@example.net,Male,1989-09-25,10,Regular,True,2024-09-23 00:00:00,update
71,52,Troy Collins MD,puti98@example.org,Male,1985-01-27,29,Gold,True,2020-11-14 00:00:00,insert
72,53,Citra Permadi,sitoruscemeti@example.com,Female,1960-01-25,24,New,False,2021-10-01 00:00:00,insert
73,53,Citra Permadi,sitoruscemeti@example.com,Female,1960-01-25,6,New,False,2025-02-10 00:00:00,update
74,54,Drs. Yahya Purnawati,jayamulyani@example.org,Male,1990-03-23,24,New,True,2021-07-18 00:00:00,insert
75,55,Jonathan Lee,elizabethstewart@example.com,Male,2007-05-12,16,Regular,True,2021-03-12 00:00:00,insert
76,56,Stephanie Lopez,mjones@example.net,Male,1987-05-03,34,New,True,2021-06-17 00:00:00,insert
77,57,Tommy Craig,tanner26@example.com,Female,1964-06-18,27,Regular,False,2021-08-05 00:00:00,insert
78,57,Tommy Craig,tanner26@example.com,Female,1964-06-18,27,Gold,True,2023-11-18 00:00:00,update
79,58,Scott Lewis,cindy89@example.com,Male,1958-10-03,33,Regular,True,2020-08-19 00:00:00,insert
80,59,Hj. Umi Natsir,uyulianti@example.net,Female,2004-06-03,25,New,False,2021-07-18 00:00:00,insert
81,59,Hj. Umi Natsir,uyulianti@example.net,Female,2004-06-03,25,New,True,2023-11-02 00:00:00,update
82,60,Whitney Garcia,violet58@example.net,Female,1972-02-03,16,Gold,False,2021-02-28 00:00:00,insert
83,60,Whitney Garcia,violet58@example.net,Female,1972-02-03,6,Regular,True,2024-07-30 00:00:00,update
84,61,Jasmani Maryati,caturangga43@example.org,Female,1973-12-25,17,New,False,2021-12-29 00:00:00,insert
85,62,Gina Hartati,megan43@example.net,Male,1992-04-30,27,Regular,False,2021-07-24 00:00:00,insert
86,62,Gina Hartati,megan43@example.net,Male,1992-04-30,30,Regular,False,2024-11-11 00:00:00,update
87,63,Sabrina Permadi,rachellopez@example.net,Female,1994-12-30,13,Gold,False,2021-11-09 00:00:00,insert
88,63,Sabrina Permadi,rachellopez@example.net,Female,1994-12-30,12,Gold,True,2023-09-19 00:00:00,update
89,64,Chris Gomez,usamahemas@example.net,Male,1966-03-29,9,New,True,2021-12-07 00:00:00,insert
90,65,Harjasa Pradana,krangel@example.net,Male,1973-11-18,19,New,True,2021-04-30 00:00:00,insert
91,65,Harjasa Pradana,krangel@example.net,Male,1973-11-18,32,Platinum,True,2024-03-12 00:00:00,update
92,66,"Karta Maulana, M.M.",puspasariade@example.net,Male,1996-10-29,4,New,False,2021-06-29 00:00:00,insert
93,66,"Karta Maulana, M.M.",puspasariade@example.net,Male,1996-10-29,30,Silver,True,2024-11-08 00:00:00,update
94,67,Paul Vincent,wulan84@example.org,Female,1990-12-26,23,New,False,2021-06-03 00:00:00,insert
95,67,Paul Vincent,wulan84@example.org,Female,1990-12-26,21,Regular,True,2023-05-09 00:00:00,update
96,68,Eli Wibisono,katherine80@example.com,Male,1955-09-08,12,New,True,2021-03-26 00:00:00,insert
97,69,Artanto Maheswara,paul55@example.org,Male,1998-10-30,23,Silver,True,2021-04-21 00:00:00,insert
98,70,Gabrielle Howell,melissa70@example.org,Female,1984-11-07,1,Gold,True,2021-03-21 00:00:00,insert
99,70,Gabrielle Howell,melissa70@example.org,Female,1984-11-07,1,Regular,True,2022-03-24 00:00:00,update
100,70,Gabrielle Howell,melissa70@example.org,Female,1984-11-07,1,Gold,True,2024-04-25 00:00:01,update
101,71,Melissa Wilkins,anthony21@example.com,Male,1979-12-08,27,New,True,2021-03-24 00:00:00,insert
102,71,Melissa Wilkins,anthony21@example.com,Male,1979-12-08,13,New,True,2025-04-06 00:00:00,update
103,72,Steven Sexton,zulkarnainbakda@example.com,Male,1995-11-25,27,Regular,False,2021-03-02 00:00:00,insert
104,73,Ika Haryanti,saputrakawaya@example.net,Male,2003-08-03,1,Regular,True,2021-08-19 00:00:00,insert
105,74,Scott Day,billycherry@example.org,Female,1984-02-02,30,Regular,True,2021-02-16 00:00:00,insert
106,74,Scott Day,billycherry@example.org,Female,1984-02-02,12,Regular,True,2023-06-10 00:00:00,update
107,75,Calista Pranowo,brandi46@example.org,Female,1984-11-06,8,New,True,2021-08-03 00:00:00,insert
108,75,Calista Pranowo,brandi46@example.org,Female,1984-11-06,10,Silver,False,2025-04-23 00:00:00,update
109,76,Raden Prayoga,mendozanancy@example.com,Male,1999-10-22,31,New,True,2021-01-29 00:00:00,insert
110,77,Hartana Irawan,crawfordmario@example.net,Female,1974-05-21,8,Regular,True,2020-10-11 00:00:00,insert
111,78,Tira Irawan,patrick33@example.com,Male,1984-08-27,2,Regular,False,2020-11-29 00:00:00,insert
112,78,Tira Irawan,patrick33@example.com,Male,1984-08-27,4,Silver,True,2024-04-24 00:00:00,update
113,79,Matthew Brock,mferguson@example.com,Male,1998-12-30,10,Regular,False,2021-05-10 00:00:00,insert
114,80,Mark Baldwin,cardianto@example.net,Female,1984-11-15,11,Silver,True,2021-05-06 00:00:00,insert
115,81,Unjani Nasyiah,lirawan@example.com,Male,1994-07-01,16,New,False,2021-10-05 00:00:00,insert
116,81,Unjani Nasyiah,lirawan@example.com,Male,1994-07-01,2,New,True,2025-11-03 00:00:00,update
117,82,"Cut Silvia Wahyudin, S.H.",moracynthia@example.org,Female,1985-02-26,13,New,False,2021-07-28 00:00:00,insert
118,83,Kristen Evans,ctamba@example.org,Female,1995-04-10,5,Silver,True,2021-10-04 00:00:00,insert
119,84,H. Purwadi Maryati,chabibi@example.com,Male,1981-04-22,21,Regular,False,2020-09-14 00:00:00,insert
120,84,H. Purwadi Maryati,chabibi@example.com,Male,1981-04-22,21,Regular,True,2022-10-25 00:00:00,update
121,85,Thomas Harvey,prabowosetiawan@example.org,Male,1960-04-16,10,New,True,2021-01-26 00:00:00,insert
122,86,Joseph Sellers,kathleen62@example.com,Male,2007-08-14,6,New,True,2021-04-14 00:00:00,insert
123,86,Joseph Sellers,kathleen62@example.com,Male,2007-08-14,31,New,True,2024-03-10 00:00:00,update
124,87,Patricia Handayani,mansurumar@example.org,Male,1982-07-15,16,Regular,False,2021-05-29 00:00:00,insert
125,87,Patricia Handayani,mansurumar@example.org,Male,1982-07-15,16,Regular,True,2024-01-03 00:00:00,update
126,87,Patricia Handayani,mansurumar@example.org,Male,1982-07-15,31,Regular,False,2025-08-13 00:00:01,update
127,88,Enteng Narpati,jarwadi71@example.com,Female,1998-04-20,11,Regular,True,2021-09-26 00:00:00,insert
128,89,Dirja Mangunsong,pradiptajaeman@example.net,Female,1964-09-25,20,New,False,2021-10-07 00:00:00,insert
129,89,Dirja Mangunsong,pradiptajaeman@example.net,Female,1964-09-25,2,New,True,2024-11-24 00:00:00,update
130,90,Dt. Vinsen Purnawati,pandu67@example.net,Female,1959-05-30,32,New,False,2021-10-30 00:00:00,insert
131,90,Dt. Vinsen Purnawati,pandu67@example.net,Female,1959-05-30,5,Silver,True,2023-08-25 00:00:00,update
132,91,Chad Jones,pwade@example.net,Female,1970-11-03,16,Regular,True,2021-11-18 00:00:00,insert
133,91,Chad Jones,pwade@example.net,Female,1970-11-03,16,Regular,False,2024-09-24 00:00:00,update
134,92,Nadia Zulaika,brian04@example.com,Male,2008-02-26,1,Silver,False,2021-11-26 00:00:00,insert
135,93,Jennifer Mahoney,melissa64@example.net,Female,1999-11-27,11,Silver,False,2020-12-01 00:00:00,insert
136,94,"Dr. Umaya Napitupulu, S.IP",slametnuraini@example.org,Female,1985-09-04,6,New,False,2021-08-27 00:00:00,insert
137,95,Carol Hartman,ciaobellalailasari@example.net,Female,1984-06-29,15,Gold,True,2021-05-05 00:00:00,insert
138,95,Carol Hartman,ciaobellalailasari@example.net,Female,1984-06-29,15,Silver,True,2022-07-06 00:00:00,update
139,96,Courtney Murray,lhasanah@example.net,Male,1964-07-10,16,New,False,2021-07-01 00:00:00,insert
140,97,Matthew Norris,eelliott@example.net,Female,1966-06-19,11,Regular,False,2020-08-28 00:00:00,insert
141,98,Ian Lopez,hastayolanda@example.net,Male,1976-03-29,29,Regular,True,2021-11-02 00:00:00,insert
142,99,"Dr. Kusuma Santoso, S.H.",khoward@example.net,Male,2000-06-07,11,Silver,True,2021-04-25 00:00:00,insert
143,100,Warren Vasquez,catherineturner@example.com,Male,1996-08-25,6,Platinum,True,2021-11-14 00:00:00,insert
144,101,"Drs. Suci Nainggolan, S.Psi",opungmayasari@example.com,Female,1964-04-22,20,Silver,False,2021-09-22 00:00:00,insert
145,101,"Drs. Suci Nainggolan, S.Psi",opungmayasari@example.com,Female,1964-04-22,20,Silver,False,2022-04-25 00:00:00,update
146,102,Dana Campbell,asmanwacana@example.net,Male,1988-03-24,22,New,True,2021-12-04 00:00:00,insert
147,103,Melinda Crane,vdamanik@example.net,Female,2000-06-24,16,New,True,2021-03-30 00:00:00,insert
148,104,Richard Roman,herbert14@example.org,Female,2006-12-17,32,Silver,True,2021-11-30 00:00:00,insert
149,105,Karja Prastuti,vanesa03@example.org,Female,1959-06-25,29,Gold,True,2021-09-09 00:00:00,insert
150,106,Ifa Nurdiyanti,tampubolonqueen@example.com,Male,1997-01-22,25,New,True,2021-10-09 00:00:00,insert
151,107,Joshua Boyd,melissa41@example.org,Female,1984-01-18,1,Regular,True,2021-03-09 00:00:00,insert
152,107,Joshua Boyd,melissa41@example.org,Female,1984-01-18,34,Regular,True,2022-06-27 00:00:00,update
153,108,Indah Handayani,darmajisitorus@example.net,Female,1975-03-04,16,Regular,False,2021-02-23 00:00:00,insert
154,109,Warji Wibowo,martanahalimah@example.com,Female,1958-11-21,24,New,False,2020-10-28 00:00:00,insert
155,110,"Sutan Jarwi Hastuti, S.Farm",zsimanjuntak@example.org,Male,1993-12-27,29,New,True,2021-07-19 00:00:00,insert
156,111,Kamal Wijayanti,alambanahutapea@example.net,Male,1992-01-15,6,New,False,2021-11-16 00:00:00,insert
157,112,Ashley Morgan,hannah29@example.net,Female,1995-06-07,1,Regular,False,2021-05-03 00:00:00,insert
158,112,Ashley Morgan,hannah29@example.net,Female,1995-06-07,1,Regular,False,2024-02-16 00:00:00,update
159,113,Jennifer Morgan,chandra83@example.com,Male,1969-12-27,8,Regular,True,2021-05-16 00:00:00,insert
160,113,Jennifer Morgan,chandra83@example.com,Male,1969-12-27,19,Regular,False,2023-10-29 00:00:00,update
161,114,Adam Price,bagus02@example.com,Male,1981-02-20,6,New,False,2021-11-15 00:00:00,insert
162,115,Makuta Kusmawati,wolfejames@example.org,Female,1968-04-01,14,Silver,False,2020-12-20 00:00:00,insert
163,115,Makuta Kusmawati,wolfejames@example.org,Female,1968-04-01,29,Silver,False,2022-02-23 00:00:00,update
164,116,"Bakiadi Utama, S.H.",otarihoran@example.org,Female,1992-11-26,26,Regular,True,2020-12-27 00:00:00,insert
165,117,Karma Hardiansyah,utamijanet@example.org,Male,1995-03-09,31,Regular,True,2021-12-12 00:00:00,insert
166,118,Yusuf Prasetya,ortizkevin@example.org,Female,2006-10-05,6,New,False,2021-09-16 00:00:00,insert
167,119,Sadina Hutapea,wmandala@example.com,Female,1961-06-21,24,Silver,False,2021-05-20 00:00:00,insert
168,120,Tgk. Maya Yolanda,najibanggraini@example.org,Female,1991-02-09,1,New,True,2020-11-08 00:00:00,insert
169,121,"drg. Gamblang Ramadan, S.Gz",kawayamaryati@example.org,Male,2000-03-18,6,New,True,2021-05-04 00:00:00,insert
170,122,Ayu Prabowo,firgantorosamiah@example.com,Male,1995-02-14,8,New,False,2020-10-06 00:00:00,insert
171,122,Ayu Prabowo,firgantorosamiah@example.com,Male,1995-02-14,29,New,False,2024-11-22 00:00:00,update
172,123,Melissa Williams,npadmasari@example.net,Male,1989-06-04,11,Silver,True,2020-09-30 00:00:00,insert
173,123,Melissa Williams,npadmasari@example.net,Male,1989-06-04,20,Silver,False,2023-03-26 00:00:00,update
174,124,Tugiman Prasetyo,twijayanti@example.net,Female,1962-01-30,2,Silver,False,2021-09-20 00:00:00,insert
175,125,Diana Damanik,zsawyer@example.org,Female,1996-07-04,8,New,True,2020-12-08 00:00:00,insert
176,125,Diana Damanik,zsawyer@example.org,Female,1996-07-04,8,Silver,True,2022-07-24 00:00:00,update
177,126,Setya Aryani,qmahendra@example.com,Female,1979-11-06,11,New,True,2020-11-12 00:00:00,insert
178,127,"Sabrina Adriansyah, S.E.",qsihombing@example.com,Female,1994-06-06,29,Regular,False,2020-12-26 00:00:00,insert
179,127,"Sabrina Adriansyah, S.E.",qsihombing@example.com,Female,1994-06-06,29,Regular,False,2024-09-05 00:00:00,update
180,128,Carl Hernandez,chelseaduncan@example.org,Female,1966-05-24,13,Regular,True,2020-09-19 00:00:00,insert
181,129,Gina Maryadi,timothyweaver@example.net,Male,1988-10-09,5,New,True,2020-12-29 00:00:00,insert
182,129,Gina Maryadi,timothyweaver@example.net,Male,1988-10-09,31,Regular,True,2022-06-16 00:00:00,update
183,130,Todd Hood,pwells@example.net,Female,1975-04-15,16,New,True,2021-08-04 00:00:00,insert
184,131,Jessica Marshall,bajraginardianto@example.net,Female,1985-10-12,30,New,True,2021-02-22 00:00:00,insert
185,132,Julia Hicks,wagnerjeffrey@example.com,Male,1992-11-19,20,Regular,True,2021-05-24 00:00:00,insert
186,133,Gabrielle Johnson,enarpati@example.org,Male,1966-07-22,6,New,True,2021-06-24 00:00:00,insert
187,134,Robin Vega,atma45@example.com,Female,2003-01-27,1,Regular,True,2021-11-23 00:00:00,insert
188,135,Alyssa Neal,whitneyjohnston@example.org,Female,2000-09-04,30,New,True,2021-03-26 00:00:00,insert
189,136,Marwata Maryati,lisamiller@example.net,Female,1984-08-03,1,New,False,2021-08-04 00:00:00,insert
190,137,Donna Singh,lasmono11@example.net,Male,2005-10-28,13,Platinum,False,2021-04-15 00:00:00,insert
191,138,Katherine Ross,mulyantosihotang@example.org,Female,1972-01-30,16,Silver,False,2021-06-29 00:00:00,insert
192,138,Katherine Ross,mulyantosihotang@example.org,Female,1972-01-30,33,Silver,True,2024-10-24 00:00:00,update
193,139,James Brown,unjaninajmudin@example.net,Male,2006-12-03,21,New,True,2021-03-23 00:00:00,insert
194,140,Heather Watts,jtorres@example.com,Male,1982-03-19,11,Regular,True,2021-01-11 00:00:00,insert
195,140,Heather Watts,jtorres@example.com,Male,1982-03-19,15,Regular,True,2024-09-30 00:00:00,update
196,141,Belinda Pertiwi,anita04@example.org,Female,2005-12-18,1,Silver,True,2021-03-29 00:00:00,insert
197,142,"Hj. Dian Putra, S.H.",faryani@example.net,Male,1956-12-20,6,New,True,2021-06-30 00:00:00,insert
198,143,Pamela Rodriguez,wastutisuci@example.com,Male,1960-06-13,22,New,True,2021-05-27 00:00:00,insert
199,144,Viktor Widodo,zriggs@example.com,Female,1970-05-14,20,Silver,True,2020-10-22 00:00:00,insert
200,145,"Ir. Jayeng Pratiwi, S.Pt",atkinsonkatelyn@example.net,Female,1959-02-17,6,Regular,True,2021-07-07 00:00:00,insert
201,146,Sean Johnson,edison26@example.net,Female,1962-02-12,1,Silver,True,2020-10-03 00:00:00,insert
202,147,Rangga Winarno,micheal04@example.com,Female,1969-03-05,13,New,True,2021-12-17 00:00:00,insert
203,148,Okta Novitasari,jagalaksmiwati@example.com,Male,2006-04-24,7,Silver,True,2021-02-04 00:00:00,insert
204,149,Thomas Stephens,stevenmartinez@example.com,Female,1988-07-13,11,New,True,2021-10-08 00:00:00,insert
205,150,"dr. Gandi Haryanto, S.E.",kemalnajmudin@example.org,Female,2004-11-23,21,New,True,2021-01-15 00:00:00,insert
206,151,Jamalia Rahmawati,natalie08@example.net,Female,1982-08-01,11,Gold,True,2020-10-22 00:00:00,insert
207,152,Gail Maldonado,napitupulukiandra@example.net,Male,1967-05-20,4,New,True,2020-10-31 00:00:00,insert
208,152,Gail Maldonado,napitupulukiandra@example.net,Male,1967-05-20,4,Silver,True,2024-01-25 00:00:00,update
209,153,Dustin Edwards,puspasarikenes@example.com,Male,1963-05-24,3,Gold,True,2020-12-12 00:00:00,insert
210,153,Dustin Edwards,puspasarikenes@example.com,Male,1963-05-24,15,Regular,False,2024-01-13 00:00:00,update
211,154,R.M. Wakiman Permadi,evansjoseph@example.com,Female,1983-09-29,8,New,True,2021-09-12 00:00:00,insert
212,155,Kevin Alexander PhD,saptonowani@example.org,Male,1982-12-15,1,Regular,True,2021-05-07 00:00:00,insert
213,156,H. Tirtayasa Wulandari,elvinprasetyo@example.com,Female,1962-01-17,21,Regular,True,2020-11-08 00:00:00,insert
214,157,Mark Armstrong,carlaguzman@example.com,Female,2005-07-21,1,New,True,2021-02-23 00:00:00,insert
215,158,Jay Hamilton,hendrigunarto@example.org,Female,2005-06-21,11,New,True,2020-09-20 00:00:00,insert
216,159,Lori Mckinney,flowersmichael@example.org,Male,1957-07-06,18,New,True,2020-12-02 00:00:00,insert
217,160,Hj. Tania Padmasari,laksana11@example.org,Male,1985-09-09,28,Regular,True,2021-09-24 00:00:00,insert
218,161,John Sampson,sabrina30@example.net,Female,1997-03-20,27,Regular,False,2020-12-05 00:00:00,insert
219,162,Thomas Hernandez,lorettaclay@example.com,Female,2001-03-04,25,Regular,True,2021-09-14 00:00:00,insert
220,162,Thomas Hernandez,lorettaclay@example.com,Female,2001-03-04,25,Regular,False,2023-02-13 00:00:00,update
221,163,Ikhsan Mulyani,carolyn62@example.org,Male,1980-11-17,23,Silver,True,2021-11-07 00:00:00,insert
222,164,Austin Madden,balamantriprastuti@example.org,Female,1969-07-20,1,Regular,True,2020-11-06 00:00:00,insert
223,164,Austin Madden,balamantriprastuti@example.org,Female,1969-07-20,22,Regular,False,2024-06-07 00:00:00,update
224,165,"T. Mumpuni Safitri, M.M.",kblack@example.net,Female,1958-07-31,26,Regular,False,2021-03-28 00:00:00,insert
225,166,Drs. Dina Pranowo,rahmat17@example.org,Female,1993-07-22,16,New,False,2020-09-18 00:00:00,insert
226,166,Drs. Dina Pranowo,rahmat17@example.org,Female,1993-07-22,8,New,True,2024-04-06 00:00:00,update
227,166,Drs. Dina Pranowo,rahmat17@example.org,Female,1993-07-22,8,New,True,2024-10-20 00:00:01,update
228,167,"Ilyas Sihombing, M.M.",delgadoderek@example.net,Female,1956-09-09,11,Regular,True,2021-05-26 00:00:00,insert
229,167,"Ilyas Sihombing, M.M.",delgadoderek@example.net,Female,1956-09-09,8,New,True,2025-04-24 00:00:00,update
230,168,Vanessa Sanchez,rachelhoffman@example.org,Male,1968-08-01,28,New,False,2021-11-30 00:00:00,insert
231,169,Rahmi Kuswoyo,hutapeajagapati@example.org,Female,2001-10-18,11,New,True,2020-11-20 00:00:00,insert
232,169,Rahmi Kuswoyo,hutapeajagapati@example.org,Female,2001-10-18,11,New,True,2022-08-01 00:00:00,update
233,170,Margana Yuniar,tonya41@example.org,Female,1964-03-20,9,Silver,True,2021-12-03 00:00:00,insert
234,171,Melissa Johnson,ustone@example.com,Male,1988-07-05,10,Silver,True,2021-07-28 00:00:00,insert
235,172,Hafshah Andriani,vanesaprastuti@example.org,Female,1981-05-04,33,New,True,2020-12-20 00:00:00,insert
236,173,Iriana Hartati,friedmancarol@example.org,Male,2007-10-06,32,New,True,2021-11-03 00:00:00,insert
237,174,Indra Mayasari,terriwilliams@example.com,Male,2001-12-10,20,New,True,2021-06-30 00:00:00,insert
238,174,Indra Mayasari,terriwilliams@example.com,Male,2001-12-10,22,New,True,2023-07-02 00:00:00,update
239,175,Robert Glover,nurainiajimat@example.com,Female,1975-06-03,14,Platinum,False,2020-10-09 00:00:00,insert
240,176,Mala Suartini,antonio31@example.com,Female,2002-02-21,11,Silver,True,2021-12-21 00:00:00,insert
241,176,Mala Suartini,antonio31@example.com,Female,2002-02-21,22,Silver,True,2023-07-24 00:00:00,update
242,177,R. Putu Farida,wilsonjoe@example.org,Female,1976-03-10,6,Gold,True,2020-11-25 00:00:00,insert
243,178,Jeffrey Lee,shawn51@example.org,Female,1955-11-29,11,Regular,True,2021-03-14 00:00:00,insert
244,179,Devi Maryadi,kathryn06@example.org,Male,1969-12-19,16,Regular,True,2020-12-31 00:00:00,insert
245,179,Devi Maryadi,kathryn06@example.org,Male,1969-12-19,31,Regular,True,2022-10-30 00:00:00,update
246,179,Devi Maryadi,kathryn06@example.org,Male,1969-12-19,22,Regular,True,2024-04-18 00:00:01,update
247,180,Drs. Dalima Hidayat,chelsearivers@example.org,Male,1991-09-06,11,Silver,True,2021-08-29 00:00:00,insert
248,181,Wulan Pratama,pprasasta@example.com,Male,1989-07-24,10,New,True,2021-08-23 00:00:00,insert
249,181,Wulan Pratama,pprasasta@example.com,Male,1989-07-24,32,New,True,2022-12-25 00:00:00,update
250,182,Gambira Permata,margana61@example.com,Male,2002-10-27,12,New,True,2021-01-22 00:00:00,insert
251,182,Gambira Permata,margana61@example.com,Male,2002-10-27,14,Silver,True,2022-12-03 00:00:00,update
252,183,Misty Branch,smithkevin@example.org,Female,1976-09-10,9,New,True,2020-09-26 00:00:00,insert
253,184,Purwa Lazuardi,tmorris@example.net,Male,1982-01-19,10,Regular,True,2021-10-17 00:00:00,insert
254,184,Purwa Lazuardi,tmorris@example.net,Male,1982-01-19,19,Regular,True,2025-06-21 00:00:00,update
255,185,Christopher Beck,ghanikuswandari@example.org,Male,1984-03-02,32,Regular,True,2021-07-24 00:00:00,insert
256,186,Ika Sihotang,natsirlega@example.net,Male,1971-01-25,1,Regular,True,2021-01-15 00:00:00,insert
257,187,Samantha Nguyen,helen72@example.net,Female,1963-01-19,1,Platinum,True,2021-12-11 00:00:00,insert
258,188,Amy Preston,piercejennifer@example.org,Male,1968-06-04,8,New,True,2021-07-27 00:00:00,insert
259,188,Amy Preston,piercejennifer@example.org,Male,1968-06-04,13,New,False,2023-09-03 00:00:00,update
260,189,Uli Wahyuni,harja26@example.org,Male,1982-08-04,24,Regular,True,2020-09-28 00:00:00,insert
261,190,Rendy Wijaya,craig98@example.net,Female,1988-08-25,6,Silver,False,2020-12-13 00:00:00,insert
262,191,Dorothy Mcclain,dhamilton@example.net,Female,1961-12-10,11,New,True,2020-11-10 00:00:00,insert
263,192,Tedi Laksmiwati,hclark@example.com,Female,1963-11-16,11,New,False,2020-09-13 00:00:00,insert
264,193,Erica Hoffman,ejailani@example.net,Male,1962-03-30,2,Regular,True,2020-09-27 00:00:00,insert
265,194,Bagya Prastuti,owijaya@example.com,Female,1968-07-02,8,Silver,False,2021-10-28 00:00:00,insert
266,195,Eric House,spencer89@example.net,Female,1987-02-15,9,Regular,False,2021-11-07 00:00:00,insert
267,196,"Sabri Sihombing, M.Kom.",martinezerica@example.org,Female,1978-04-17,18,Regular,True,2021-05-17 00:00:00,insert
268,196,"Sabri Sihombing, M.Kom.",martinezerica@example.org,Female,1978-04-17,16,Regular,True,2024-06-27 00:00:00,update
269,197,"dr. Fathonah Rahmawati, M.TI.",cawisadi05@example.com,Male,1998-09-01,16,New,True,2020-11-29 00:00:00,insert
270,197,"dr. Fathonah Rahmawati, M.TI.",cawisadi05@example.com,Male,1998-09-01,16,Regular,False,2024-01-01 00:00:00,update
271,198,"drg. Janet Puspasari, S.I.Kom",bakionothamrin@example.com,Female,1996-02-08,2,New,True,2020-09-03 00:00:00,insert
272,198,"drg. Janet Puspasari, S.I.Kom",bakionothamrin@example.com,Female,1996-02-08,11,New,True,2023-12-01 00:00:00,update
273,199,David Bailey,mathewmorales@example.net,Female,1987-04-19,22,Regular,True,2021-01-31 00:00:00,insert
274,199,David Bailey,mathewmorales@example.net,Female,1987-04-19,29,New,True,2022-06-04 00:00:00,update
275,200,Kelsey Vasquez,utama52@example.org,Male,1979-01-16,9,New,True,2020-10-21 00:00:00,insert
276,201,Cut Eli Laksita,pradiptabakiadi@example.org,Male,1977-09-27,16,New,True,2021-09-23 00:00:00,insert
277,202,Amanda Carlson,danuja26@example.org,Male,1993-04-08,24,New,False,2021-11-30 00:00:00,insert
278,203,"T. Akarsana Sudiati, M.TI.",bajragin38@example.com,Female,1994-12-05,24,New,True,2020-09-24 00:00:00,insert
279,204,Jacob Kelly,nrimausamah@example.com,Female,2001-08-21,31,New,False,2021-02-06 00:00:00,insert
280,205,"Sakura Rajata, S.Kom",pbanks@example.com,Female,1963-02-02,20,Silver,True,2021-11-05 00:00:00,insert
281,206,Setya Suryatmi,gangsar59@example.com,Male,2003-06-20,31,New,True,2021-03-12 00:00:00,insert
282,207,James Goodman,coxthomas@example.net,Male,1968-01-28,2,Silver,True,2021-06-07 00:00:00,insert
283,208,Tiara Maryati,latika22@example.org,Male,1996-01-19,1,Regular,True,2020-11-28 00:00:00,insert
284,209,Caroline Maldonado,kemba38@example.org,Female,1960-05-28,6,Gold,True,2020-12-09 00:00:00,insert
285,210,Peter Hernandez,manullanglaswi@example.org,Female,1957-04-19,6,New,True,2020-10-14 00:00:00,insert
286,210,Peter Hernandez,manullanglaswi@example.org,Female,1957-04-19,19,New,True,2025-10-10 00:00:00,update
287,211,Robert Hunter,nhutapea@example.net,Female,1989-03-01,19,New,False,2021-12-17 00:00:00,insert
288,212,Maxwell Erickson,sihotangmaman@example.com,Male,1955-06-12,9,Gold,True,2021-01-03 00:00:00,insert
289,213,Traci Reeves,liman05@example.com,Male,1999-09-27,19,New,True,2021-01-27 00:00:00,insert
290,213,Traci Reeves,liman05@example.com,Male,1999-09-27,19,Silver,False,2023-06-05 00:00:00,update
291,214,Christine Nelson,udominguez@example.org,Female,1988-12-05,21,New,True,2021-04-27 00:00:00,insert
292,215,Kathryn Lee,qwhite@example.org,Female,1978-07-03,5,Regular,True,2021-01-08 00:00:00,insert
293,216,Christopher Lee,eko87@example.net,Male,1998-08-24,17,Regular,False,2021-06-21 00:00:00,insert
294,217,Christopher Gibbs,jennifer88@example.com,Male,1957-04-02,19,Regular,False,2021-10-13 00:00:00,insert
295,218,Gada Budiyanto,orasmussen@example.net,Female,1978-12-09,28,Gold,True,2021-02-17 00:00:00,insert
296,219,KH. Aslijan Waluyo,farhunnisakurniawan@example.com,Male,1990-06-16,26,New,True,2021-07-21 00:00:00,insert
297,220,Iriana Saefullah,wulankurniawan@example.net,Male,1984-02-05,11,New,True,2021-05-02 00:00:00,insert
298,220,Iriana Saefullah,wulankurniawan@example.net,Male,1984-02-05,31,Silver,True,2025-04-29 00:00:00,update
299,221,Heather Randolph,ochan@example.com,Female,1999-05-10,11,New,True,2021-08-07 00:00:00,insert
300,222,Jeremiah Mcdowell MD,tlazuardi@example.org,Male,2001-12-08,3,New,True,2020-10-02 00:00:00,insert
301,222,Jeremiah Mcdowell MD,tlazuardi@example.org,Male,2001-12-08,8,Regular,True,2022-08-09 00:00:00,update
302,223,"Puti Maida Hariyah, S.Pd",tracydaugherty@example.net,Male,2008-04-21,1,Regular,True,2020-11-13 00:00:00,insert
303,224,Ir. Dian Yuniar,samuel13@example.net,Female,1988-12-17,15,Silver,False,2020-11-01 00:00:00,insert
304,225,Crystal Buchanan,tina12@example.org,Female,2002-07-24,1,New,False,2021-05-06 00:00:00,insert
305,226,Puji Suwarno,kristen03@example.com,Female,1988-04-30,1,Gold,True,2021-08-31 00:00:00,insert
306,226,Puji Suwarno,kristen03@example.com,Female,1988-04-30,9,Silver,True,2022-08-18 00:00:00,update
307,227,"R.A. Jane Nasyiah, S.T.",tmontgomery@example.net,Male,1981-07-22,32,New,True,2021-03-01 00:00:00,insert
308,227,"R.A. Jane Nasyiah, S.T.",tmontgomery@example.net,Male,1981-07-22,32,New,True,2024-07-07 00:00:00,update
309,228,Jonathan Whitaker,padriansyah@example.com,Female,1977-05-27,1,Silver,False,2021-09-17 00:00:00,insert
310,229,Dadi Jailani,gandi51@example.net,Male,1979-11-11,29,Gold,True,2021-06-24 00:00:00,insert
311,229,Dadi Jailani,gandi51@example.net,Male,1979-11-11,29,Silver,True,2022-10-28 00:00:00,update
312,229,Dadi Jailani,gandi51@example.net,Male,1979-11-11,29,Silver,True,2025-06-19 00:00:01,update
313,230,drg. Darimin Namaga,mmaulana@example.org,Female,1957-08-06,11,Regular,True,2021-08-05 00:00:00,insert
314,230,drg. Darimin Namaga,mmaulana@example.org,Female,1957-08-06,11,Gold,True,2024-12-24 00:00:00,update
315,231,Blake Allen,farmererik@example.com,Male,2005-03-08,26,Regular,True,2021-02-11 00:00:00,insert
316,232,Ir. Asirwanda Nuraini,serranocarmen@example.net,Female,1986-06-17,27,Silver,False,2021-12-11 00:00:00,insert
317,233,Kadir Wulandari,marvin48@example.com,Female,1993-01-06,32,Regular,False,2020-09-19 00:00:00,insert
318,233,Kadir Wulandari,marvin48@example.com,Female,1993-01-06,6,Regular,True,2024-10-10 00:00:00,update
319,234,Kevin Newton,uingram@example.com,Male,1981-04-19,1,New,True,2021-05-26 00:00:00,insert
320,235,"R. Mustofa Yolanda, S.H.",balahutasoit@example.com,Female,1994-12-03,30,New,True,2021-09-29 00:00:00,insert
321,236,Daniel Meyers,grace66@example.com,Female,1968-03-11,27,Silver,True,2020-10-18 00:00:00,insert
323,236,Daniel Meyers,grace66@example.com,Female,1968-03-11,27,Silver,True,2023-05-27 00:00:01,update
322,236,Daniel Meyers,grace66@example.com,Female,1968-03-11,27,Silver,True,2025-05-01 00:00:00,update
324,237,Jeffrey West,leo21@example.net,Male,1962-05-28,11,Regular,False,2021-02-18 00:00:00,insert
325,238,Cengkir Irawan,jeanne33@example.com,Female,1997-03-20,16,New,True,2021-08-20 00:00:00,insert
326,239,R. Maras Prasetyo,kdelgado@example.com,Female,1998-11-12,31,New,False,2020-09-26 00:00:00,insert
327,240,Kyle Fisher,zharyanto@example.net,Female,1985-03-07,11,New,True,2021-04-28 00:00:00,insert
328,241,Ella Gunarto,bstewart@example.org,Female,1977-02-15,13,Regular,True,2021-08-15 00:00:00,insert
329,242,R.A. Ira Winarno,ffranklin@example.org,Male,2003-04-08,6,Silver,False,2021-12-19 00:00:00,insert
330,242,R.A. Ira Winarno,ffranklin@example.org,Male,2003-04-08,15,Regular,False,2024-03-15 00:00:00,update
331,243,Matthew Singh,wpermata@example.com,Male,1994-06-07,1,New,False,2021-02-03 00:00:00,insert
332,244,"R.A. Uli Rajata, S.Farm",hakimridwan@example.org,Female,1971-07-12,11,New,False,2020-12-14 00:00:00,insert
333,244,"R.A. Uli Rajata, S.Farm",hakimridwan@example.org,Female,1971-07-12,33,Regular,False,2023-05-14 00:00:00,update
334,245,Joseph Baker,amanda16@example.com,Male,1992-05-13,2,New,False,2021-02-05 00:00:00,insert
335,245,Joseph Baker,amanda16@example.com,Male,1992-05-13,19,Regular,True,2022-04-22 00:00:00,update
336,245,Joseph Baker,amanda16@example.com,Male,1992-05-13,33,Regular,False,2024-10-14 00:00:01,update
337,246,Olivia Miller,hildahutapea@example.org,Male,1974-01-19,28,Regular,True,2021-07-14 00:00:00,insert
339,246,Olivia Miller,hildahutapea@example.org,Male,1974-01-19,13,Regular,False,2022-03-02 00:00:01,update
338,246,Olivia Miller,hildahutapea@example.org,Male,1974-01-19,26,Regular,True,2025-11-10 00:00:00,update
340,247,Sandra Berry,cawisonomangunsong@example.org,Female,1987-06-27,2,Regular,True,2021-02-27 00:00:00,insert
341,247,Sandra Berry,cawisonomangunsong@example.org,Female,1987-06-27,4,Gold,False,2024-01-27 00:00:00,update
342,248,Henry Simmons,balanggasetiawan@example.net,Female,1970-07-05,15,Silver,True,2021-02-12 00:00:00,insert
343,249,Jared Oneal,larryconrad@example.net,Female,1961-12-27,11,New,False,2020-12-29 00:00:00,insert
344,250,"Prima Rajasa, M.TI.",randolphashley@example.net,Male,2006-07-23,15,New,True,2021-08-05 00:00:00,insert
345,251,Joseph Gutierrez,cheyenne94@example.com,Female,1967-10-04,7,New,True,2021-07-30 00:00:00,insert
346,252,Fathonah Laksita,audrey25@example.com,Female,1962-12-21,16,Regular,False,2021-02-05 00:00:00,insert
347,253,Puti Faizah Wibowo,leo77@example.org,Female,1962-06-22,14,Regular,False,2020-09-09 00:00:00,insert
348,253,Puti Faizah Wibowo,leo77@example.org,Female,1962-06-22,14,Silver,True,2024-06-22 00:00:00,update
349,254,Jennifer Thompson,levans@example.org,Male,1989-10-22,6,Regular,True,2021-05-16 00:00:00,insert
350,254,Jennifer Thompson,levans@example.org,Male,1989-10-22,32,Regular,True,2025-02-13 00:00:00,update
351,255,Victoria Lynch,michaelhernandez@example.com,Male,1997-08-02,21,New,True,2020-10-02 00:00:00,insert
352,256,Syahrini Samosir,jprasasta@example.org,Female,1971-12-25,21,New,True,2021-08-13 00:00:00,insert
353,256,Syahrini Samosir,jprasasta@example.org,Female,1971-12-25,8,New,True,2023-01-03 00:00:00,update
354,257,Rhonda Bowman,ortiztiffany@example.net,Female,1957-12-17,29,New,True,2021-01-15 00:00:00,insert
355,257,Rhonda Bowman,ortiztiffany@example.net,Female,1957-12-17,29,Regular,True,2024-06-18 00:00:00,update
356,258,Cawisadi Anggraini,suartinikayla@example.com,Female,1956-09-24,11,New,True,2020-12-08 00:00:00,insert
357,258,Cawisadi Anggraini,suartinikayla@example.com,Female,1956-09-24,10,New,True,2025-02-28 00:00:00,update
358,259,dr. Talia Sinaga,roktaviani@example.com,Female,2005-04-20,28,Regular,True,2020-12-26 00:00:00,insert
359,260,Kasusra Sihombing,bowentimothy@example.com,Male,1968-10-08,7,Regular,False,2021-12-09 00:00:00,insert
360,261,"Putri Prakasa, M.Pd",rosmannasyidah@example.org,Male,1968-12-02,21,New,False,2020-09-27 00:00:00,insert
361,262,Karimah Novitasari,bakijanmarpaung@example.net,Male,1966-08-06,12,Regular,True,2021-01-20 00:00:00,insert
362,263,"Tgk. Asirwada Widiastuti, M.M.",daliono56@example.org,Female,1999-06-25,12,New,True,2021-01-05 00:00:00,insert
363,264,"Hardi Zulaika, M.Ak",vsuwarno@example.org,Male,1990-08-20,16,New,True,2021-04-22 00:00:00,insert
364,265,Lisa Williams,beardlaura@example.org,Male,2005-02-06,34,New,True,2021-03-30 00:00:00,insert
365,266,James King,siskasiregar@example.net,Male,2007-05-07,27,New,False,2021-05-16 00:00:00,insert
366,267,Andrew Burch,fitria46@example.org,Female,1999-08-14,16,New,True,2020-12-23 00:00:00,insert
367,268,R.M. Kajen Kuswandari,hidayantomaria@example.net,Male,1959-04-15,13,New,True,2020-12-08 00:00:00,insert
368,269,Wawan Kuswoyo,mansurraharja@example.org,Female,1972-08-22,5,New,False,2020-10-10 00:00:00,insert
369,269,Wawan Kuswoyo,mansurraharja@example.org,Female,1972-08-22,16,Gold,True,2022-04-10 00:00:00,update
370,270,Lisa Smith,ypatel@example.net,Female,1962-03-21,1,New,True,2021-06-05 00:00:00,insert
371,270,Lisa Smith,ypatel@example.net,Female,1962-03-21,7,Platinum,True,2025-07-06 00:00:00,update
372,271,Julia Trujillo,mariadimangunsong@example.net,Male,1962-12-22,1,Regular,True,2021-07-21 00:00:00,insert
373,272,Novi Wulandari,ghaliyati68@example.com,Male,1979-09-23,17,New,True,2021-08-12 00:00:00,insert
374,273,Silvia Agustina,jmcdonald@example.org,Female,2001-07-10,22,New,True,2021-01-06 00:00:00,insert
375,274,Prayitna Zulaika,dianeperez@example.org,Male,1955-07-04,20,New,False,2021-04-05 00:00:00,insert
376,275,Raisa Hutagalung,yuliartirestu@example.org,Male,1984-03-21,14,Regular,True,2021-07-20 00:00:00,insert
377,275,Raisa Hutagalung,yuliartirestu@example.org,Male,1984-03-21,23,Gold,False,2022-08-31 00:00:00,update
378,276,Nadia Prasetyo,glenngarcia@example.org,Female,1976-04-02,7,Regular,True,2021-11-24 00:00:00,insert
379,277,Harsana Pranowo,waluyomelinda@example.net,Male,1975-03-08,1,Regular,True,2021-08-27 00:00:00,insert
380,278,"Tgk. Usyi Habibi, M.Farm",sandra37@example.net,Male,1977-11-12,9,Regular,False,2021-07-17 00:00:00,insert
381,279,Andrew Sanford,garzajoseph@example.com,Female,1981-05-29,11,Regular,True,2020-08-22 00:00:00,insert
382,280,Himawan Handayani,egalazuardi@example.net,Male,1958-10-13,26,New,True,2020-10-01 00:00:00,insert
383,281,H. Adikara Simanjuntak,gcruz@example.org,Female,2007-10-09,34,Silver,False,2021-01-07 00:00:00,insert
384,282,Eko Widodo,ngarcia@example.org,Male,1970-08-26,3,New,True,2021-03-18 00:00:00,insert
385,282,Eko Widodo,ngarcia@example.org,Male,1970-08-26,3,New,False,2022-04-23 00:00:00,update
386,283,Courtney Thompson,wbarton@example.org,Male,1961-01-07,16,New,True,2020-10-31 00:00:00,insert
387,283,Courtney Thompson,wbarton@example.org,Male,1961-01-07,16,New,True,2024-04-11 00:00:00,update
388,284,Dt. Mahmud Mardhiyah,ianbenjamin@example.com,Male,1989-05-22,31,New,True,2020-08-24 00:00:00,insert
389,285,Puspa Sinaga,zmeyer@example.org,Male,1972-12-15,6,New,True,2020-12-25 00:00:00,insert
390,285,Puspa Sinaga,zmeyer@example.org,Male,1972-12-15,14,New,True,2023-08-11 00:00:00,update
391,286,Anthony Peterson,jatmikofujiati@example.net,Female,1982-12-06,34,Silver,True,2021-04-24 00:00:00,insert
392,287,Jasmin Hidayanto,dominguezann@example.com,Female,2002-06-12,11,New,True,2021-11-03 00:00:00,insert
393,288,Ir. Zalindra Pratama,vino99@example.net,Female,1969-05-03,8,Regular,False,2021-04-27 00:00:00,insert
394,288,Ir. Zalindra Pratama,vino99@example.net,Female,1969-05-03,13,Regular,False,2022-06-09 00:00:00,update
395,289,Andrew Lindsey,justinrowland@example.org,Male,1959-11-29,24,New,True,2020-12-02 00:00:00,insert
396,290,"Gilda Megantara, S.H.",suryatmidagel@example.com,Female,2000-04-27,29,New,False,2021-11-07 00:00:00,insert
397,291,Tina Suryatmi,nsmith@example.org,Male,1971-05-18,9,New,False,2021-12-14 00:00:00,insert
398,292,William Shepard,melissagilbert@example.com,Female,1999-04-20,9,Silver,True,2021-01-28 00:00:00,insert
399,292,William Shepard,melissagilbert@example.com,Female,1999-04-20,9,Silver,True,2023-02-16 00:00:00,update
400,293,Michelle Morris,tambaana@example.com,Female,1976-01-26,24,New,False,2021-06-28 00:00:00,insert
401,293,Michelle Morris,tambaana@example.com,Female,1976-01-26,29,New,True,2023-07-10 00:00:00,update
402,294,Peter Bowers,nicholas91@example.org,Male,1996-05-08,30,Silver,False,2021-01-28 00:00:00,insert
403,295,Christine Reid,umiller@example.com,Male,1983-08-27,1,New,True,2020-09-25 00:00:00,insert
404,295,Christine Reid,umiller@example.com,Male,1983-08-27,10,Silver,True,2022-07-15 00:00:00,update
405,296,Hendri Permata,patrickbrooks@example.com,Male,1958-02-17,30,New,True,2021-03-19 00:00:00,insert
406,297,"Ir. Garda Thamrin, M.TI.",emin11@example.org,Female,1975-06-01,20,New,True,2020-10-29 00:00:00,insert
407,298,Yulia Tarihoran,twasita@example.net,Female,1967-01-15,5,New,True,2021-03-19 00:00:00,insert
408,299,"Dr. Tania Najmudin, S.Gz",anggriawansabri@example.org,Male,1968-01-01,26,Silver,True,2021-09-24 00:00:00,insert
409,299,"Dr. Tania Najmudin, S.Gz",anggriawansabri@example.org,Male,1968-01-01,26,Silver,True,2024-08-06 00:00:00,update
410,300,Joe Hunt,bboyd@example.com,Female,1983-11-22,11,Regular,False,2020-12-23 00:00:00,insert
411,301,Kathleen Miller,radentarihoran@example.com,Male,1996-03-11,13,New,False,2021-03-15 00:00:00,insert
412,301,Kathleen Miller,radentarihoran@example.com,Male,1996-03-11,11,New,True,2022-12-22 00:00:00,update
413,302,Dinda Permadi,palastrienteng@example.org,Male,1989-03-19,3,Gold,True,2021-05-07 00:00:00,insert
414,303,Yoga Mayasari,danielhooper@example.org,Male,1993-09-03,22,New,False,2020-11-21 00:00:00,insert
415,304,Shannon Williams,rudiharyanti@example.net,Female,1992-09-01,1,Regular,True,2021-06-21 00:00:00,insert
416,304,Shannon Williams,rudiharyanti@example.net,Female,1992-09-01,26,Regular,False,2022-02-24 00:00:00,update
417,305,dr. Hari Kurniawan,michellenajmudin@example.org,Male,1959-06-25,11,New,True,2021-04-03 00:00:00,insert
418,306,Kamila Sihombing,pangestupradipta@example.net,Male,2006-02-06,16,Regular,True,2021-08-31 00:00:00,insert
419,306,Kamila Sihombing,pangestupradipta@example.net,Male,2006-02-06,32,Platinum,False,2022-03-21 00:00:00,update
420,307,James Williams,zpearson@example.net,Male,2006-01-22,10,Regular,True,2021-02-11 00:00:00,insert
421,307,James Williams,zpearson@example.net,Male,2006-01-22,11,Gold,True,2024-02-29 00:00:00,update
422,308,T. Darmanto Purnawati,laurawilliams@example.com,Male,1997-01-21,17,Regular,True,2021-10-31 00:00:00,insert
423,308,T. Darmanto Purnawati,laurawilliams@example.com,Male,1997-01-21,22,Regular,False,2024-06-09 00:00:00,update
424,309,Alexander Morrison,yreed@example.com,Male,2003-08-14,32,Regular,False,2021-05-22 00:00:00,insert
425,309,Alexander Morrison,yreed@example.com,Male,2003-08-14,11,Gold,True,2023-03-06 00:00:00,update
426,310,R. Warji Sitompul,irawanvega@example.com,Male,1988-01-25,11,Silver,False,2020-10-01 00:00:00,insert
427,310,R. Warji Sitompul,irawanvega@example.com,Male,1988-01-25,29,Silver,True,2022-09-24 00:00:00,update
428,311,Dimaz Prayoga,juansanchez@example.net,Male,1983-09-09,30,Silver,True,2021-04-14 00:00:00,insert
429,311,Dimaz Prayoga,juansanchez@example.net,Male,1983-09-09,10,Silver,True,2022-03-30 00:00:00,update
430,312,Casey Bryant,melissawright@example.com,Male,1961-09-27,11,Gold,True,2020-08-23 00:00:00,insert
431,313,"Saiful Saragih, S.Ked",mrahayu@example.net,Female,1969-03-22,30,Regular,True,2021-05-03 00:00:00,insert
432,314,Jacob Roman,edisonpratiwi@example.com,Female,2002-01-18,25,Regular,True,2020-12-02 00:00:00,insert
433,315,Zamira Firgantoro,kochdaryl@example.org,Female,1956-06-08,9,New,True,2021-08-12 00:00:00,insert
434,315,Zamira Firgantoro,kochdaryl@example.org,Female,1956-06-08,17,Silver,False,2025-02-15 00:00:00,update
435,316,Michael Huerta,kennethpruitt@example.net,Male,1992-01-30,17,Silver,False,2020-09-03 00:00:00,insert
436,316,Michael Huerta,kennethpruitt@example.net,Male,1992-01-30,17,Silver,True,2022-06-01 00:00:00,update
437,317,Hamima Hassanah,prastutibakianto@example.net,Male,1985-08-04,11,Regular,True,2021-10-23 00:00:00,insert
438,318,Zelda Iswahyudi,iputra@example.com,Female,1982-07-04,25,New,True,2021-01-02 00:00:00,insert
439,319,Nrima Januar,firmansyahsilvia@example.com,Male,1969-04-10,26,Gold,True,2021-05-08 00:00:00,insert
440,320,Unjani Firmansyah,sean25@example.com,Male,2001-11-19,12,Platinum,True,2021-04-10 00:00:00,insert
441,321,"Mujur Sitompul, S.Ked",lusamah@example.net,Male,1995-08-21,6,New,True,2021-03-22 00:00:00,insert
442,321,"Mujur Sitompul, S.Ked",lusamah@example.net,Male,1995-08-21,18,Gold,True,2024-12-30 00:00:00,update
443,322,Safina Prasasta,joshuajuarez@example.net,Male,1985-05-27,5,New,True,2021-09-05 00:00:00,insert
444,323,Marwata Prasetya,amanda73@example.org,Female,2004-02-25,6,Regular,True,2020-12-12 00:00:00,insert
445,323,Marwata Prasetya,amanda73@example.org,Female,2004-02-25,6,Regular,True,2025-03-16 00:00:00,update
446,324,Ajeng Maheswara,damar91@example.org,Male,1960-09-30,1,New,True,2021-08-06 00:00:00,insert
447,324,Ajeng Maheswara,damar91@example.org,Male,1960-09-30,1,Platinum,False,2024-01-17 00:00:00,update
448,325,Jati Utama,hesterrachel@example.net,Female,1992-10-31,26,New,True,2020-10-26 00:00:00,insert
449,326,Jeffrey Lawson,stephaniewhite@example.org,Male,1988-12-29,15,Regular,True,2021-06-20 00:00:00,insert
450,327,Ivan Maulana,foleyjohn@example.com,Female,1962-06-18,6,Platinum,False,2020-11-27 00:00:00,insert
451,327,Ivan Maulana,foleyjohn@example.com,Female,1962-06-18,6,Platinum,True,2024-05-30 00:00:00,update
452,328,Alika Siregar,jailanieli@example.org,Female,1963-05-05,16,Regular,True,2021-11-09 00:00:00,insert
453,329,John Cannon,tsaptono@example.org,Female,2008-01-20,7,Regular,True,2020-11-11 00:00:00,insert
454,330,Marissa Vasquez,simsmarisa@example.net,Male,1996-07-03,13,Gold,True,2021-04-18 00:00:00,insert
455,331,"Ir. Gaman Prakasa, S.Pt",robertmartin@example.com,Male,1979-04-25,11,New,True,2020-12-25 00:00:00,insert
456,331,"Ir. Gaman Prakasa, S.Pt",robertmartin@example.com,Male,1979-04-25,14,New,True,2022-12-23 00:00:00,update
457,332,R. Dariati Novitasari,legawa30@example.net,Female,2002-08-24,26,Regular,True,2021-10-16 00:00:00,insert
458,333,Patricia Siregar,tasdik12@example.net,Male,1969-06-11,11,Regular,True,2020-11-03 00:00:00,insert
459,334,Robert Young,malikakusumo@example.com,Male,1963-04-18,25,Regular,True,2021-03-06 00:00:00,insert
460,335,Elvin Wibowo,mdennis@example.org,Female,1962-05-07,1,Regular,True,2021-07-14 00:00:00,insert
461,336,Indah Sitompul,kelly98@example.org,Male,1998-08-05,12,New,True,2021-01-16 00:00:00,insert
462,337,Brian Potter,rodriguezcheryl@example.net,Male,1966-02-24,21,Regular,False,2021-04-15 00:00:00,insert
463,338,Angela Hines,rama28@example.org,Female,1999-08-24,28,Silver,True,2021-10-11 00:00:00,insert
464,338,Angela Hines,rama28@example.org,Female,1999-08-24,28,Silver,True,2022-05-17 00:00:00,update
465,339,Amanda Robbins,qcarter@example.org,Male,1958-12-11,24,Silver,True,2021-09-11 00:00:00,insert
466,340,"Argono Widiastuti, S.Ked",georgezavala@example.com,Male,1971-06-26,11,New,True,2021-01-14 00:00:00,insert
467,341,Crystal Krause,hilda51@example.net,Male,1995-11-06,6,New,True,2021-02-19 00:00:00,insert
468,342,Jennifer Mckinney,edward39@example.net,Male,1957-09-30,24,New,True,2021-06-26 00:00:00,insert
469,343,Cornelia Haryanti,rahman14@example.org,Female,1980-01-07,19,New,True,2021-12-13 00:00:00,insert
470,344,Anthony Lee,jasonbrown@example.net,Female,1989-06-10,1,Silver,False,2021-01-07 00:00:00,insert
471,344,Anthony Lee,jasonbrown@example.net,Female,1989-06-10,28,Platinum,True,2025-02-15 00:00:00,update
472,345,Micheal Fisher,jamaltarihoran@example.org,Female,1984-05-02,20,New,True,2021-01-31 00:00:00,insert
473,345,Micheal Fisher,jamaltarihoran@example.org,Female,1984-05-02,27,Regular,True,2025-06-03 00:00:00,update
474,346,Kawaca Prasetyo,gamani48@example.org,Female,1994-03-24,27,Regular,True,2020-11-15 00:00:00,insert
475,346,Kawaca Prasetyo,gamani48@example.org,Female,1994-03-24,4,Silver,True,2024-11-03 00:00:00,update
476,347,"Fitria Oktaviani, S.Gz",ina28@example.net,Female,1959-11-01,16,Regular,True,2021-03-29 00:00:00,insert
477,348,R.A. Yance Sirait,apurnawati@example.net,Female,1974-12-12,11,New,True,2021-01-02 00:00:00,insert
478,348,R.A. Yance Sirait,apurnawati@example.net,Female,1974-12-12,11,New,False,2025-10-11 00:00:00,update
479,349,Kevin Wells,utama42@example.org,Male,1958-07-08,19,Silver,True,2021-03-12 00:00:00,insert
480,350,Ronald Manning,singhsarah@example.com,Female,1966-06-29,26,Gold,True,2020-11-10 00:00:00,insert
481,351,Patrick Moore,jenny14@example.net,Female,1961-10-13,6,New,True,2021-11-22 00:00:00,insert
482,352,Brenda Moreno,lsuwarno@example.net,Male,1967-06-17,4,Platinum,False,2021-04-04 00:00:00,insert
483,353,Lala Mustofa,omarbun@example.net,Male,1993-01-08,16,Silver,True,2021-06-01 00:00:00,insert
484,354,Julian Reed,shawemily@example.com,Female,1998-06-05,16,New,True,2020-12-08 00:00:00,insert
485,355,Teddy Sirait,floresbrady@example.net,Male,1977-10-29,11,New,False,2021-12-17 00:00:00,insert
486,356,Anthony Dillon,prestoncastillo@example.net,Female,2008-04-16,16,Silver,True,2021-03-13 00:00:00,insert
487,356,Anthony Dillon,prestoncastillo@example.net,Female,2008-04-16,16,Regular,True,2025-07-11 00:00:00,update
488,357,"Endah Utama, S.Pt",gaimanprastuti@example.org,Female,1967-01-16,1,New,True,2021-08-26 00:00:00,insert
489,358,Kenneth Blackwell,zputra@example.org,Male,1987-12-02,11,New,True,2020-11-19 00:00:00,insert
490,359,Amanda Gilbert,melanie18@example.com,Male,1983-10-20,5,New,False,2021-12-03 00:00:00,insert
491,360,Jennifer Smith,trujillorobin@example.org,Female,1984-01-13,6,Regular,True,2021-05-24 00:00:00,insert
492,361,Jeremy Davis,mcleanbrent@example.com,Male,1973-12-26,22,Gold,False,2020-09-10 00:00:00,insert
493,362,Amelia Winarno,iyuliarti@example.org,Male,1977-08-14,34,New,True,2021-06-03 00:00:00,insert
494,363,Ellis Rahmawati,tirtapertiwi@example.org,Female,1990-12-08,24,New,True,2021-05-07 00:00:00,insert
495,363,Ellis Rahmawati,tirtapertiwi@example.org,Female,1990-12-08,24,New,False,2025-04-19 00:00:00,update
496,364,Tgk. Cindy Hassanah,galakmarpaung@example.org,Male,1996-09-28,1,New,False,2020-12-23 00:00:00,insert
497,364,Tgk. Cindy Hassanah,galakmarpaung@example.org,Male,1996-09-28,15,Silver,True,2024-03-18 00:00:00,update
498,365,Mary Hoffman,ezulkarnain@example.org,Male,1969-08-12,18,New,True,2020-09-06 00:00:00,insert
499,366,Charles Ferrell,ijenkins@example.net,Male,1996-01-25,16,New,True,2021-10-03 00:00:00,insert
500,367,"Paris Tampubolon, S.Sos",nicholas15@example.org,Male,2001-03-17,16,Regular,False,2021-04-27 00:00:00,insert
501,368,"Tgk. Makuta Uwais, S.T.",jonescourtney@example.com,Male,1974-05-23,6,New,True,2021-10-12 00:00:00,insert
502,369,Tgk. Rini Wibisono,dianaprasetya@example.com,Female,1956-05-11,31,New,True,2020-09-09 00:00:00,insert
503,370,Salwa Utama,rafi14@example.org,Female,1995-02-08,16,New,True,2021-12-11 00:00:00,insert
504,371,Harto Usada,mwijayanti@example.com,Male,1970-06-10,1,New,False,2021-07-25 00:00:00,insert
505,372,Victoria Sims,vanessa21@example.org,Male,1959-03-28,30,Silver,True,2021-12-07 00:00:00,insert
506,373,Amalia Prakasa,cphelps@example.org,Female,1984-04-28,24,Regular,True,2020-09-18 00:00:00,insert
507,373,Amalia Prakasa,cphelps@example.org,Female,1984-04-28,24,Platinum,True,2023-04-16 00:00:00,update
508,374,David Newman,joshuabryant@example.net,Male,1980-08-03,12,Regular,True,2020-09-20 00:00:00,insert
509,374,David Newman,joshuabryant@example.net,Male,1980-08-03,8,Regular,False,2022-06-14 00:00:00,update
510,374,David Newman,joshuabryant@example.net,Male,1980-08-03,23,Silver,True,2024-10-17 00:00:01,update
511,375,"R.M. Dipa Prakasa, S.Psi",adriansyahradit@example.org,Female,1986-05-21,6,Regular,False,2020-10-09 00:00:00,insert
512,375,"R.M. Dipa Prakasa, S.Psi",adriansyahradit@example.org,Female,1986-05-21,25,Regular,True,2022-10-10 00:00:00,update
513,376,Argono Uwais,dianathompson@example.com,Male,1958-11-16,19,New,True,2020-09-10 00:00:00,insert
514,377,Deborah Smith,jeffrey07@example.com,Female,1987-10-22,23,New,True,2021-04-07 00:00:00,insert
515,378,Manuel Lewis,jordanwendy@example.org,Male,1962-10-08,16,Platinum,True,2021-10-07 00:00:00,insert
516,378,Manuel Lewis,jordanwendy@example.org,Male,1962-10-08,16,Platinum,False,2022-08-24 00:00:00,update
517,379,"Ifa Pudjiastuti, S.Pt",dalimin31@example.net,Female,1957-02-20,16,Silver,False,2020-10-06 00:00:00,insert
518,380,Amber Washington,lsihombing@example.com,Male,1964-10-16,15,New,True,2021-09-21 00:00:00,insert
519,381,Wesley Rodriguez,millercurtis@example.com,Male,1969-08-12,15,Regular,True,2021-03-10 00:00:00,insert
521,381,Wesley Rodriguez,millercurtis@example.com,Male,1969-08-12,22,Regular,False,2023-06-30 00:00:01,update
520,381,Wesley Rodriguez,millercurtis@example.com,Male,1969-08-12,32,Platinum,True,2024-04-04 00:00:00,update
522,382,Janet Lestari,silvaangela@example.com,Male,1971-01-19,32,Regular,False,2021-10-25 00:00:00,insert
523,383,Drs. Zelda Prasasta,hmeadows@example.org,Female,1972-08-06,15,New,True,2021-07-09 00:00:00,insert
524,384,Eka Gunawan,kamidinhutapea@example.com,Male,1998-07-16,13,New,True,2021-07-06 00:00:00,insert
525,385,Jacqueline Sutton,dimas12@example.org,Female,1999-02-17,3,Regular,True,2020-10-31 00:00:00,insert
526,386,Puspa Suartini,christensenluke@example.net,Female,1992-04-30,16,Gold,False,2021-11-07 00:00:00,insert
527,386,Puspa Suartini,christensenluke@example.net,Female,1992-04-30,17,Regular,False,2022-08-17 00:00:00,update
528,387,Queen Rajasa,ramamarbun@example.org,Female,2006-07-24,5,New,True,2021-01-13 00:00:00,insert
529,387,Queen Rajasa,ramamarbun@example.org,Female,2006-07-24,19,New,False,2025-06-22 00:00:00,update
530,388,Cameron Dixon,christinebrown@example.com,Male,2002-02-16,10,Regular,True,2021-06-04 00:00:00,insert
531,389,"Drs. Lidya Narpati, S.E.I",dfigueroa@example.org,Female,1961-04-13,8,Regular,False,2021-02-06 00:00:00,insert
532,390,Prayitna Pradipta,ydabukke@example.org,Female,1980-07-06,20,Regular,False,2021-07-19 00:00:00,insert
533,390,Prayitna Pradipta,ydabukke@example.org,Female,1980-07-06,24,Regular,False,2022-11-14 00:00:00,update
534,391,Elaine Chambers,pangeran82@example.com,Male,1975-09-09,31,Regular,False,2021-08-23 00:00:00,insert
535,392,Emily Freeman,aprilwilson@example.net,Male,1991-03-26,1,Silver,True,2021-05-02 00:00:00,insert
536,393,Arthur Brown,irwan41@example.com,Female,1965-08-03,18,New,False,2021-09-21 00:00:00,insert
537,394,Maryadi Iswahyudi,sudiatikacung@example.net,Female,1990-09-02,1,Regular,True,2021-02-09 00:00:00,insert
538,395,Caitlin Gillespie,erinlevine@example.com,Male,1987-10-02,4,Regular,True,2021-10-27 00:00:00,insert
539,395,Caitlin Gillespie,erinlevine@example.com,Male,1987-10-02,8,Regular,True,2023-04-11 00:00:00,update
540,396,"Safina Gunarto, S.Ked",newmanjanice@example.org,Male,1967-07-30,1,New,False,2021-06-30 00:00:00,insert
541,397,Olivia Utama,heatherjohnson@example.net,Female,1972-01-01,12,Silver,False,2021-10-04 00:00:00,insert
542,398,Jarwadi Rajata,jeffersonlarry@example.com,Female,1970-08-05,2,New,False,2021-06-13 00:00:00,insert
543,398,Jarwadi Rajata,jeffersonlarry@example.com,Female,1970-08-05,10,New,False,2024-03-09 00:00:00,update
544,399,Galih Yolanda,lalahasanah@example.com,Female,2002-04-24,10,Regular,False,2020-12-10 00:00:00,insert
545,400,Novi Nuraini,thompsonkaren@example.org,Male,2001-04-16,11,Regular,True,2021-09-07 00:00:00,insert
546,401,Dan Anderson,imamnuraini@example.net,Female,1992-10-25,29,Regular,False,2020-12-02 00:00:00,insert
547,402,Patty Frazier,unjani81@example.org,Male,1963-03-31,8,New,True,2020-12-13 00:00:00,insert
548,403,Emily Morales,kyle79@example.com,Female,1957-08-11,32,New,False,2021-06-22 00:00:00,insert
549,404,Erica Smith,wmaryati@example.org,Female,1966-02-19,11,New,True,2020-10-20 00:00:00,insert
550,405,Michael Kim,wwulandari@example.net,Female,1995-09-12,29,Regular,True,2020-09-04 00:00:00,insert
551,406,"Yusuf Rahimah, S.Ked",lailasariprayoga@example.org,Male,1999-05-27,20,New,True,2020-11-17 00:00:00,insert
552,406,"Yusuf Rahimah, S.Ked",lailasariprayoga@example.org,Male,1999-05-27,6,Gold,True,2022-03-14 00:00:00,update
553,407,Charles Harvey,patricia14@example.com,Female,1984-07-17,11,Regular,True,2021-06-03 00:00:00,insert
554,408,Troy Nguyen,prabowosakti@example.net,Male,1983-08-08,11,Regular,True,2021-04-23 00:00:00,insert
555,408,Troy Nguyen,prabowosakti@example.net,Male,1983-08-08,11,Gold,True,2024-05-05 00:00:00,update
556,409,Yulia Nugroho,rahimahgamanto@example.org,Female,1974-09-25,28,New,False,2021-03-05 00:00:00,insert
557,410,Bagya Maheswara,jatmikosafitri@example.net,Male,2000-04-14,18,New,False,2021-12-07 00:00:00,insert
558,411,Lantar Irawan,adhiarjasinaga@example.com,Female,1973-08-22,7,New,True,2021-08-24 00:00:00,insert
559,412,Darijan Sihombing,ibrahim44@example.com,Female,1955-09-21,15,New,True,2021-02-07 00:00:00,insert
560,413,"Dr. Zulaikha Saptono, M.Pd",laksmiwatiulya@example.org,Male,1985-10-03,6,Regular,True,2021-11-11 00:00:00,insert
561,414,"Melinda Pertiwi, S.H.",kusmawatiatma@example.net,Female,1982-10-11,9,New,True,2021-04-10 00:00:00,insert
562,415,Galih Sihombing,jerrybowers@example.org,Male,1956-11-29,1,Regular,True,2021-01-09 00:00:00,insert
563,416,Harimurti Iswahyudi,alexissimmons@example.net,Female,1958-11-23,19,Regular,False,2021-01-27 00:00:00,insert
564,416,Harimurti Iswahyudi,alexissimmons@example.net,Female,1958-11-23,19,Regular,False,2024-08-23 00:00:00,update
565,417,Michael Williams,derrick67@example.org,Male,1958-11-03,1,Regular,True,2021-12-10 00:00:00,insert
566,417,Michael Williams,derrick67@example.org,Male,1958-11-03,8,Regular,True,2025-11-07 00:00:00,update
567,418,Jennifer Hall,fgonzalez@example.com,Female,1963-04-15,16,Gold,False,2021-03-05 00:00:00,insert
568,418,Jennifer Hall,fgonzalez@example.com,Female,1963-04-15,28,Gold,False,2023-02-16 00:00:00,update
569,419,Taufik Jailani,mulyanijais@example.org,Female,1987-05-05,7,Gold,True,2021-10-19 00:00:00,insert
570,419,Taufik Jailani,mulyanijais@example.org,Female,1987-05-05,7,Gold,True,2022-06-14 00:00:00,update
571,420,Cut Syahrini Wibowo,mariajoseph@example.org,Male,1978-01-24,8,Silver,False,2020-09-25 00:00:00,insert
572,421,"Zelda Suryatmi, S.Pt",nasrullah91@example.org,Female,1981-03-09,4,Silver,True,2020-09-27 00:00:00,insert
573,422,"Ratna Marpaung, S.Gz",jray@example.net,Male,1999-03-17,17,Gold,False,2021-04-18 00:00:00,insert
574,423,Kendra Cole,lgriffin@example.com,Female,1987-12-07,1,Silver,True,2020-10-31 00:00:00,insert
575,424,Amanda Lopez,titiandriani@example.org,Female,1999-12-09,9,Platinum,True,2021-09-21 00:00:00,insert
576,425,Galak Kusumo,stephensjames@example.com,Male,1957-01-23,22,New,True,2021-12-11 00:00:00,insert
577,426,David Thompson,prayitna13@example.com,Male,1956-04-19,20,New,False,2021-01-18 00:00:00,insert
578,426,David Thompson,prayitna13@example.com,Male,1956-04-19,20,Silver,False,2024-06-05 00:00:00,update
579,427,Olivia Jones,gutami@example.net,Male,1967-02-17,20,Regular,True,2020-12-22 00:00:00,insert
580,428,"Ir. Putri Halim, S.Pd",ginagreer@example.com,Male,1963-01-17,11,New,True,2020-09-09 00:00:00,insert
581,428,"Ir. Putri Halim, S.Pd",ginagreer@example.com,Male,1963-01-17,8,New,True,2023-07-04 00:00:00,update
582,429,John Deleon,patricksimon@example.net,Male,1966-05-20,16,New,True,2021-06-04 00:00:00,insert
583,430,Bakda Permata,mark58@example.com,Female,1999-01-21,1,New,False,2020-11-26 00:00:00,insert
584,430,Bakda Permata,mark58@example.com,Female,1999-01-21,1,Regular,True,2022-06-30 00:00:00,update
585,431,Joshua Moody,mila29@example.org,Male,1986-05-17,9,New,True,2021-05-14 00:00:00,insert
586,431,Joshua Moody,mila29@example.org,Male,1986-05-17,9,Silver,False,2024-10-04 00:00:00,update
587,432,"Taufik Anggraini, M.Pd",vega45@example.net,Female,1981-08-10,28,New,True,2021-05-26 00:00:00,insert
588,432,"Taufik Anggraini, M.Pd",vega45@example.net,Female,1981-08-10,9,Silver,True,2024-12-16 00:00:00,update
589,433,"Yosef Padmasari, S.IP",johnhamilton@example.com,Female,1998-09-27,26,Regular,False,2020-10-28 00:00:00,insert
590,434,Lukita Maulana,kurnia05@example.net,Female,1968-05-26,6,New,False,2021-05-14 00:00:00,insert
591,434,Lukita Maulana,kurnia05@example.net,Female,1968-05-26,6,Regular,False,2023-01-12 00:00:00,update
592,435,Kyle Fields,michaelthomas@example.org,Female,1962-03-09,11,Silver,True,2021-10-01 00:00:00,insert
593,435,Kyle Fields,michaelthomas@example.org,Female,1962-03-09,11,Silver,True,2025-01-05 00:00:00,update
594,436,Benjamin Jones,jwijaya@example.net,Male,1999-10-26,16,New,True,2021-12-05 00:00:00,insert
595,436,Benjamin Jones,jwijaya@example.net,Male,1999-10-26,16,New,True,2024-02-01 00:00:00,update
596,437,Narji Wijayanti,jessereid@example.org,Female,2008-01-23,1,New,False,2021-11-15 00:00:00,insert
597,437,Narji Wijayanti,jessereid@example.org,Female,2008-01-23,1,New,True,2025-01-31 00:00:00,update
598,438,Nabila Rahayu,tanyaknapp@example.net,Female,1970-10-06,1,Regular,False,2021-10-30 00:00:00,insert
599,439,Cheyenne Harris,austin86@example.net,Male,1974-03-12,10,New,True,2021-10-23 00:00:00,insert
600,440,Debbie Martinez,jonathangray@example.org,Female,1984-08-02,16,New,True,2021-07-30 00:00:00,insert
601,441,Aswani Purwanti,karenramos@example.org,Male,2007-08-12,34,New,True,2020-08-29 00:00:00,insert
602,441,Aswani Purwanti,karenramos@example.org,Male,2007-08-12,5,New,True,2025-09-27 00:00:00,update
603,442,Wawan Dongoran,simsjanice@example.com,Female,1987-04-14,6,Gold,True,2021-11-21 00:00:00,insert
604,443,Tari Wasita,desireecooper@example.org,Female,2002-04-23,32,Silver,True,2020-12-30 00:00:00,insert
605,444,Erica Brown,lleach@example.org,Male,2003-07-31,18,New,True,2020-11-24 00:00:00,insert
606,445,Michael Klein,joshua71@example.org,Male,1995-07-03,11,Gold,True,2021-07-07 00:00:00,insert
607,446,Yuni Rajata,jamal85@example.com,Male,1955-10-04,20,New,True,2020-09-09 00:00:00,insert
608,447,Brian Aguilar,kevin45@example.net,Female,1956-10-16,31,New,True,2021-06-10 00:00:00,insert
609,448,Jacob Perez,dawnrodriguez@example.net,Male,2003-11-11,30,New,False,2021-08-10 00:00:00,insert
610,448,Jacob Perez,dawnrodriguez@example.net,Male,2003-11-11,30,Silver,True,2024-11-10 00:00:00,update
611,449,Jake Peterson,dennissmith@example.com,Female,1965-01-31,23,Silver,True,2021-03-31 00:00:00,insert
612,450,"Elisa Utama, M.M.",pnuraini@example.net,Female,1963-01-30,24,Regular,False,2021-03-12 00:00:00,insert
613,451,Hari Dabukke,robert70@example.org,Male,1960-05-25,11,New,True,2020-08-26 00:00:00,insert
614,452,Jessica Perry,hildamardhiyah@example.net,Female,1958-03-25,16,Regular,True,2020-09-19 00:00:00,insert
615,452,Jessica Perry,hildamardhiyah@example.net,Female,1958-03-25,27,Regular,True,2022-06-16 00:00:00,update
616,453,Anna Jackson,limarnajmudin@example.com,Female,2002-04-17,1,New,True,2021-12-10 00:00:00,insert
617,453,Anna Jackson,limarnajmudin@example.com,Female,2002-04-17,1,Regular,False,2022-05-17 00:00:00,update
618,454,Jono Nainggolan,adamanik@example.com,Male,1962-02-22,6,Regular,False,2020-12-17 00:00:00,insert
619,455,Jasmine Deleon,ssamosir@example.com,Female,2001-10-28,6,Gold,False,2021-11-14 00:00:00,insert
620,456,Darman Jailani,christinamccormick@example.com,Female,1978-03-05,16,New,True,2021-03-15 00:00:00,insert
621,457,Jaiman Wulandari,anthony45@example.com,Male,1998-08-29,6,Regular,True,2021-10-27 00:00:00,insert
622,457,Jaiman Wulandari,anthony45@example.com,Male,1998-08-29,21,Regular,True,2022-03-15 00:00:00,update
623,458,Paula Morgan,vivimegantara@example.com,Female,1990-09-29,16,New,False,2020-12-14 00:00:00,insert
624,459,"Raharja Nashiruddin, M.M.",tami42@example.net,Male,2002-10-04,10,New,False,2021-09-28 00:00:00,insert
625,460,Scott Roberts,samsulhabibi@example.net,Female,2006-08-05,5,Platinum,True,2021-07-15 00:00:00,insert
626,460,Scott Roberts,samsulhabibi@example.net,Female,2006-08-05,25,Gold,True,2023-08-24 00:00:00,update
627,461,Robert Kelley,unjani64@example.com,Female,1984-08-13,14,New,False,2020-12-08 00:00:00,insert
628,462,Calista Saptono,sritter@example.com,Female,1957-11-26,28,Regular,False,2021-12-28 00:00:00,insert
629,463,Ann Lopez,rsloan@example.com,Female,1983-01-30,1,New,False,2021-04-23 00:00:00,insert
630,463,Ann Lopez,rsloan@example.com,Female,1983-01-30,1,Platinum,False,2022-02-19 00:00:00,update
631,464,Viman Rahimah,fpuspasari@example.net,Female,1962-05-07,16,Regular,False,2020-09-13 00:00:00,insert
632,465,"drg. Widya Prasetya, S.IP",dutama@example.com,Male,1988-12-27,15,Gold,True,2021-11-10 00:00:00,insert
633,465,"drg. Widya Prasetya, S.IP",dutama@example.com,Male,1988-12-27,15,Gold,True,2022-09-06 00:00:00,update
634,466,Unjani Marbun,kevinjackson@example.com,Female,1987-06-29,20,Regular,True,2021-06-11 00:00:00,insert
635,467,Susan Wiggins,bagas31@example.net,Female,1984-12-29,29,Gold,True,2021-02-16 00:00:00,insert
636,467,Susan Wiggins,bagas31@example.net,Female,1984-12-29,32,Silver,False,2025-08-21 00:00:00,update
637,468,R. Qori Oktaviani,kimberlykline@example.org,Female,2000-07-13,7,Silver,True,2021-06-15 00:00:00,insert
638,469,Veronica Reyes,dirjasirait@example.com,Female,1999-04-01,30,New,True,2021-12-17 00:00:00,insert
639,469,Veronica Reyes,dirjasirait@example.com,Female,1999-04-01,30,Regular,False,2023-09-21 00:00:00,update
640,470,"Vicky Saragih, S.Sos",baktiadimulyani@example.net,Male,2000-06-15,33,New,True,2021-10-21 00:00:00,insert
641,471,Yunita Laksmiwati,edipratama@example.org,Female,1975-11-18,6,Regular,True,2021-03-10 00:00:00,insert
642,472,Eli Mardhiyah,joannabush@example.com,Male,1993-07-27,8,Regular,True,2020-11-29 00:00:00,insert
643,473,Nicholas Lewis,hwatson@example.org,Female,1998-02-23,1,Silver,True,2021-11-03 00:00:00,insert
644,474,Tony Bates,mandalalukita@example.org,Female,1981-08-26,5,Gold,False,2021-01-14 00:00:00,insert
645,475,Brianna Nelson,eko86@example.com,Female,1961-03-01,11,Silver,True,2021-09-05 00:00:00,insert
646,476,Ir. Jelita Hastuti,prayogalaswi@example.net,Female,1959-06-05,11,New,False,2021-03-21 00:00:00,insert
647,477,Betania Putra,porterdeborah@example.net,Male,1984-05-23,11,Silver,True,2021-12-16 00:00:00,insert
648,478,Renee Thomas,mckinneymanuel@example.net,Female,1955-10-04,34,Silver,False,2020-11-07 00:00:00,insert
649,479,Randy Norris,bgarcia@example.com,Female,2003-09-29,28,Regular,True,2021-10-30 00:00:00,insert
650,479,Randy Norris,bgarcia@example.com,Female,2003-09-29,28,Platinum,True,2023-03-31 00:00:00,update
651,480,Dagel Rahimah,siregarkairav@example.org,Female,2001-04-11,9,Regular,True,2021-09-05 00:00:00,insert
652,480,Dagel Rahimah,siregarkairav@example.org,Female,2001-04-11,7,New,True,2023-09-03 00:00:00,update
653,481,Samantha Snyder,hutasoitbagas@example.net,Male,2005-05-15,7,New,True,2021-11-09 00:00:00,insert
654,482,Paris Damanik,situmorangdadi@example.org,Female,1963-10-16,16,Silver,True,2021-03-06 00:00:00,insert
655,483,Kenneth Wilkins,edwardsdaniel@example.com,Female,1961-10-14,8,New,True,2021-04-22 00:00:00,insert
656,484,"drg. Jasmin Ardianto, S.T.",kimdamon@example.org,Female,2000-08-31,5,New,True,2020-11-28 00:00:00,insert
657,485,Dr. Hasim Nababan,derricksmith@example.org,Male,1965-12-10,11,Regular,True,2020-11-03 00:00:00,insert
658,486,dr. Rahayu Rahmawati,jennifer52@example.net,Male,1964-04-16,22,Regular,False,2021-10-01 00:00:00,insert
659,486,dr. Rahayu Rahmawati,jennifer52@example.net,Male,1964-04-16,22,Regular,True,2022-05-21 00:00:00,update
660,487,H. Lasmanto Laksita,alexandersmith@example.org,Male,1982-07-15,6,Silver,False,2021-07-05 00:00:00,insert
661,488,Patricia Williams,gconner@example.net,Male,2001-12-07,24,Regular,True,2021-08-03 00:00:00,insert
662,489,Calvin Tucker,lananganggriawan@example.com,Female,1999-05-11,10,Regular,True,2021-01-30 00:00:00,insert
663,490,Anthony Roman,brittany23@example.org,Male,1999-08-03,16,Silver,True,2020-10-08 00:00:00,insert
664,491,Mitchell Brooks,lmangunsong@example.net,Female,2001-06-29,32,New,False,2021-12-27 00:00:00,insert
665,492,Joseph Henry,hayala@example.com,Male,1959-08-27,8,Silver,True,2021-09-07 00:00:00,insert
666,493,Vero Budiman,waluyo93@example.com,Male,1970-02-16,16,New,False,2021-04-05 00:00:00,insert
667,493,Vero Budiman,waluyo93@example.com,Male,1970-02-16,1,New,True,2023-02-06 00:00:00,update
668,494,Caleb Robbins,kusumohasna@example.com,Female,1956-06-01,26,New,True,2021-05-10 00:00:00,insert
669,494,Caleb Robbins,kusumohasna@example.com,Female,1956-06-01,12,Regular,True,2023-04-30 00:00:00,update
670,495,Julie Castillo,rachel39@example.com,Male,1984-02-15,16,Regular,True,2021-07-20 00:00:00,insert
671,496,Kerri Mayer,spencertiffany@example.com,Male,1983-09-27,15,Silver,True,2021-10-22 00:00:00,insert
672,497,Yessi Sihombing,stewartryan@example.com,Female,2003-12-09,20,New,True,2021-10-13 00:00:00,insert
673,498,"Dr. Carub Maryati, M.M.",guerraalbert@example.net,Female,2006-10-15,5,Regular,True,2021-12-07 00:00:00,insert
674,498,"Dr. Carub Maryati, M.M.",guerraalbert@example.net,Female,2006-10-15,5,Regular,True,2023-03-16 00:00:00,update
675,499,Stephen Luna,lasmantopermata@example.net,Male,1996-02-29,16,Regular,True,2020-12-01 00:00:00,insert
676,500,Tania Rahayu,paris97@example.org,Female,1972-03-30,24,Regular,False,2021-02-04 00:00:00,insert
677,500,Tania Rahayu,paris97@example.org,Female,1972-03-30,24,Regular,True,2025-11-22 00:00:00,update
678,501,Victor Stewart,nainggolanpanca@example.org,Male,2008-05-08,21,Regular,True,2021-05-03 00:00:00,insert
679,502,Purwadi Handayani,vickynarpati@example.net,Male,1996-04-02,9,Regular,False,2021-01-15 00:00:00,insert
680,502,Purwadi Handayani,vickynarpati@example.net,Male,1996-04-02,27,Gold,True,2023-08-19 00:00:00,update
681,503,Larry Conley,hessrichard@example.com,Male,1993-10-14,6,Regular,True,2021-12-01 00:00:00,insert
682,504,Ir. Intan Habibi,brownconnie@example.net,Male,1988-02-27,17,Regular,False,2020-09-08 00:00:00,insert
683,505,Dt. Umay Sudiati,yuniarpurwadi@example.net,Female,1963-07-04,9,New,True,2021-05-10 00:00:00,insert
684,506,Brian Miller,ysusanti@example.org,Male,1979-09-08,20,New,True,2020-09-02 00:00:00,insert
685,507,"Cinta Haryanto, M.Farm",ejones@example.net,Female,2004-08-02,26,Regular,True,2021-10-25 00:00:00,insert
686,507,"Cinta Haryanto, M.Farm",ejones@example.net,Female,2004-08-02,24,Gold,True,2025-10-20 00:00:00,update
687,508,Amanda Davis,nixonjeffery@example.net,Female,2004-10-12,21,Regular,True,2021-09-06 00:00:00,insert
688,508,Amanda Davis,nixonjeffery@example.net,Female,2004-10-12,26,Regular,True,2025-01-06 00:00:00,update
689,509,Robert Baker,ramosashley@example.net,Male,1973-05-09,16,New,True,2021-07-07 00:00:00,insert
690,510,Prasetyo Hidayanto,banawiyulianti@example.net,Male,1963-09-25,6,Silver,True,2020-12-01 00:00:00,insert
691,511,Jason Mann,fernandobailey@example.org,Female,1999-12-24,7,New,True,2021-08-14 00:00:00,insert
692,512,Philip Luna,mulyanto61@example.org,Male,1972-02-07,11,Regular,True,2021-01-17 00:00:00,insert
693,513,Jennifer Giles,harrellmitchell@example.org,Female,1998-02-18,13,New,True,2021-05-02 00:00:00,insert
694,513,Jennifer Giles,harrellmitchell@example.org,Female,1998-02-18,13,New,True,2025-07-13 00:00:00,update
695,514,Uda Widodo,juliehamilton@example.net,Female,1988-03-05,26,New,True,2020-12-16 00:00:00,insert
696,514,Uda Widodo,juliehamilton@example.net,Female,1988-03-05,22,Silver,True,2025-02-05 00:00:00,update
697,515,"Cut Wani Ardianto, S.Sos",cakrajiya20@example.net,Male,1967-06-07,11,New,False,2021-09-29 00:00:00,insert
698,516,Maryadi Firmansyah,riyantinajwa@example.net,Female,1987-09-22,33,New,True,2021-08-24 00:00:00,insert
699,517,Brandon Zhang,mustofanatsir@example.org,Female,1991-08-19,27,Platinum,True,2020-11-08 00:00:00,insert
700,517,Brandon Zhang,mustofanatsir@example.org,Female,1991-08-19,22,Regular,True,2024-12-07 00:00:00,update
701,518,Jarwadi Padmasari,qsuryatmi@example.org,Female,1956-08-29,28,Silver,False,2021-07-26 00:00:00,insert
702,518,Jarwadi Padmasari,qsuryatmi@example.org,Female,1956-08-29,18,New,False,2024-05-10 00:00:00,update
703,519,"Hj. Lintang Utami, S.Kom",moorejennifer@example.org,Female,1971-09-13,14,Gold,True,2020-10-12 00:00:00,insert
704,520,Belinda Simbolon,josephmiranda@example.com,Female,1956-04-14,16,New,True,2020-09-07 00:00:00,insert
705,521,Gaiman Mardhiyah,melaniediaz@example.com,Male,1997-03-20,26,Regular,True,2020-10-16 00:00:00,insert
706,522,Teresa Porter,lawrence88@example.org,Male,1989-10-14,16,New,True,2021-11-15 00:00:00,insert
707,522,Teresa Porter,lawrence88@example.org,Male,1989-10-14,16,Silver,True,2025-04-17 00:00:00,update
708,523,Traci Mclaughlin,kasiran88@example.org,Female,1970-02-16,27,New,True,2021-08-23 00:00:00,insert
709,524,Clayton Doyle,ajohnson@example.net,Female,1962-12-15,1,New,True,2021-10-10 00:00:00,insert
710,525,Citra Maryati,kusmawatibalapati@example.net,Female,1979-05-26,8,Silver,True,2021-03-19 00:00:00,insert
711,526,Prayitna Melani,monica55@example.com,Male,1978-03-01,34,New,True,2021-12-02 00:00:00,insert
712,527,Kamila Saputra,reyesstacy@example.net,Male,1959-04-28,1,Silver,True,2021-06-04 00:00:00,insert
713,528,Brenda Waller,herbertbennett@example.net,Male,1956-09-02,29,Gold,True,2021-06-12 00:00:00,insert
714,528,Brenda Waller,herbertbennett@example.net,Male,1956-09-02,29,Gold,False,2022-10-30 00:00:00,update
715,529,Dalima Mardhiyah,erin41@example.com,Male,1985-03-23,10,New,True,2021-07-03 00:00:00,insert
716,529,Dalima Mardhiyah,erin41@example.com,Male,1985-03-23,34,Silver,True,2022-02-13 00:00:00,update
717,530,Christina Olson,charles19@example.com,Female,2005-03-13,22,Regular,True,2021-10-07 00:00:00,insert
718,530,Christina Olson,charles19@example.com,Female,2005-03-13,22,Regular,True,2023-06-25 00:00:00,update
719,531,Darrell Peters,dmaheswara@example.com,Female,1980-02-25,6,Silver,True,2021-01-12 00:00:00,insert
720,531,Darrell Peters,dmaheswara@example.com,Female,1980-02-25,6,Regular,True,2025-01-26 00:00:00,update
721,532,Andrew Bradley,bakiadiwinarsih@example.com,Female,1974-07-29,32,Regular,True,2021-06-12 00:00:00,insert
722,532,Andrew Bradley,bakiadiwinarsih@example.com,Female,1974-07-29,32,Regular,True,2024-07-15 00:00:00,update
723,533,Icha Agustina,greyes@example.com,Male,1992-11-11,15,Platinum,True,2021-05-15 00:00:00,insert
724,533,Icha Agustina,greyes@example.com,Male,1992-11-11,17,Silver,True,2022-12-05 00:00:00,update
725,534,Wendy Martin,kanihariyah@example.com,Male,1992-08-05,6,Silver,True,2020-09-25 00:00:00,insert
726,535,R. Jagapati Firmansyah,usmansantoso@example.net,Male,1998-11-15,1,Regular,True,2021-08-31 00:00:00,insert
727,536,Wendy Cameron,waskitakayun@example.net,Male,1997-11-28,8,New,True,2021-11-27 00:00:00,insert
728,537,Fernando Owen,arthurfarrell@example.net,Female,1955-11-12,1,New,True,2020-12-01 00:00:00,insert
729,537,Fernando Owen,arthurfarrell@example.net,Female,1955-11-12,15,New,True,2022-02-06 00:00:00,update
730,538,Amanda Smith,martanisudiati@example.org,Female,1958-05-26,4,New,False,2020-12-07 00:00:00,insert
731,539,Clayton Kim DDS,tantri79@example.org,Female,1979-09-12,26,New,True,2021-10-23 00:00:00,insert
732,539,Clayton Kim DDS,tantri79@example.org,Female,1979-09-12,26,New,True,2024-02-02 00:00:00,update
733,540,Luwes Prasetya,gina05@example.org,Female,1971-03-23,1,Regular,True,2021-09-08 00:00:00,insert
734,541,Michael Huff,stephen99@example.org,Female,1965-10-23,12,Regular,True,2021-05-18 00:00:00,insert
735,542,Amber Bender,wastutihesti@example.org,Female,1988-07-22,7,New,True,2020-10-08 00:00:00,insert
736,543,Belinda Henderson,rwilson@example.net,Female,1978-09-01,1,New,True,2021-03-26 00:00:00,insert
737,543,Belinda Henderson,rwilson@example.net,Female,1978-09-01,16,New,True,2022-04-08 00:00:00,update
738,544,Tammy Carpenter,tampubolonheru@example.com,Male,1959-07-08,6,New,False,2021-04-27 00:00:00,insert
739,545,William Williams,nugrohokarimah@example.org,Male,1993-05-23,4,New,False,2021-10-02 00:00:00,insert
740,545,William Williams,nugrohokarimah@example.org,Male,1993-05-23,2,Platinum,True,2025-02-15 00:00:00,update
741,546,Yuliana Prayoga,dacinrahimah@example.com,Male,1988-03-05,26,Regular,True,2021-06-30 00:00:00,insert
742,547,Wirda Samosir,eli40@example.net,Female,1978-01-15,6,Regular,True,2021-02-15 00:00:00,insert
743,547,Wirda Samosir,eli40@example.net,Female,1978-01-15,14,Regular,True,2023-04-05 00:00:00,update
744,548,"drg. Paulin Widiastuti, S.I.Kom",joshua60@example.org,Male,1995-03-31,11,New,True,2021-03-26 00:00:00,insert
745,548,"drg. Paulin Widiastuti, S.I.Kom",joshua60@example.org,Male,1995-03-31,11,New,True,2022-05-21 00:00:00,update
746,548,"drg. Paulin Widiastuti, S.I.Kom",joshua60@example.org,Male,1995-03-31,2,Regular,True,2022-12-31 00:00:01,update
747,549,Holly Johnson,belinda40@example.com,Male,2004-10-18,15,New,True,2021-05-03 00:00:00,insert
748,550,Nurul Zulaika,aanderson@example.net,Female,1993-12-02,11,New,True,2021-11-15 00:00:00,insert
749,550,Nurul Zulaika,aanderson@example.net,Female,1993-12-02,13,New,False,2023-08-21 00:00:00,update
750,551,Yessi Santoso,obarber@example.com,Female,1998-09-07,4,Silver,True,2020-11-10 00:00:00,insert
751,552,Thomas Cooper,holtlisa@example.com,Male,2008-03-09,33,Regular,True,2021-10-29 00:00:00,insert
752,553,drg. Najwa Mandala,kawaya85@example.net,Female,1982-10-29,17,Silver,False,2021-10-07 00:00:00,insert
753,554,Murti Halimah,woodjillian@example.com,Female,2003-12-01,13,Regular,True,2021-04-27 00:00:00,insert
754,555,Sandra Chapman,gjohnson@example.com,Female,1983-03-07,22,Regular,True,2021-04-14 00:00:00,insert
755,555,Sandra Chapman,gjohnson@example.com,Female,1983-03-07,16,Regular,True,2025-03-15 00:00:00,update
756,556,Ian Bonilla,dalimindabukke@example.net,Female,2004-08-13,14,New,True,2020-09-06 00:00:00,insert
757,557,Cinthia Irawan,timothylarsen@example.net,Male,1989-11-21,13,New,False,2021-09-07 00:00:00,insert
758,557,Cinthia Irawan,timothylarsen@example.net,Male,1989-11-21,13,Gold,True,2023-02-07 00:00:00,update
759,558,Robert Smith,uwijayanti@example.org,Male,2007-03-31,31,Regular,True,2021-05-02 00:00:00,insert
760,559,"dr. Halim Riyanti, S.T.",john74@example.com,Male,1987-01-14,19,Silver,True,2021-07-05 00:00:00,insert
761,560,Jindra Siregar,qball@example.com,Male,1982-04-23,16,New,True,2021-08-21 00:00:00,insert
762,561,Megan Oneill,crystalthomas@example.org,Female,1994-05-23,4,New,True,2021-04-10 00:00:00,insert
763,562,"Galuh Yulianti, S.I.Kom",vherrera@example.net,Female,1956-03-27,16,New,True,2020-09-27 00:00:00,insert
764,563,Nicole Gaines,yuniarwulan@example.net,Male,1966-08-31,8,Regular,True,2021-09-14 00:00:00,insert
765,564,Ivan Nugroho,hugheskatrina@example.com,Female,2002-11-01,11,New,True,2021-08-12 00:00:00,insert
766,564,Ivan Nugroho,hugheskatrina@example.com,Female,2002-11-01,18,New,True,2025-06-26 00:00:00,update
767,565,Nicholas Mckinney,ella76@example.org,Male,1997-12-28,30,Gold,True,2020-08-28 00:00:00,insert
768,566,Putri Mulyani,ghaliyatisudiati@example.net,Male,1992-10-11,30,Gold,True,2021-10-04 00:00:00,insert
769,566,Putri Mulyani,ghaliyatisudiati@example.net,Male,1992-10-11,10,Gold,True,2025-05-10 00:00:00,update
770,567,Ir. Putri Pertiwi,nrogers@example.com,Female,1966-05-15,20,Regular,False,2021-06-22 00:00:00,insert
771,567,Ir. Putri Pertiwi,nrogers@example.com,Female,1966-05-15,31,Silver,True,2023-05-16 00:00:00,update
772,568,Melanie Lutz,nzulaika@example.net,Female,1976-03-13,26,New,True,2021-01-09 00:00:00,insert
773,569,Shannon Edwards,dinajailani@example.org,Male,1967-01-09,24,New,True,2021-12-05 00:00:00,insert
774,570,"Dt. Dodo Latupono, S.T.",halimhasan@example.com,Male,1979-08-25,6,New,True,2021-02-02 00:00:00,insert
775,571,Budi Suwarno,karmanababan@example.com,Female,1959-05-10,20,New,False,2021-01-31 00:00:00,insert
776,572,Lasmanto Riyanti,tiffany31@example.org,Female,1991-12-30,8,New,False,2020-10-04 00:00:00,insert
777,573,Deborah Stanley,penny14@example.net,Female,1958-11-25,18,New,False,2021-04-08 00:00:00,insert
778,574,Jamie Garza,jameskim@example.com,Male,1977-04-25,11,New,True,2020-10-14 00:00:00,insert
779,574,Jamie Garza,jameskim@example.com,Male,1977-04-25,23,Gold,True,2025-01-08 00:00:00,update
780,575,Scott Perez,bryan97@example.org,Male,2001-03-01,6,Regular,False,2021-10-03 00:00:00,insert
781,576,Jacob Bell,bsanchez@example.org,Male,2005-03-15,13,Regular,True,2021-02-08 00:00:00,insert
782,576,Jacob Bell,bsanchez@example.org,Male,2005-03-15,13,Regular,True,2023-01-29 00:00:00,update
783,576,Jacob Bell,bsanchez@example.org,Male,2005-03-15,33,Silver,False,2024-05-01 00:00:01,update
784,577,Jeffrey Blake,banara71@example.com,Male,1982-09-29,5,Regular,True,2021-03-11 00:00:00,insert
785,577,Jeffrey Blake,banara71@example.com,Male,1982-09-29,13,Gold,True,2023-11-22 00:00:00,update
786,578,Donna Cook,csafitri@example.net,Male,1969-01-18,32,New,True,2021-04-11 00:00:00,insert
787,578,Donna Cook,csafitri@example.net,Male,1969-01-18,12,Platinum,True,2024-04-14 00:00:00,update
788,579,Jordan Hahn,gmurray@example.org,Male,1966-11-06,11,Silver,True,2021-04-15 00:00:00,insert
789,580,Latika Kusmawati,mustofakanda@example.net,Female,1983-05-25,1,Silver,True,2021-04-14 00:00:00,insert
790,580,Latika Kusmawati,mustofakanda@example.net,Female,1983-05-25,1,Silver,True,2023-06-06 00:00:00,update
791,581,Mursita Narpati,opungzulaika@example.net,Male,1989-11-15,25,Regular,False,2021-10-21 00:00:00,insert
792,582,Sabrina Nurdiyanti,lauraewing@example.net,Male,1978-08-14,34,Silver,True,2020-12-13 00:00:00,insert
793,583,Kenneth Cooke,kathy63@example.org,Male,1967-08-13,21,Regular,True,2021-08-16 00:00:00,insert
794,584,"Elma Widodo, M.Kom.",ian17@example.net,Male,1965-01-20,16,Regular,True,2020-08-30 00:00:00,insert
795,585,Nicholas Sullivan,bala77@example.com,Female,1959-01-05,6,Regular,True,2021-03-22 00:00:00,insert
796,586,Eka Nasyidah,yoga50@example.com,Female,1980-04-08,16,Gold,False,2021-02-27 00:00:00,insert
797,586,Eka Nasyidah,yoga50@example.com,Female,1980-04-08,16,Silver,False,2022-07-11 00:00:00,update
798,587,Lisa Williams,habibiparis@example.com,Female,1970-06-27,18,Regular,False,2020-11-15 00:00:00,insert
799,587,Lisa Williams,habibiparis@example.com,Female,1970-06-27,31,Gold,True,2025-02-28 00:00:00,update
800,588,"Dr. Labuh Samosir, S.I.Kom",nthompson@example.org,Female,1977-07-22,33,New,True,2021-09-13 00:00:00,insert
801,589,Rafi Lazuardi,emas70@example.com,Female,1970-09-14,16,Silver,True,2021-12-31 00:00:00,insert
802,590,Jasmin Rahimah,bmaheswara@example.net,Male,1989-08-26,1,New,True,2021-08-10 00:00:00,insert
803,591,Darman Kuswandari,yuliantishania@example.org,Female,1964-06-19,10,Regular,True,2021-08-19 00:00:00,insert
805,591,Darman Kuswandari,yuliantishania@example.org,Female,1964-06-19,10,Regular,True,2025-04-15 00:00:01,update
804,591,Darman Kuswandari,yuliantishania@example.org,Female,1964-06-19,10,Regular,False,2025-10-27 00:00:00,update
806,592,Matthew Johnson,jamesandersen@example.com,Female,1971-07-01,11,Regular,True,2021-05-03 00:00:00,insert
807,593,Caitlin Reyes,randyortega@example.com,Female,1987-05-19,11,New,True,2021-09-15 00:00:00,insert
808,593,Caitlin Reyes,randyortega@example.com,Female,1987-05-19,4,Regular,True,2023-01-10 00:00:00,update
809,594,Hadi Rajata,jeremiahwise@example.org,Female,1956-05-27,16,Regular,True,2021-09-19 00:00:00,insert
810,594,Hadi Rajata,jeremiahwise@example.org,Female,1956-05-27,16,Gold,False,2022-05-03 00:00:00,update
811,595,dr. Zulaikha Utama,ptyler@example.net,Male,1980-12-15,18,New,True,2021-07-06 00:00:00,insert
813,595,dr. Zulaikha Utama,ptyler@example.net,Male,1980-12-15,15,Regular,True,2023-07-29 00:00:01,update
812,595,dr. Zulaikha Utama,ptyler@example.net,Male,1980-12-15,18,New,True,2025-01-02 00:00:00,update
814,596,Violet Winarsih,brad80@example.org,Male,1960-10-18,21,New,True,2021-11-21 00:00:00,insert
815,596,Violet Winarsih,brad80@example.org,Male,1960-10-18,2,Silver,True,2023-05-18 00:00:00,update
816,597,Matthew Livingston,welchterri@example.org,Female,1990-04-07,11,Regular,True,2021-08-13 00:00:00,insert
817,598,Kenes Kurniawan,daniel29@example.org,Male,1997-05-31,11,Regular,True,2021-10-14 00:00:00,insert
818,599,"Tgk. Ophelia Hutasoit, M.Pd",utama90@example.com,Male,1966-04-03,28,New,False,2021-12-22 00:00:00,insert
819,600,Umi Marbun,kasim08@example.net,Male,1966-06-01,4,New,False,2021-01-28 00:00:00,insert
820,600,Umi Marbun,kasim08@example.net,Male,1966-06-01,27,New,True,2024-10-23 00:00:00,update
821,601,Mujur Uyainah,sheri25@example.net,Male,1997-07-28,6,Silver,True,2021-12-15 00:00:00,insert
822,601,Mujur Uyainah,sheri25@example.net,Male,1997-07-28,14,Silver,True,2023-10-18 00:00:00,update
823,602,Sabri Anggraini,elmasuryono@example.com,Male,1965-09-03,4,New,True,2021-08-22 00:00:00,insert
824,603,Mackenzie Nelson,trevor54@example.com,Female,1957-01-19,6,New,True,2021-06-21 00:00:00,insert
825,604,"Ir. Raina Adriansyah, S.H.",gonzalezmike@example.org,Male,1993-08-13,9,New,True,2021-01-25 00:00:00,insert
826,605,Paige Ross,empluk70@example.com,Female,1989-09-08,11,Regular,False,2021-07-26 00:00:00,insert
827,606,Norma Hayes,dhall@example.com,Female,1978-06-25,11,New,True,2021-05-21 00:00:00,insert
828,607,Febi Melani,primarahimah@example.org,Female,2004-08-08,22,Silver,True,2021-04-14 00:00:00,insert
829,608,Stephen Vincent,douglasvanessa@example.net,Female,1959-04-26,11,New,True,2020-08-30 00:00:00,insert
830,609,Daisy Ramirez,shelby93@example.net,Female,2001-06-13,11,Gold,False,2020-12-22 00:00:00,insert
831,610,Katie Walker,rendy03@example.com,Female,2000-05-18,21,Silver,False,2021-09-09 00:00:00,insert
832,610,Katie Walker,rendy03@example.com,Female,2000-05-18,21,Silver,False,2025-04-10 00:00:00,update
833,611,Kayla Davis,kellie73@example.com,Female,1980-06-22,11,Regular,False,2021-05-09 00:00:00,insert
834,612,Unggul Sudiati,nasyidahgamblang@example.net,Male,1977-12-07,1,New,True,2021-03-11 00:00:00,insert
835,613,Elizabeth Sanchez,deanna87@example.org,Male,1960-01-22,24,Regular,True,2021-04-30 00:00:00,insert
836,614,"Kamila Nugroho, S.Gz",utaylor@example.com,Female,1993-07-26,6,New,True,2021-12-10 00:00:00,insert
837,615,Eric Bates,gonzalezkelly@example.net,Male,1991-12-29,21,New,True,2020-10-30 00:00:00,insert
838,616,Ana Brown,wrightcolleen@example.net,Male,1987-01-17,25,New,True,2020-10-31 00:00:00,insert
839,617,Denise Wright,ngonzalez@example.net,Female,1993-04-26,18,Regular,True,2021-03-02 00:00:00,insert
840,617,Denise Wright,ngonzalez@example.net,Female,1993-04-26,18,Silver,True,2025-10-30 00:00:00,update
841,618,"Maras Hutapea, S.I.Kom",felicia32@example.net,Male,1972-06-16,23,New,True,2021-08-14 00:00:00,insert
842,619,Luwar Zulaika,ashley22@example.org,Female,1995-03-26,19,Silver,True,2020-08-27 00:00:00,insert
843,620,Ryan Holt,fzulkarnain@example.org,Female,1960-06-21,9,New,True,2021-04-25 00:00:00,insert
844,620,Ryan Holt,fzulkarnain@example.org,Female,1960-06-21,11,New,True,2024-12-16 00:00:00,update
845,621,Tira Hidayanto,hendra36@example.net,Male,1982-11-22,34,New,True,2020-11-14 00:00:00,insert
846,622,Caroline Riley,gara77@example.com,Female,1973-12-13,6,New,True,2021-06-27 00:00:00,insert
847,622,Caroline Riley,gara77@example.com,Female,1973-12-13,6,New,False,2022-07-16 00:00:00,update
848,623,Ashley Gonzalez,tylertorres@example.org,Female,1989-05-24,18,Gold,False,2021-03-28 00:00:00,insert
849,624,"Febi Kuswandari, M.TI.",situmoranglalita@example.com,Male,1973-09-14,31,New,False,2021-06-24 00:00:00,insert
850,625,"Edi Yolanda, S.H.",vbyrd@example.org,Female,2003-07-10,14,Regular,False,2021-09-04 00:00:00,insert
851,626,"Tgk. Diana Wacana, S.E.",harimurti38@example.com,Female,1976-01-31,9,New,True,2021-01-13 00:00:00,insert
852,626,"Tgk. Diana Wacana, S.E.",harimurti38@example.com,Female,1976-01-31,9,Regular,True,2023-04-01 00:00:00,update
853,627,Joseph Orozco,danu86@example.org,Female,1998-03-28,8,New,True,2021-03-27 00:00:00,insert
854,627,Joseph Orozco,danu86@example.org,Female,1998-03-28,8,Gold,False,2025-01-13 00:00:00,update
855,628,Colin Williams,dpradipta@example.com,Male,1996-01-12,29,Regular,True,2021-02-12 00:00:00,insert
856,628,Colin Williams,dpradipta@example.com,Male,1996-01-12,29,Gold,True,2025-04-03 00:00:00,update
857,629,Mila Salahudin,leonardkirk@example.com,Female,1958-09-04,10,Silver,True,2021-06-21 00:00:00,insert
858,629,Mila Salahudin,leonardkirk@example.com,Female,1958-09-04,11,Silver,True,2022-06-06 00:00:00,update
859,630,Tgk. Ibrahim Pradana,xsudiati@example.net,Female,1997-04-10,27,Gold,False,2021-04-30 00:00:00,insert
860,631,Joshua Gutierrez,npayne@example.net,Male,1974-07-24,20,New,True,2021-05-28 00:00:00,insert
861,632,Prasetya Nasyiah,hari78@example.com,Male,1980-11-28,20,Silver,True,2021-06-05 00:00:00,insert
862,633,"Cawisadi Adriansyah, S.Gz",kiandrapratiwi@example.org,Female,1973-07-27,1,Silver,True,2020-10-24 00:00:00,insert
863,633,"Cawisadi Adriansyah, S.Gz",kiandrapratiwi@example.org,Female,1973-07-27,1,Silver,False,2022-06-10 00:00:00,update
864,633,"Cawisadi Adriansyah, S.Gz",kiandrapratiwi@example.org,Female,1973-07-27,12,Silver,True,2025-10-12 00:00:01,update
865,634,John Powell,whitakerjoel@example.org,Male,1970-11-03,27,New,False,2020-12-13 00:00:00,insert
866,635,Austin Espinoza,rachel03@example.net,Male,1974-01-29,11,New,True,2020-10-11 00:00:00,insert
867,636,Umay Gunarto,nathan22@example.net,Female,2004-10-22,11,New,True,2021-09-26 00:00:00,insert
868,637,Stephanie Arnold,sstafford@example.net,Male,1965-03-09,22,Regular,False,2021-07-12 00:00:00,insert
869,637,Stephanie Arnold,sstafford@example.net,Male,1965-03-09,26,Silver,False,2024-08-15 00:00:00,update
870,638,Victoria Manullang,plong@example.org,Male,1983-04-16,1,New,True,2020-10-07 00:00:00,insert
871,639,Dina Santoso,firmansyahhana@example.net,Male,1980-09-09,11,New,False,2020-09-07 00:00:00,insert
872,639,Dina Santoso,firmansyahhana@example.net,Male,1980-09-09,11,Regular,True,2023-05-10 00:00:00,update
873,640,Marsudi Samosir,bruce92@example.org,Male,1994-11-12,6,New,True,2021-08-19 00:00:00,insert
874,641,Corey Ortiz,dcaldwell@example.org,Female,1982-10-30,16,New,True,2021-01-14 00:00:00,insert
875,642,Kayla Permadi,budiyantosyahrini@example.net,Female,1990-10-06,16,Platinum,True,2021-09-13 00:00:00,insert
876,643,Gary Wells,galih25@example.com,Female,2002-02-06,2,New,True,2021-08-31 00:00:00,insert
877,643,Gary Wells,galih25@example.com,Female,2002-02-06,2,New,True,2025-08-20 00:00:00,update
878,644,April Smith,mark12@example.org,Female,1998-04-08,3,New,True,2021-05-02 00:00:00,insert
879,644,April Smith,mark12@example.org,Female,1998-04-08,23,New,True,2025-10-04 00:00:00,update
880,645,Ade Prasetya,usyi71@example.org,Female,1983-07-10,16,New,True,2020-10-10 00:00:00,insert
881,646,"Edward Haryanto, S.I.Kom",novitasarisalsabila@example.org,Male,2002-08-02,16,Regular,True,2021-01-29 00:00:00,insert
882,646,"Edward Haryanto, S.I.Kom",novitasarisalsabila@example.org,Male,2002-08-02,7,Regular,True,2022-04-17 00:00:00,update
883,647,Ann Smith,amahendra@example.net,Female,2001-05-06,1,New,False,2021-01-27 00:00:00,insert
884,647,Ann Smith,amahendra@example.net,Female,2001-05-06,26,Regular,True,2024-08-04 00:00:00,update
885,648,Jarwi Uwais,snainggolan@example.net,Male,1965-08-15,6,New,True,2020-09-17 00:00:00,insert
886,649,"R. Nasab Hidayanto, S.T.",fathonah71@example.org,Male,1990-06-05,26,New,False,2021-07-28 00:00:00,insert
887,649,"R. Nasab Hidayanto, S.T.",fathonah71@example.org,Male,1990-06-05,15,New,False,2023-02-05 00:00:00,update
888,650,Tamara Thompson,febi56@example.com,Female,1978-08-10,1,New,True,2021-05-05 00:00:00,insert
889,651,Melissa Cortez,sharonvazquez@example.com,Male,1968-12-17,17,New,False,2021-01-16 00:00:00,insert
890,652,Sharon Schmidt,rebeccamathews@example.org,Male,1957-03-09,6,Silver,True,2021-12-28 00:00:00,insert
891,652,Sharon Schmidt,rebeccamathews@example.org,Male,1957-03-09,6,Silver,True,2024-10-03 00:00:00,update
892,653,Katie Reyes,erinmiller@example.com,Male,2001-05-05,24,Regular,True,2021-06-29 00:00:00,insert
893,653,Katie Reyes,erinmiller@example.com,Male,2001-05-05,24,Regular,True,2024-08-27 00:00:00,update
894,654,Drs. Wisnu Winarsih,karman92@example.com,Male,1979-02-09,16,New,False,2020-09-30 00:00:00,insert
895,655,"drg. Kurnia Damanik, M.Farm",phillipcrane@example.com,Female,2002-11-24,1,Platinum,True,2021-05-28 00:00:00,insert
896,656,Eric Jordan,krajata@example.com,Male,2001-08-12,30,New,False,2021-02-28 00:00:00,insert
897,657,Angela Campos,cmaryadi@example.org,Female,1963-06-21,2,Regular,False,2021-02-05 00:00:00,insert
898,658,Daisy Cunningham,kamidin45@example.org,Male,1973-03-15,11,Regular,True,2020-10-15 00:00:00,insert
899,658,Daisy Cunningham,kamidin45@example.org,Male,1973-03-15,11,Regular,True,2024-08-18 00:00:00,update
900,659,Soleh Pratiwi,siregardasa@example.net,Female,1967-07-18,25,New,True,2021-10-19 00:00:00,insert
901,659,Soleh Pratiwi,siregardasa@example.net,Female,1967-07-18,21,New,False,2025-08-03 00:00:00,update
902,660,"Tgk. Karma Budiman, M.TI.",nanggraini@example.net,Male,1986-07-08,19,Gold,True,2021-01-19 00:00:00,insert
903,661,Talia Mahendra,yessi76@example.org,Female,1973-06-17,13,Gold,True,2021-10-27 00:00:00,insert
904,661,Talia Mahendra,yessi76@example.org,Female,1973-06-17,33,Silver,True,2025-03-09 00:00:00,update
905,662,"Farhunnisa Kuswoyo, S.Pd",iswahyudimursita@example.net,Female,1977-02-24,24,Regular,False,2021-06-10 00:00:00,insert
906,663,Vinsen Mahendra,sara55@example.net,Female,1955-07-21,22,New,True,2021-06-27 00:00:00,insert
907,664,drg. Suci Saefullah,dave47@example.org,Female,1970-03-10,16,New,True,2021-03-12 00:00:00,insert
908,665,Ifa Sitorus,puti86@example.net,Female,1991-01-09,1,New,True,2021-07-29 00:00:00,insert
909,666,"dr. Gilda Habibi, M.Pd",gmiller@example.net,Female,1982-02-26,3,Gold,False,2021-03-11 00:00:00,insert
910,667,Najib Hakim,ewilliams@example.net,Male,1968-01-26,9,Regular,False,2021-11-18 00:00:00,insert
911,668,Halima Purnawati,charlesking@example.org,Male,1973-04-28,16,Regular,True,2020-10-20 00:00:00,insert
912,669,"Tgk. Hana Prabowo, S.Psi",qknapp@example.org,Male,1988-02-16,27,New,False,2021-03-15 00:00:00,insert
913,669,"Tgk. Hana Prabowo, S.Psi",qknapp@example.org,Male,1988-02-16,21,New,True,2023-07-28 00:00:00,update
914,670,Cameron Peck,zachary06@example.net,Female,1985-08-08,30,Silver,True,2021-03-06 00:00:00,insert
915,670,Cameron Peck,zachary06@example.net,Female,1985-08-08,14,Silver,True,2025-01-14 00:00:00,update
916,671,"Bakiadi Situmorang, S.Kom",bakiadihassanah@example.org,Female,1976-06-06,27,Silver,False,2021-11-30 00:00:00,insert
917,672,Usyi Suwarno,joneswhitney@example.org,Female,1969-02-03,16,New,True,2020-08-29 00:00:00,insert
918,672,Usyi Suwarno,joneswhitney@example.org,Female,1969-02-03,27,Silver,True,2022-11-18 00:00:00,update
919,673,Lili Wibisono,philliplevy@example.net,Male,1998-07-19,16,New,True,2021-10-08 00:00:00,insert
920,674,Michael Harvey,ramirezkathy@example.net,Male,1999-11-27,11,New,False,2021-08-06 00:00:00,insert
921,674,Michael Harvey,ramirezkathy@example.net,Male,1999-11-27,1,New,True,2024-03-01 00:00:00,update
922,675,Joseph Ramirez,dblair@example.com,Male,1996-04-30,6,New,False,2020-11-14 00:00:00,insert
923,676,Christopher Ramirez,harjadamanik@example.net,Female,1972-03-12,15,Gold,False,2021-03-20 00:00:00,insert
924,677,John Oliver,davisjames@example.com,Female,1983-09-28,7,Regular,True,2021-02-20 00:00:00,insert
925,678,Nasim Anggriawan,jennifer22@example.net,Male,1998-12-15,9,Regular,True,2021-08-15 00:00:00,insert
926,679,Christopher Baxter,namagagalang@example.com,Male,2000-09-30,1,New,True,2020-08-23 00:00:00,insert
927,679,Christopher Baxter,namagagalang@example.com,Male,2000-09-30,11,New,True,2025-07-04 00:00:00,update
928,680,R. Asmuni Lazuardi,robinsonangela@example.com,Female,1967-08-17,29,Silver,True,2021-11-21 00:00:00,insert
929,681,Hj. Paramita Nurdiyanti,zachary67@example.org,Female,1974-10-14,22,New,False,2021-05-15 00:00:00,insert
930,682,"Tgk. Jagapati Tampubolon, S.E.",oktavianihasta@example.org,Male,1977-03-11,21,Regular,True,2021-04-20 00:00:00,insert
931,683,Ashley Herring,icha71@example.net,Male,1988-12-24,25,New,True,2020-11-14 00:00:00,insert
932,684,Harold Brown,whitealejandro@example.org,Male,1956-08-02,8,New,True,2021-06-14 00:00:00,insert
933,685,Leslie Cummings,salasjulie@example.org,Male,1980-05-21,14,Regular,False,2021-03-09 00:00:00,insert
934,686,"Bakda Siregar, S.Pt",reyessean@example.net,Female,1970-06-24,1,Gold,True,2021-07-04 00:00:00,insert
935,686,"Bakda Siregar, S.Pt",reyessean@example.net,Female,1970-06-24,34,Silver,True,2022-06-20 00:00:00,update
936,687,Gary Johnson,lauragonzalez@example.net,Male,1960-06-07,3,Regular,False,2020-11-27 00:00:00,insert
937,688,Darren Perez,bethmitchell@example.org,Female,2001-09-25,26,Silver,True,2021-11-18 00:00:00,insert
938,689,Emas Hariyah,floresrobin@example.org,Female,1981-06-15,1,New,True,2020-09-05 00:00:00,insert
939,690,Stephanie Brown,ysantoso@example.net,Female,1998-12-31,15,Regular,True,2020-12-02 00:00:00,insert
940,690,Stephanie Brown,ysantoso@example.net,Female,1998-12-31,25,Regular,False,2023-11-05 00:00:00,update
941,691,Taufik Puspita,michaeldickerson@example.net,Male,1967-09-18,1,Regular,True,2020-10-13 00:00:00,insert
942,691,Taufik Puspita,michaeldickerson@example.net,Male,1967-09-18,29,Regular,True,2024-05-06 00:00:00,update
943,692,dr. Ifa Pratama,jonesnatalie@example.org,Male,1978-07-13,28,Gold,True,2021-05-31 00:00:00,insert
944,693,Scott Obrien,tugiman84@example.net,Female,2004-04-14,25,New,True,2020-12-21 00:00:00,insert
945,693,Scott Obrien,tugiman84@example.net,Female,2004-04-14,25,New,False,2023-09-08 00:00:00,update
946,694,R.M. Lanang Hardiansyah,bagiya34@example.org,Female,1962-01-07,23,Regular,True,2021-03-16 00:00:00,insert
947,695,Andrea Perkins,hutagalunglanjar@example.com,Male,1967-05-07,11,New,True,2021-03-01 00:00:00,insert
948,696,Chloe Stevens,pratamabakiman@example.net,Female,2001-08-25,18,New,True,2021-09-21 00:00:00,insert
949,697,Ira Putra,balijantamba@example.org,Male,1965-11-28,19,New,True,2020-11-02 00:00:00,insert
950,698,Puput Nurdiyanti,jmelton@example.net,Male,1971-10-18,16,New,True,2021-11-27 00:00:00,insert
951,699,Benjamin Mcpherson,andrianidina@example.net,Male,1991-07-02,6,Regular,True,2021-10-24 00:00:00,insert
952,699,Benjamin Mcpherson,andrianidina@example.net,Male,1991-07-02,3,Regular,False,2024-05-24 00:00:00,update
953,700,Asmadi Prayoga,sfirgantoro@example.net,Female,1969-04-10,11,Silver,True,2021-03-28 00:00:00,insert
954,700,Asmadi Prayoga,sfirgantoro@example.net,Female,1969-04-10,26,Silver,True,2024-10-22 00:00:00,update
955,701,Eric Marshall,aaronbrock@example.net,Male,2004-12-27,18,Silver,False,2021-05-22 00:00:00,insert
956,702,"Tgk. Kamila Nurdiyanti, M.Kom.",bagas41@example.com,Male,1970-05-01,11,Silver,False,2021-12-07 00:00:00,insert
957,703,Prayogo Januar,vlane@example.com,Female,1987-09-24,23,New,True,2021-07-09 00:00:00,insert
958,704,Hafshah Saputra,cmansur@example.org,Female,1972-05-09,1,New,True,2021-07-21 00:00:00,insert
959,704,Hafshah Saputra,cmansur@example.org,Female,1972-05-09,1,New,True,2024-04-28 00:00:00,update
960,705,Galih Sirait,riverachristopher@example.org,Male,1985-08-10,9,Regular,True,2020-08-21 00:00:00,insert
961,706,"Hartaka Astuti, S.E.",zking@example.com,Male,1988-05-26,3,Silver,True,2021-08-24 00:00:00,insert
962,707,Wyatt Sanchez,among66@example.net,Female,1969-06-20,24,Gold,True,2021-10-16 00:00:00,insert
963,708,Kezia Halim,leah79@example.com,Female,1974-02-14,15,New,True,2020-10-03 00:00:00,insert
964,709,Faizah Wibisono,maheswarahasta@example.org,Female,2005-09-10,16,New,False,2020-12-29 00:00:00,insert
965,710,Jonathan Flores,amber14@example.net,Female,2008-01-26,27,Regular,False,2021-12-21 00:00:00,insert
966,711,Deborah Sanchez,stephanie75@example.org,Male,1990-10-09,5,Silver,True,2020-11-25 00:00:00,insert
967,712,Justin Gordon,rafid12@example.org,Male,1962-12-20,23,Regular,False,2021-02-17 00:00:00,insert
968,713,"Hesti Yolanda, M.TI.",harirajata@example.net,Male,1993-03-30,23,Regular,True,2020-09-14 00:00:00,insert
969,714,Cornelia Widiastuti,dgreen@example.org,Male,1981-08-26,1,Regular,True,2021-03-23 00:00:00,insert
970,715,Narji Gunawan,frank68@example.com,Male,1979-11-14,3,Silver,True,2021-10-31 00:00:00,insert
971,716,Jonathan Stevens,shakilamaheswara@example.com,Female,1981-06-01,7,New,True,2021-04-21 00:00:00,insert
972,717,Chad Vasquez,damartampubolon@example.net,Female,1957-09-11,25,Silver,True,2020-11-09 00:00:00,insert
973,718,Victoria Douglas,nkusmawati@example.net,Male,1979-01-13,6,New,True,2020-11-01 00:00:00,insert
974,719,Amanda Guerra,william99@example.net,Male,2001-11-19,6,Regular,False,2021-07-17 00:00:00,insert
975,719,Amanda Guerra,william99@example.net,Male,2001-11-19,4,Regular,True,2023-10-26 00:00:00,update
976,720,John Case,martana04@example.com,Male,1966-09-07,11,Silver,True,2021-12-21 00:00:00,insert
977,721,"H. Cemeti Halim, S.Sos",uandrews@example.org,Female,1991-04-27,31,New,True,2021-03-04 00:00:00,insert
978,722,"T. Dwi Pradana, S.T.",lazuardiclara@example.net,Male,1956-09-12,31,New,False,2020-11-18 00:00:00,insert
979,723,Joshua Merritt,jpertiwi@example.com,Female,1995-09-13,26,New,True,2021-01-29 00:00:00,insert
980,723,Joshua Merritt,jpertiwi@example.com,Female,1995-09-13,25,New,True,2025-03-08 00:00:00,update
981,724,Purwadi Setiawan,kasiran21@example.com,Female,1984-01-08,6,Regular,True,2021-02-20 00:00:00,insert
982,725,Kawaca Siregar,danielmontgomery@example.com,Male,1990-08-06,16,New,True,2020-12-02 00:00:00,insert
983,726,Caleb Osborne,cemanirahmawati@example.com,Female,1991-11-22,3,Silver,True,2021-07-16 00:00:00,insert
984,727,"Ir. Intan Hassanah, S.T.",zsitorus@example.net,Female,1996-05-28,1,Gold,False,2020-12-31 00:00:00,insert
985,727,"Ir. Intan Hassanah, S.T.",zsitorus@example.net,Female,1996-05-28,8,Gold,True,2022-02-24 00:00:00,update
986,728,Harjaya Prasasta,vrajasa@example.com,Female,1965-01-04,11,Regular,False,2021-05-27 00:00:00,insert
987,729,Kartika Dongoran,fsimanjuntak@example.com,Female,2000-11-11,1,Regular,True,2020-12-13 00:00:00,insert
988,729,Kartika Dongoran,fsimanjuntak@example.com,Female,2000-11-11,9,Silver,True,2022-09-23 00:00:00,update
989,730,Nichole Hayes DDS,spope@example.net,Female,1957-03-24,22,New,False,2021-01-07 00:00:00,insert
990,731,Mark Estrada,sitoruskuncara@example.net,Female,1978-08-06,11,Gold,True,2021-11-13 00:00:00,insert
991,732,Mark Montgomery,dariminmegantara@example.com,Female,2006-11-29,16,Regular,True,2021-11-24 00:00:00,insert
992,733,Jose Turner,qmoore@example.com,Male,1955-05-29,32,Gold,True,2021-01-18 00:00:00,insert
993,733,Jose Turner,qmoore@example.com,Male,1955-05-29,34,Regular,True,2023-08-09 00:00:00,update
994,734,Dr. David Powell,antoniosharp@example.net,Female,1958-08-06,16,New,True,2021-07-06 00:00:00,insert
995,735,Karen White,wadriansyah@example.org,Male,2002-10-16,21,New,True,2020-10-11 00:00:00,insert
996,735,Karen White,wadriansyah@example.org,Male,2002-10-16,1,New,False,2025-08-07 00:00:00,update
997,736,Keith Gill,johan82@example.org,Female,2000-01-08,23,New,True,2021-12-17 00:00:00,insert
998,737,Angela Collins,ardiantohana@example.org,Male,1994-10-16,21,New,True,2021-01-27 00:00:00,insert
999,738,Uchita Oktaviani,wrightricky@example.org,Male,2006-01-27,27,Regular,True,2020-11-14 00:00:00,insert
1000,738,Uchita Oktaviani,wrightricky@example.org,Male,2006-01-27,34,Regular,False,2022-03-03 00:00:00,update
1001,739,Rebecca Sharp,kevinhart@example.net,Male,2005-11-02,1,New,False,2020-11-29 00:00:00,insert
1002,740,Jagaraga Purwanti,habibiluthfi@example.org,Male,1977-02-22,32,New,True,2021-07-14 00:00:00,insert
1003,741,Sarah Anderson,tampubolonjarwi@example.net,Male,1981-01-14,16,New,False,2020-10-28 00:00:00,insert
1004,742,Mala Nasyiah,budiyantoparis@example.org,Male,2006-08-23,7,New,True,2021-02-26 00:00:00,insert
1005,743,Sean Hayes,ureed@example.com,Female,1971-11-30,7,New,True,2020-10-12 00:00:00,insert
1006,744,Legawa Fujiati,elisa94@example.com,Female,1995-02-22,13,Silver,True,2021-11-17 00:00:00,insert
1007,745,Destiny Flowers,ehess@example.net,Male,1990-01-31,6,New,True,2021-07-02 00:00:00,insert
1008,746,Nicole Dodson,restu86@example.com,Female,2004-01-23,6,Regular,True,2021-04-04 00:00:00,insert
1009,746,Nicole Dodson,restu86@example.com,Female,2004-01-23,20,Regular,True,2022-02-15 00:00:00,update
1010,747,Kimberly Ray DDS,vivipradipta@example.org,Female,2002-07-15,30,Regular,True,2021-10-16 00:00:00,insert
1011,748,Christopher Patton,nyoman51@example.org,Female,2006-10-13,16,Regular,True,2021-11-04 00:00:00,insert
1012,748,Christopher Patton,nyoman51@example.org,Female,2006-10-13,16,Regular,True,2025-06-27 00:00:00,update
1013,749,Nicholas Mendoza,lindsey00@example.net,Male,1993-05-13,19,New,True,2021-04-15 00:00:00,insert
1014,750,Calista Tarihoran,mwacana@example.net,Male,1961-10-29,1,Regular,True,2021-09-06 00:00:00,insert
1015,751,Ir. Raden Wahyuni,baktikuswandari@example.com,Female,1974-10-26,33,Regular,True,2021-12-17 00:00:00,insert
1016,751,Ir. Raden Wahyuni,baktikuswandari@example.com,Female,1974-10-26,33,Silver,True,2025-07-08 00:00:00,update
1017,752,Thomas Newman,janet33@example.com,Female,1996-01-09,16,Silver,False,2020-12-20 00:00:00,insert
1018,753,David Bullock,mhasanah@example.com,Female,1958-07-13,15,Regular,True,2021-11-13 00:00:00,insert
1020,753,David Bullock,mhasanah@example.com,Female,1958-07-13,7,Gold,True,2023-06-08 00:00:01,update
1019,753,David Bullock,mhasanah@example.com,Female,1958-07-13,15,Gold,True,2024-12-01 00:00:00,update
1021,754,Karimah Maryati,ggonzalez@example.org,Female,1986-04-01,33,New,False,2021-08-03 00:00:00,insert
1022,754,Karimah Maryati,ggonzalez@example.org,Female,1986-04-01,6,New,True,2024-11-20 00:00:00,update
1023,755,Gabriella Purwanti,nfrey@example.net,Female,2004-10-16,25,Silver,True,2021-06-12 00:00:00,insert
1024,756,Randy Griffin,prasastaanggabaya@example.net,Male,1974-10-28,31,New,False,2020-09-07 00:00:00,insert
1025,757,Dodo Yulianti,paul10@example.org,Female,2003-12-03,26,Regular,True,2020-09-09 00:00:00,insert
1026,758,Stephen Hernandez,yuliantihairyanto@example.org,Female,1992-04-05,26,Silver,True,2020-08-24 00:00:00,insert
1027,759,Luluh Nuraini,cici75@example.net,Female,1981-02-24,34,New,True,2021-03-27 00:00:00,insert
1028,760,"Tgk. Puspa Astuti, S.E.I",hardanamardhiyah@example.com,Male,1965-01-24,29,New,True,2021-07-11 00:00:00,insert
1029,761,Tiffany Zhang,irnantosiregar@example.com,Female,1996-11-21,8,New,True,2021-07-06 00:00:00,insert
1030,762,Jasmine Peterson,tirta99@example.net,Female,1956-12-25,11,Gold,False,2021-05-03 00:00:00,insert
1031,763,Ifa Astuti,hwilson@example.org,Male,1991-05-15,4,Regular,False,2020-11-30 00:00:00,insert
1032,764,Sutan Gamblang Padmasari,snavarro@example.com,Male,1995-03-09,13,New,True,2021-05-26 00:00:00,insert
1033,765,Jesus Murray,mustikawijayanti@example.org,Female,1984-12-16,19,New,False,2021-03-29 00:00:00,insert
1034,766,Caitlin Mcclure,hendra44@example.com,Female,2002-08-09,7,Gold,False,2021-08-22 00:00:00,insert
1035,766,Caitlin Mcclure,hendra44@example.com,Female,2002-08-09,7,Regular,False,2024-05-09 00:00:00,update
1036,767,Sarah Yulianti,jailanifaizah@example.org,Female,2003-09-17,16,New,False,2021-06-18 00:00:00,insert
1037,767,Sarah Yulianti,jailanifaizah@example.org,Female,2003-09-17,16,New,True,2024-02-15 00:00:00,update
1038,768,Bryan Cole,oglover@example.net,Female,1985-01-15,11,New,True,2020-10-03 00:00:00,insert
1039,769,Ilyas Mayasari,clawson@example.org,Female,1995-12-27,11,Regular,True,2021-02-22 00:00:00,insert
1040,769,Ilyas Mayasari,clawson@example.org,Female,1995-12-27,28,Regular,False,2022-08-09 00:00:00,update
1041,770,Melissa Villa,steven34@example.org,Male,1957-03-08,16,New,True,2021-12-24 00:00:00,insert
1042,770,Melissa Villa,steven34@example.org,Male,1957-03-08,30,Silver,False,2024-01-28 00:00:00,update
1043,771,Joseph Diaz,kamidin93@example.com,Male,1982-08-05,22,New,True,2021-04-19 00:00:00,insert
1044,772,"H. Daru Laksmiwati, S.E.",aphillips@example.net,Female,1979-06-05,11,Regular,True,2021-09-01 00:00:00,insert
1045,772,"H. Daru Laksmiwati, S.E.",aphillips@example.net,Female,1979-06-05,5,Regular,True,2023-09-21 00:00:00,update
1046,773,"Dr. Maria Prastuti, M.TI.",serranochelsea@example.com,Female,1996-06-01,1,Silver,True,2021-06-19 00:00:00,insert
1047,774,Ir. Shakila Pudjiastuti,asmadi78@example.com,Female,2000-09-13,16,Regular,True,2021-07-27 00:00:00,insert
1048,775,Lisa Roberts,teresarichards@example.com,Female,2003-06-15,6,New,True,2021-07-11 00:00:00,insert
1049,775,Lisa Roberts,teresarichards@example.com,Female,2003-06-15,6,New,False,2022-05-31 00:00:00,update
1050,776,Karen Alvarez,joshuamcclain@example.com,Male,1997-03-17,11,Regular,True,2021-05-16 00:00:00,insert
1051,776,Karen Alvarez,joshuamcclain@example.com,Male,1997-03-17,2,Regular,True,2023-08-20 00:00:00,update
1052,777,Shelley Norris,juliajohnson@example.org,Male,1969-12-24,1,Silver,False,2021-08-15 00:00:00,insert
1053,777,Shelley Norris,juliajohnson@example.org,Male,1969-12-24,9,Regular,True,2023-11-04 00:00:00,update
1054,778,Patrick Nixon,lauraramirez@example.org,Male,1960-08-06,18,New,False,2021-04-14 00:00:00,insert
1055,778,Patrick Nixon,lauraramirez@example.org,Male,1960-08-06,18,New,True,2022-03-01 00:00:00,update
1056,779,Karsa Damanik,christopher50@example.org,Female,1990-01-22,6,New,False,2021-02-24 00:00:00,insert
1057,780,Kasim Santoso,xsanders@example.com,Female,2005-02-28,3,Regular,True,2021-03-25 00:00:00,insert
1058,781,Hj. Restu Mardhiyah,tabithabranch@example.com,Male,1995-08-17,31,Platinum,False,2021-01-26 00:00:00,insert
1059,781,Hj. Restu Mardhiyah,tabithabranch@example.com,Male,1995-08-17,31,Platinum,True,2024-08-27 00:00:00,update
1060,782,Joseph Cook,firmansyahraden@example.com,Female,1963-12-05,11,Regular,True,2021-09-10 00:00:00,insert
1061,783,drg. Jarwi Wacana,samosirbalangga@example.org,Male,2006-11-29,27,New,True,2021-08-13 00:00:00,insert
1062,784,Larry Soto,wmckay@example.net,Male,2003-07-06,6,Regular,False,2021-03-14 00:00:00,insert
1063,785,Hamima Budiman,rwhite@example.org,Female,1975-06-29,4,New,False,2021-02-17 00:00:00,insert
1064,786,Hani Manullang,gnainggolan@example.org,Female,1984-04-26,31,New,True,2021-02-25 00:00:00,insert
1065,786,Hani Manullang,gnainggolan@example.org,Female,1984-04-26,27,New,True,2025-02-17 00:00:00,update
1066,787,Vanessa Ramirez,dsanchez@example.org,Male,2000-08-07,16,New,True,2021-06-25 00:00:00,insert
1067,787,Vanessa Ramirez,dsanchez@example.org,Male,2000-08-07,17,Regular,True,2025-11-30 00:00:00,update
1068,788,Drs. Dian Samosir,andrew53@example.net,Female,1965-05-16,32,New,True,2021-05-29 00:00:00,insert
1070,788,Drs. Dian Samosir,andrew53@example.net,Female,1965-05-16,23,Silver,True,2023-04-12 00:00:01,update
1069,788,Drs. Dian Samosir,andrew53@example.net,Female,1965-05-16,23,New,True,2023-07-19 00:00:00,update
1071,789,"Dr. Nabila Melani, S.T.",darrellpeters@example.com,Male,2008-02-01,4,Regular,False,2020-10-10 00:00:00,insert
1072,790,Kenari Lestari,paiman81@example.com,Female,2005-08-15,12,Gold,True,2021-12-10 00:00:00,insert
1073,790,Kenari Lestari,paiman81@example.com,Female,2005-08-15,12,Gold,False,2023-10-19 00:00:00,update
1074,791,"R.A. Zalindra Haryanto, S.IP",oliva17@example.net,Male,1978-05-31,16,Silver,False,2020-11-17 00:00:00,insert
1075,792,Lidya Wacana,ymanning@example.net,Male,1981-11-19,3,New,True,2021-12-08 00:00:00,insert
1076,793,Zaenab Sihombing,castanedajerome@example.org,Male,1981-05-14,14,New,True,2021-06-28 00:00:00,insert
1077,793,Zaenab Sihombing,castanedajerome@example.org,Male,1981-05-14,15,Gold,True,2025-10-09 00:00:00,update
1078,794,Ghani Dabukke,thomaschristian@example.org,Female,1986-02-15,2,New,True,2021-12-13 00:00:00,insert
1079,795,Dimas Nuraini,dinda19@example.org,Male,1956-06-12,19,Gold,True,2021-05-03 00:00:00,insert
1080,796,Humaira Sitompul,wijayalega@example.net,Female,1969-03-17,11,Silver,True,2021-06-08 00:00:00,insert
1081,797,Emong Hassanah,nwilliams@example.org,Female,1968-07-04,6,New,True,2020-10-09 00:00:00,insert
1082,798,Debra Walters MD,yolandaraihan@example.com,Male,1993-10-20,4,New,True,2021-02-11 00:00:00,insert
1083,799,Rebecca Simmons,putripurnawati@example.org,Male,1993-04-16,33,New,False,2021-07-08 00:00:00,insert
1084,800,Sabrina Hidayat,xlamb@example.com,Female,1966-04-13,1,Silver,True,2020-10-01 00:00:00,insert
1085,801,"Keisha Lailasari, S.Gz",sihombingwardi@example.net,Female,2004-01-06,8,New,False,2021-03-19 00:00:00,insert
1086,802,Daniel Baker,koko50@example.net,Male,1998-06-20,1,Regular,False,2021-04-10 00:00:00,insert
1087,802,Daniel Baker,koko50@example.net,Male,1998-06-20,29,Gold,True,2024-06-18 00:00:00,update
1088,803,Brittany Sims,narpatihani@example.net,Male,1955-10-22,17,Silver,False,2020-09-19 00:00:00,insert
1089,804,Jenna Webb,violet82@example.org,Male,2003-08-18,19,New,True,2020-09-18 00:00:00,insert
1090,805,"Cut Paris Suryono, S.T.",brandy26@example.com,Male,1984-09-22,11,New,True,2021-10-06 00:00:00,insert
1091,806,Sutan Kadir Adriansyah,mmiller@example.net,Female,1959-03-03,15,New,True,2021-01-15 00:00:00,insert
1092,807,Dustin Costa,johnsonspencer@example.com,Female,1976-12-26,16,New,True,2021-02-14 00:00:00,insert
1093,807,Dustin Costa,johnsonspencer@example.com,Female,1976-12-26,16,New,True,2024-03-22 00:00:00,update
1094,808,Christopher Brown,dmaryati@example.org,Female,2006-08-08,6,Regular,True,2021-04-19 00:00:00,insert
1095,809,Christine Cain,amber79@example.net,Female,2007-04-01,11,Silver,True,2021-10-21 00:00:00,insert
1096,809,Christine Cain,amber79@example.net,Female,2007-04-01,11,Silver,True,2022-12-23 00:00:00,update
1097,810,Dr. Radika Santoso,emin54@example.net,Male,1985-12-09,9,New,True,2021-09-01 00:00:00,insert
1098,811,Joshua Harris,pwu@example.net,Male,1966-03-07,11,Silver,True,2021-04-25 00:00:00,insert
1099,811,Joshua Harris,pwu@example.net,Male,1966-03-07,16,Silver,True,2022-12-16 00:00:00,update
1100,812,dr. Bahuraksa Utami,gmarpaung@example.org,Male,1969-02-25,16,New,True,2021-01-19 00:00:00,insert
1101,813,Jamalia Puspita,zulaikagaduh@example.net,Female,1972-12-24,29,Regular,True,2021-09-17 00:00:00,insert
1102,814,Christina Greene,mustikapradana@example.com,Male,1982-10-04,16,Regular,True,2021-07-05 00:00:00,insert
1103,814,Christina Greene,mustikapradana@example.com,Male,1982-10-04,16,Regular,False,2024-01-31 00:00:00,update
1104,815,John Weaver,colemanshelby@example.com,Female,1994-01-24,24,Silver,False,2020-10-26 00:00:00,insert
1105,816,Budi Mangunsong,lalita35@example.net,Female,1980-06-23,6,New,False,2021-11-07 00:00:00,insert
1106,817,Ashley Cook,zulaikhafirmansyah@example.com,Female,1971-10-02,1,Silver,True,2021-06-16 00:00:00,insert
1107,818,Wanda Rodriguez,jpratiwi@example.org,Female,1964-02-26,5,New,False,2021-06-12 00:00:00,insert
1108,819,Hector Nguyen,kamalmelani@example.com,Female,1961-08-24,30,Regular,True,2020-11-15 00:00:00,insert
1109,820,Larry Jordan,uwacana@example.net,Female,1980-03-01,16,New,True,2020-12-05 00:00:00,insert
1110,821,Utama Dongoran,warsa19@example.net,Female,1985-05-25,6,Regular,True,2020-08-27 00:00:00,insert
1111,822,Emily Howard,amanda13@example.org,Male,1968-12-05,29,Regular,True,2021-04-28 00:00:00,insert
1112,822,Emily Howard,amanda13@example.org,Male,1968-12-05,15,Platinum,False,2025-11-27 00:00:00,update
1113,823,"Zelaya Purnawati, S.E.I",nardi23@example.net,Male,1988-08-17,16,Regular,True,2021-10-27 00:00:00,insert
1114,824,"Drs. Martaka Utama, S.E.",thorn@example.org,Male,1968-08-30,18,New,True,2021-03-24 00:00:00,insert
1115,825,Julia Nainggolan,clinton15@example.org,Female,2006-01-12,33,New,True,2021-03-31 00:00:00,insert
1116,825,Julia Nainggolan,clinton15@example.org,Female,2006-01-12,3,Silver,False,2023-07-13 00:00:00,update
1117,826,Betty Wood,ginaardianto@example.com,Female,1997-09-24,7,Regular,True,2020-12-13 00:00:00,insert
1118,826,Betty Wood,ginaardianto@example.com,Female,1997-09-24,25,Regular,True,2023-05-06 00:00:00,update
1119,827,"Rina Kusumo, S.Sos",daryani19@example.com,Female,1960-12-26,18,New,True,2020-09-26 00:00:00,insert
1120,828,Ralph Davis,carlross@example.com,Male,1955-11-09,4,Regular,False,2021-01-29 00:00:00,insert
1121,828,Ralph Davis,carlross@example.com,Male,1955-11-09,4,Regular,False,2025-02-08 00:00:00,update
1122,829,"T. Asmianto Yulianti, S.Kom",kpermadi@example.net,Male,2006-03-05,11,New,True,2020-09-25 00:00:00,insert
1123,830,Brandy Hernandez,ginarahmawati@example.com,Male,1996-05-01,11,Regular,False,2021-03-25 00:00:00,insert
1124,830,Brandy Hernandez,ginarahmawati@example.com,Male,1996-05-01,31,Platinum,True,2024-05-06 00:00:00,update
1125,831,Stacie Brown,johnsonandrew@example.org,Male,1992-01-15,1,New,False,2021-03-28 00:00:00,insert
1126,832,Drs. Caraka Hassanah,omulyani@example.org,Female,1988-01-06,8,New,True,2021-07-09 00:00:00,insert
1127,832,Drs. Caraka Hassanah,omulyani@example.org,Female,1988-01-06,5,New,True,2023-10-27 00:00:00,update
1128,833,"Mursita Oktaviani, M.TI.",grantroger@example.org,Female,1971-05-01,17,Silver,True,2020-11-05 00:00:00,insert
1129,834,Tiara Mayasari,siregaropan@example.net,Male,1997-01-27,13,Silver,True,2021-07-26 00:00:00,insert
1131,834,Tiara Mayasari,siregaropan@example.net,Male,1997-01-27,12,Silver,True,2022-04-19 00:00:01,update
1130,834,Tiara Mayasari,siregaropan@example.net,Male,1997-01-27,25,Silver,False,2025-03-12 00:00:00,update
1132,835,Bryan Solis,sakurayuniar@example.com,Female,1960-12-08,13,Regular,True,2021-04-24 00:00:00,insert
1133,835,Bryan Solis,sakurayuniar@example.com,Female,1960-12-08,32,Regular,True,2022-02-16 00:00:00,update
1134,836,Brittany Hester,cabreraadam@example.com,Male,1980-09-08,32,New,True,2021-04-17 00:00:00,insert
1135,837,Jacqueline White,jonathanrodriguez@example.com,Male,1982-04-06,1,Silver,True,2021-05-22 00:00:00,insert
1136,837,Jacqueline White,jonathanrodriguez@example.com,Male,1982-04-06,1,Silver,True,2023-04-18 00:00:00,update
1137,838,Erik Benson,tara12@example.com,Female,1962-06-19,16,Platinum,True,2020-08-29 00:00:00,insert
1138,839,Daniswara Astuti,uortiz@example.org,Female,1981-09-09,29,Regular,True,2020-09-29 00:00:00,insert
1139,840,Vicky Sihombing,anggabaya70@example.org,Female,1977-08-17,11,New,True,2021-01-08 00:00:00,insert
1140,841,Christopher Warren,jamesholder@example.org,Male,1978-02-01,25,Regular,False,2021-10-16 00:00:00,insert
1141,842,Bella Mangunsong,thomasjason@example.org,Female,1973-07-30,24,Platinum,True,2021-09-15 00:00:00,insert
1142,843,Zelaya Purwanti,amyberger@example.net,Female,1983-12-13,5,New,False,2021-08-17 00:00:00,insert
1143,843,Zelaya Purwanti,amyberger@example.net,Female,1983-12-13,18,Silver,True,2022-02-04 00:00:00,update
1144,844,Tracy Briggs,iswahyudiniyaga@example.com,Female,1964-11-27,16,New,True,2021-09-23 00:00:00,insert
1145,845,Adam Hall,mhoffman@example.org,Female,1966-02-23,34,New,True,2021-08-19 00:00:00,insert
1146,845,Adam Hall,mhoffman@example.org,Female,1966-02-23,34,New,True,2023-04-02 00:00:00,update
1147,846,Amber Anderson,marymarsh@example.com,Female,2004-04-11,16,New,False,2020-10-30 00:00:00,insert
1148,847,Keith Stanton,iankrueger@example.com,Female,1996-06-04,20,New,False,2021-05-21 00:00:00,insert
1149,848,Ir. Ibrahim Nuraini,katherine36@example.net,Female,2001-05-26,12,New,True,2021-10-15 00:00:00,insert
1150,848,Ir. Ibrahim Nuraini,katherine36@example.net,Female,2001-05-26,12,Silver,False,2022-03-23 00:00:00,update
1151,849,Caitlin Arias,mandasarimaida@example.org,Female,1973-09-04,16,New,True,2021-10-27 00:00:00,insert
1152,849,Caitlin Arias,mandasarimaida@example.org,Female,1973-09-04,16,New,False,2022-08-22 00:00:00,update
1153,850,Jacob Leonard,sierrachapman@example.org,Male,1960-01-29,11,Regular,True,2020-10-16 00:00:00,insert
1154,851,Pangestu Simanjuntak,xbonilla@example.com,Male,1977-06-03,22,New,False,2021-11-07 00:00:00,insert
1155,851,Pangestu Simanjuntak,xbonilla@example.com,Male,1977-06-03,34,Gold,False,2022-08-11 00:00:00,update
1156,852,Tamara Pratt,richardsonamy@example.net,Male,1991-06-03,8,Silver,False,2021-05-15 00:00:00,insert
1157,853,Hannah Green,jayeng27@example.org,Male,1966-09-03,16,New,True,2021-11-05 00:00:00,insert
1158,853,Hannah Green,jayeng27@example.org,Male,1966-09-03,24,New,True,2023-08-13 00:00:00,update
1159,854,Cakrawala Mardhiyah,nilampertiwi@example.com,Male,2006-09-20,2,New,True,2020-11-03 00:00:00,insert
1160,854,Cakrawala Mardhiyah,nilampertiwi@example.com,Male,2006-09-20,12,New,True,2022-10-28 00:00:00,update
1161,855,R. Ibrahim Saptono,rgomez@example.com,Male,1973-12-03,1,New,False,2021-01-26 00:00:00,insert
1162,855,R. Ibrahim Saptono,rgomez@example.com,Male,1973-12-03,28,New,True,2022-11-10 00:00:00,update
1163,856,Edward Garza,knugroho@example.net,Male,1990-05-19,10,Regular,True,2020-09-08 00:00:00,insert
1164,857,Christopher Doyle,tjohnson@example.org,Female,1986-12-04,30,New,True,2020-12-05 00:00:00,insert
1165,857,Christopher Doyle,tjohnson@example.org,Female,1986-12-04,2,Regular,True,2025-11-17 00:00:00,update
1166,858,Kimberly Perry,sday@example.com,Female,1973-09-21,19,Regular,False,2021-09-07 00:00:00,insert
1167,859,"Taswir Januar, S.Gz",browndanielle@example.net,Male,1978-10-01,1,Silver,False,2021-03-07 00:00:00,insert
1168,860,Rafi Manullang,sudiatigalur@example.net,Female,1999-11-08,16,Regular,True,2020-09-09 00:00:00,insert
1169,861,"H. Ganda Dongoran, S.H.",tarihoranamong@example.net,Male,1988-01-11,19,New,False,2021-07-11 00:00:00,insert
1170,862,Kenneth Ford,zbailey@example.net,Male,1995-06-25,26,New,True,2021-11-03 00:00:00,insert
1171,863,Dartono Marbun,ismail08@example.org,Male,1985-02-05,1,New,True,2020-11-08 00:00:00,insert
1172,864,Jeremy Peck,hamima29@example.com,Male,2005-02-08,6,Regular,True,2021-01-29 00:00:00,insert
1173,865,Jonathan White,firawan@example.com,Male,1955-11-25,21,New,True,2021-05-05 00:00:00,insert
1174,865,Jonathan White,firawan@example.com,Male,1955-11-25,21,New,False,2022-06-04 00:00:00,update
1175,866,Putri Marpaung,prima97@example.net,Female,1991-04-30,17,New,True,2021-03-25 00:00:00,insert
1176,866,Putri Marpaung,prima97@example.net,Female,1991-04-30,5,Gold,True,2023-05-31 00:00:00,update
1177,867,Shane Newton,amber49@example.org,Male,1986-03-07,6,New,False,2021-12-29 00:00:00,insert
1178,867,Shane Newton,amber49@example.org,Male,1986-03-07,6,New,True,2024-04-08 00:00:00,update
1179,868,Warta Melani,hartthomas@example.net,Female,1967-11-17,6,New,True,2021-04-17 00:00:00,insert
1180,868,Warta Melani,hartthomas@example.net,Female,1967-11-17,6,Gold,True,2024-06-13 00:00:00,update
1181,869,Robert Watkins,aslijan93@example.org,Female,1974-04-30,1,New,True,2021-03-08 00:00:00,insert
1182,870,Colleen Young,zeldawahyudin@example.net,Male,1992-02-05,17,New,True,2021-11-27 00:00:00,insert
1183,870,Colleen Young,zeldawahyudin@example.net,Male,1992-02-05,28,Gold,True,2024-04-24 00:00:00,update
1184,871,"R. Titi Kuswandari, M.M.",elizabeth14@example.net,Female,1996-08-18,5,Regular,True,2021-12-30 00:00:00,insert
1185,872,Brenda Downs,moorehannah@example.org,Male,1971-12-30,16,Gold,True,2021-06-19 00:00:00,insert
1186,873,Hector Parks,kenneth55@example.net,Male,1970-12-08,1,New,True,2021-09-10 00:00:00,insert
1187,873,Hector Parks,kenneth55@example.net,Male,1970-12-08,20,New,True,2025-09-17 00:00:00,update
1188,874,Devi Zulkarnain,faridajagaraga@example.org,Male,1973-06-21,6,Silver,True,2021-05-28 00:00:00,insert
1189,875,"drg. Drajat Winarno, S.Farm",jatiramadan@example.com,Male,2008-03-13,7,New,True,2021-01-13 00:00:00,insert
1190,875,"drg. Drajat Winarno, S.Farm",jatiramadan@example.com,Male,2008-03-13,7,New,False,2023-01-26 00:00:00,update
1191,876,Kiara Nelson,nasim03@example.com,Male,1962-02-09,18,Regular,True,2021-08-30 00:00:00,insert
1192,877,Hj. Maria Kuswoyo,daryaninamaga@example.net,Male,1975-09-04,1,Platinum,False,2021-11-25 00:00:00,insert
1193,877,Hj. Maria Kuswoyo,daryaninamaga@example.net,Male,1975-09-04,1,Platinum,False,2025-04-08 00:00:00,update
1194,878,Andres Palmer,davisantonio@example.net,Male,1982-02-10,6,Silver,True,2020-09-06 00:00:00,insert
1195,878,Andres Palmer,davisantonio@example.net,Male,1982-02-10,28,Silver,False,2023-10-18 00:00:00,update
1196,879,"Azalea Gunarto, M.TI.",rosemorris@example.com,Male,2000-05-17,1,New,True,2020-10-13 00:00:00,insert
1197,880,James Frye,qpalmer@example.com,Male,1997-03-03,8,New,True,2021-03-08 00:00:00,insert
1198,881,Mujur Gunarto,michael09@example.com,Male,1966-12-23,10,Regular,True,2020-10-23 00:00:00,insert
1199,882,Mutia Nasyiah,warji73@example.org,Female,1956-02-28,6,New,True,2021-04-13 00:00:00,insert
1200,883,Cawuk Widiastuti,rajasaadika@example.org,Male,1969-03-31,9,Silver,True,2020-08-28 00:00:00,insert
1201,884,Ryan Long,melissa82@example.com,Female,2003-03-28,10,Gold,True,2021-09-11 00:00:00,insert
1202,885,Andrew Hale,robert27@example.com,Male,2002-06-18,18,New,False,2021-03-27 00:00:00,insert
1203,886,"Eva Wibowo, S.H.",vfujiati@example.net,Male,1989-08-28,16,New,True,2021-03-12 00:00:00,insert
1204,887,Eka Permadi,kenzie77@example.org,Male,1969-05-12,27,New,True,2020-10-04 00:00:00,insert
1205,888,Carol Walsh,pking@example.com,Female,2005-02-24,11,Regular,True,2021-04-18 00:00:00,insert
1206,889,Linda Greer,hrajasa@example.org,Male,1959-03-10,13,Gold,False,2021-12-09 00:00:00,insert
1207,890,Stacey Dean,dalimansamosir@example.com,Male,1965-10-18,26,New,True,2020-11-12 00:00:00,insert
1208,891,Martana Waskita,deborah36@example.net,Female,1996-02-01,21,New,True,2021-05-22 00:00:00,insert
1209,892,Albert Smith,indah45@example.net,Male,1983-07-26,16,Regular,True,2021-03-27 00:00:00,insert
1210,892,Albert Smith,indah45@example.net,Male,1983-07-26,16,Platinum,True,2024-06-05 00:00:00,update
1211,893,"drg. Zamira Marpaung, M.TI.",webbjeffrey@example.net,Male,1958-03-08,1,Regular,True,2020-12-29 00:00:00,insert
1212,894,Jeremy Garcia,xgomez@example.org,Male,1985-09-27,23,Regular,True,2021-08-26 00:00:00,insert
1213,894,Jeremy Garcia,xgomez@example.org,Male,1985-09-27,1,Regular,True,2025-04-30 00:00:00,update
1214,895,"Drs. Maman Megantara, S.IP",sullivanfelicia@example.org,Male,1967-11-11,1,Regular,False,2021-02-10 00:00:00,insert
1215,896,"Pia Santoso, S.E.",jamesyoung@example.net,Male,1970-01-04,11,New,True,2021-03-14 00:00:00,insert
1216,897,"Cut Titi Rahimah, M.TI.",michelleanderson@example.com,Male,1963-10-06,30,Gold,True,2021-01-16 00:00:00,insert
1217,898,Violet Sinaga,bauergina@example.net,Female,1988-01-17,16,New,False,2020-09-23 00:00:00,insert
1218,899,"Tgk. Ismail Hardiansyah, S.E.I",aslijan87@example.org,Male,1957-07-01,1,New,False,2020-09-26 00:00:00,insert
1219,900,John Taylor MD,virman94@example.net,Female,1995-12-15,11,Silver,True,2021-11-12 00:00:00,insert
1220,900,John Taylor MD,virman94@example.net,Female,1995-12-15,11,Gold,True,2023-07-29 00:00:00,update
1221,901,"drg. Cornelia Hidayanto, S.T.",tnajmudin@example.com,Male,1957-06-27,6,Silver,True,2021-08-09 00:00:00,insert
1222,902,Najwa Ramadan,amihastuti@example.net,Male,1985-05-25,33,New,True,2021-10-03 00:00:00,insert
1223,903,Mark Chambers,mmarbun@example.net,Female,1965-09-29,22,New,False,2021-10-05 00:00:00,insert
1224,904,Roberto Montoya,gsuryatmi@example.org,Female,1993-08-22,25,New,True,2021-07-29 00:00:00,insert
1225,904,Roberto Montoya,gsuryatmi@example.org,Female,1993-08-22,9,New,True,2024-12-20 00:00:00,update
1226,905,Drs. Ajeng Budiyanto,diana75@example.org,Male,1969-07-02,23,Gold,True,2021-03-08 00:00:00,insert
1227,906,"Nova Utama, S.IP",pranowobakiadi@example.org,Female,2007-02-08,7,Regular,False,2020-11-30 00:00:00,insert
1228,907,"drg. Keisha Pangestu, S.E.",qhamilton@example.com,Male,1958-04-06,6,Regular,True,2021-03-29 00:00:00,insert
1229,907,"drg. Keisha Pangestu, S.E.",qhamilton@example.com,Male,1958-04-06,14,Regular,False,2025-03-24 00:00:00,update
1230,908,Putu Puspita,elaine53@example.org,Male,1963-07-28,25,Gold,False,2021-10-23 00:00:00,insert
1231,909,Yuni Nashiruddin,paul92@example.org,Male,1962-06-03,11,New,True,2021-09-17 00:00:00,insert
1232,910,Renee Perez,tammie08@example.net,Female,1986-02-09,1,New,True,2020-09-30 00:00:00,insert
1233,911,Tyler King,adriansyahusman@example.com,Male,1989-10-18,30,New,True,2021-11-11 00:00:00,insert
1234,911,Tyler King,adriansyahusman@example.com,Male,1989-10-18,11,New,True,2025-06-01 00:00:00,update
1235,912,Shirley Lowe,iortiz@example.org,Male,1989-11-17,11,Silver,True,2021-09-04 00:00:00,insert
1236,913,"Siti Wibowo, S.E.I",kevinfreeman@example.net,Male,1998-03-04,18,New,False,2021-07-22 00:00:00,insert
1237,914,Scott Bass,ryan51@example.com,Female,1996-11-28,2,Platinum,True,2020-10-25 00:00:00,insert
1238,914,Scott Bass,ryan51@example.com,Female,1996-11-28,15,Gold,True,2022-05-23 00:00:00,update
1239,915,Samiah Utama,lmccormick@example.org,Male,1990-12-14,12,Silver,True,2021-06-20 00:00:00,insert
1240,916,Elma Wibisono,ajimatuyainah@example.org,Male,1998-04-26,28,Gold,False,2021-03-29 00:00:00,insert
1241,917,"Ir. Sarah Safitri, S.Pd",edi83@example.com,Male,1996-05-17,29,New,True,2021-02-13 00:00:00,insert
1242,917,"Ir. Sarah Safitri, S.Pd",edi83@example.com,Male,1996-05-17,29,New,True,2025-11-18 00:00:00,update
1243,918,"Gatra Rajata, M.TI.",hancockspencer@example.com,Male,1977-07-27,18,Regular,False,2021-02-14 00:00:00,insert
1244,919,KH. Nasim Hutasoit,lembah80@example.org,Female,1981-07-23,6,New,False,2021-02-06 00:00:00,insert
1245,919,KH. Nasim Hutasoit,lembah80@example.org,Female,1981-07-23,6,Silver,True,2022-07-23 00:00:00,update
1246,920,Matthew Gonzalez,cawukwidodo@example.net,Male,1955-11-02,1,Regular,False,2021-05-07 00:00:00,insert
1247,921,"Sutan Yosef Pertiwi, S.E.I",reza45@example.net,Female,1966-10-28,31,New,True,2021-12-19 00:00:00,insert
1248,922,Richard Hamilton,megantaraeva@example.net,Male,1981-01-03,1,New,True,2020-08-25 00:00:00,insert
1249,922,Richard Hamilton,megantaraeva@example.net,Male,1981-01-03,18,Platinum,True,2024-05-10 00:00:00,update
1250,923,Rebecca Leach,ylee@example.org,Male,1959-10-03,19,New,True,2020-12-18 00:00:00,insert
1251,924,Robin Clay,kimberly31@example.net,Male,1995-04-16,16,Silver,True,2021-08-06 00:00:00,insert
1252,925,Steven Jensen,jill02@example.com,Male,1960-04-18,30,New,True,2021-05-19 00:00:00,insert
1253,926,Colin Pena,salwasudiati@example.com,Female,1971-06-16,18,New,True,2020-09-08 00:00:00,insert
1254,927,"Diah Mayasari, M.Kom.",rickeyholloway@example.net,Male,1976-08-06,1,New,True,2021-06-02 00:00:00,insert
1255,928,Briana Schmidt,lamarmandasari@example.org,Female,1989-04-02,4,New,True,2021-05-06 00:00:00,insert
1256,929,Tanya Acevedo,wwinarsih@example.org,Male,1992-09-20,16,Regular,True,2021-01-28 00:00:00,insert
1257,929,Tanya Acevedo,wwinarsih@example.org,Male,1992-09-20,5,Silver,True,2025-10-26 00:00:00,update
1258,930,Makuta Hartati,aashley@example.net,Female,1965-02-02,30,Gold,True,2020-12-04 00:00:00,insert
1259,931,Amy Bryant,gonzalezkelly@example.com,Male,1961-01-23,6,New,True,2021-09-24 00:00:00,insert
1260,931,Amy Bryant,gonzalezkelly@example.com,Male,1961-01-23,18,Platinum,False,2023-05-23 00:00:00,update
1261,932,Nugraha Budiman,permatarangga@example.org,Female,1975-06-20,6,Regular,False,2021-06-16 00:00:00,insert
1262,932,Nugraha Budiman,permatarangga@example.org,Female,1975-06-20,10,Regular,True,2025-09-09 00:00:00,update
1263,933,Kusuma Melani,cecepiswahyudi@example.com,Male,1970-01-20,11,New,False,2021-09-21 00:00:00,insert
1264,934,Nasab Marpaung,coxroy@example.net,Female,1982-02-01,27,Regular,True,2021-07-17 00:00:00,insert
1265,935,T. Harsanto Puspita,nvargas@example.org,Male,2003-08-23,12,Regular,True,2020-10-06 00:00:00,insert
1266,936,Mark Mueller,lthamrin@example.com,Male,2008-04-02,19,Regular,False,2021-12-29 00:00:00,insert
1267,937,Tara Perez,bruce85@example.org,Female,1988-01-10,12,New,True,2020-09-21 00:00:00,insert
1268,938,Jennifer Vance,mitchellbarnett@example.org,Female,1969-04-27,6,Platinum,True,2021-09-10 00:00:00,insert
1269,938,Jennifer Vance,mitchellbarnett@example.org,Female,1969-04-27,27,Platinum,True,2022-09-26 00:00:00,update
1270,939,Paul Freeman,rprakasa@example.com,Female,1959-09-20,3,New,True,2020-09-09 00:00:00,insert
1271,940,William Sanchez,sitompulqueen@example.com,Male,1981-09-26,9,Silver,True,2020-11-28 00:00:00,insert
1272,941,Megan Phillips,asmadi36@example.net,Male,1981-07-22,4,Regular,False,2021-12-27 00:00:00,insert
1273,942,"Wardaya Thamrin, M.Farm",napitupuluedison@example.org,Male,1965-10-21,6,Regular,False,2021-10-28 00:00:00,insert
1274,943,Siska Prabowo,nortonthomas@example.org,Male,1993-11-02,12,Regular,True,2021-05-04 00:00:00,insert
1275,943,Siska Prabowo,nortonthomas@example.org,Male,1993-11-02,12,Regular,True,2023-03-02 00:00:00,update
1276,944,"Maya Sudiati, M.Farm",upurwanti@example.org,Female,1994-01-19,11,Platinum,False,2020-12-29 00:00:00,insert
1277,945,Jordan Kaiser,baktiadi76@example.org,Male,1993-02-03,16,Regular,False,2021-12-16 00:00:00,insert
1278,946,Maria Green,uramsey@example.org,Female,2002-01-11,24,New,False,2021-10-02 00:00:00,insert
1279,947,Thomas Miller,kimamanda@example.org,Male,1998-11-10,24,New,False,2021-08-28 00:00:00,insert
1280,948,David Smith,putri47@example.net,Male,1957-01-25,13,Regular,False,2021-03-13 00:00:00,insert
1281,949,"Eli Melani, S.E.",ethanjensen@example.com,Male,2001-02-22,23,New,False,2020-08-22 00:00:00,insert
1282,950,Debra Mccoy,sinagaprasetyo@example.com,Male,1987-06-27,9,Regular,True,2021-11-08 00:00:00,insert
1283,951,Michael Morgan,austinwang@example.org,Male,1995-05-26,11,New,True,2021-09-05 00:00:00,insert
1284,952,Leslie Alvarez,tylercasey@example.org,Male,2005-07-20,2,Silver,True,2021-11-22 00:00:00,insert
1285,952,Leslie Alvarez,tylercasey@example.org,Male,2005-07-20,17,Silver,False,2023-10-04 00:00:00,update
1286,953,Jillian James,thomasdennis@example.net,Female,2007-03-24,18,Silver,False,2021-03-28 00:00:00,insert
1287,954,Drs. Eka Maulana,austin08@example.net,Male,1982-12-10,9,New,False,2021-08-14 00:00:00,insert
1288,954,Drs. Eka Maulana,austin08@example.net,Male,1982-12-10,9,Platinum,False,2023-12-13 00:00:00,update
1289,955,Dalima Saragih,verazulkarnain@example.net,Male,1970-05-13,33,New,True,2021-05-24 00:00:00,insert
1290,956,"Ella Agustina, S.I.Kom",lisa76@example.com,Female,1962-07-14,6,Regular,False,2021-01-01 00:00:00,insert
1291,957,Jillian Clements,kyle05@example.com,Male,2002-12-05,1,Regular,True,2020-11-17 00:00:00,insert
1292,957,Jillian Clements,kyle05@example.com,Male,2002-12-05,4,Silver,True,2024-06-11 00:00:00,update
1293,958,R.A. Ifa Sinaga,adriana40@example.net,Male,1983-03-09,21,Silver,True,2021-04-05 00:00:00,insert
1294,959,Roberta Petersen,ctarihoran@example.net,Male,1973-11-13,16,New,True,2021-08-22 00:00:00,insert
1295,960,Cagak Wahyuni,jefritampubolon@example.org,Female,2002-04-24,24,Silver,False,2020-09-07 00:00:00,insert
1296,961,Kelsey Lopez,pradanaluthfi@example.org,Female,1998-10-25,22,New,False,2021-03-16 00:00:00,insert
1298,961,Kelsey Lopez,pradanaluthfi@example.org,Female,1998-10-25,21,New,True,2024-12-13 00:00:01,update
1297,961,Kelsey Lopez,pradanaluthfi@example.org,Female,1998-10-25,22,New,True,2025-09-22 00:00:00,update
1299,962,Ashley Russo,benjaminhorne@example.org,Male,1998-08-15,4,Regular,False,2021-09-13 00:00:00,insert
1300,962,Ashley Russo,benjaminhorne@example.org,Male,1998-08-15,31,Regular,True,2022-10-21 00:00:00,update
1301,963,Julie Lamb,unavarro@example.net,Male,1993-04-21,17,New,True,2021-07-16 00:00:00,insert
1302,964,"Queen Nashiruddin, S.Ked",keithharris@example.net,Female,1958-04-20,8,Gold,False,2021-09-18 00:00:00,insert
1303,964,"Queen Nashiruddin, S.Ked",keithharris@example.net,Female,1958-04-20,8,Gold,True,2023-12-23 00:00:00,update
1304,965,Samantha Cole,michaelrobinson@example.com,Female,1958-08-20,28,New,False,2021-09-29 00:00:00,insert
1305,966,Mary Brown,ibunsetiawan@example.net,Male,2003-09-17,11,New,True,2020-09-06 00:00:00,insert
1306,967,Gregory Kim,ugonzales@example.com,Male,1995-12-25,12,Regular,True,2021-12-30 00:00:00,insert
1307,968,Rika Sitorus,wooddavid@example.com,Male,1993-06-28,16,New,True,2020-08-27 00:00:00,insert
1308,969,Kurnia Sudiati,xpuspita@example.net,Female,2006-05-27,12,New,True,2020-08-26 00:00:00,insert
1309,970,"Limar Narpati, M.Pd",perezamanda@example.net,Male,1979-03-03,1,Silver,True,2020-09-13 00:00:00,insert
1310,971,Richard Brooks,kkusumo@example.net,Female,1996-12-01,11,Regular,False,2020-12-18 00:00:00,insert
1311,971,Richard Brooks,kkusumo@example.net,Female,1996-12-01,22,Regular,False,2022-05-22 00:00:00,update
1312,972,Daliono Siregar,olailasari@example.org,Female,1960-10-31,6,New,False,2021-11-22 00:00:00,insert
1313,973,Teresa Woods DDS,oneal@example.com,Female,1983-09-27,1,New,False,2021-02-25 00:00:00,insert
1314,973,Teresa Woods DDS,oneal@example.com,Female,1983-09-27,1,Gold,True,2024-10-06 00:00:00,update
1315,974,Joseph Patterson,williamsshane@example.org,Male,2005-08-14,10,Silver,True,2021-03-15 00:00:00,insert
1316,974,Joseph Patterson,williamsshane@example.org,Male,2005-08-14,29,Silver,True,2023-12-24 00:00:00,update
1317,975,Kyle Smith,sara08@example.net,Male,1969-12-20,11,New,True,2021-09-13 00:00:00,insert
1318,975,Kyle Smith,sara08@example.net,Male,1969-12-20,11,Gold,True,2025-10-28 00:00:00,update
1319,976,"dr. Intan Sihotang, S.Pt",ramadangawati@example.org,Female,1980-06-28,18,Regular,True,2021-07-23 00:00:00,insert
1320,977,Hendri Melani,bnasyiah@example.com,Male,1993-04-13,5,Regular,True,2021-12-29 00:00:00,insert
1321,977,Hendri Melani,bnasyiah@example.com,Male,1993-04-13,10,Regular,True,2024-01-09 00:00:00,update
1322,978,Rhonda Miller,palastrieva@example.net,Female,1975-05-16,26,Regular,True,2021-05-17 00:00:00,insert
1323,978,Rhonda Miller,palastrieva@example.net,Female,1975-05-16,26,Regular,True,2024-06-11 00:00:00,update
1324,979,"dr. Kamal Namaga, M.Farm",novi37@example.net,Female,1967-12-17,19,New,True,2021-04-16 00:00:00,insert
1325,980,H. Satya Saptono,dlewis@example.net,Male,2003-02-05,14,New,True,2020-08-29 00:00:00,insert
1326,980,H. Satya Saptono,dlewis@example.net,Male,2003-02-05,14,New,True,2024-02-07 00:00:00,update
1327,981,Steven Burns,kacung05@example.com,Male,1963-12-01,10,New,True,2020-11-10 00:00:00,insert
1328,982,"Dr. Kajen Wibowo, M.Kom.",cparker@example.net,Female,1992-04-08,4,New,False,2020-10-22 00:00:00,insert
1329,983,Linda Thompson DVM,michael94@example.com,Male,2007-05-16,28,Silver,False,2020-10-15 00:00:00,insert
1330,984,"R.M. Gamanto Yuliarti, M.TI.",lsalahudin@example.org,Male,1972-09-24,6,Silver,True,2020-09-28 00:00:00,insert
1331,985,Rodney Freeman,xallen@example.net,Male,1956-06-27,9,New,True,2021-08-01 00:00:00,insert
1332,986,Joseph Lee,billysexton@example.net,Female,1992-08-19,6,Regular,True,2021-01-28 00:00:00,insert
1333,987,drg. Jelita Suryatmi,hasimnatsir@example.net,Male,2004-06-08,15,New,True,2021-05-24 00:00:00,insert
1334,988,Michael Clark,mirandagoodwin@example.com,Female,2005-09-10,16,New,True,2021-01-19 00:00:00,insert
1335,989,Gangsa Saefullah,fmayer@example.com,Female,1982-09-13,1,Regular,True,2021-10-31 00:00:00,insert
1336,990,Angela Greer,pmustofa@example.org,Female,1983-05-30,1,Silver,False,2021-10-06 00:00:00,insert
1337,990,Angela Greer,pmustofa@example.org,Female,1983-05-30,7,Silver,True,2022-12-24 00:00:00,update
1338,991,Robert Bond,kiarawilkerson@example.org,Male,1988-10-21,27,Regular,True,2021-05-18 00:00:00,insert
1339,991,Robert Bond,kiarawilkerson@example.org,Male,1988-10-21,16,Gold,True,2024-09-06 00:00:00,update
1340,992,Jacqueline Perez,herugunarto@example.org,Female,1958-09-11,19,Gold,False,2021-04-29 00:00:00,insert
1341,993,Megan Ferguson,umar29@example.net,Male,1958-06-17,21,Regular,True,2020-09-13 00:00:00,insert
1342,994,"Puti Nainggolan, M.Ak",dwasita@example.com,Male,1969-10-30,15,New,False,2020-12-08 00:00:00,insert
1343,995,"Catur Yuniar, S.Kom",kristi39@example.org,Male,2002-09-01,6,Silver,True,2021-05-11 00:00:00,insert
1344,996,Garrett White,yunipermata@example.org,Female,1993-07-27,30,New,True,2020-12-05 00:00:00,insert
1345,996,Garrett White,yunipermata@example.org,Female,1993-07-27,30,New,True,2023-03-28 00:00:00,update
1346,997,Sarah Day,reyessamantha@example.org,Male,1978-03-25,1,New,False,2021-03-22 00:00:00,insert
1347,998,Allison Snyder,rachelevans@example.org,Male,1990-12-01,19,New,True,2021-02-10 00:00:00,insert
1348,998,Allison Snyder,rachelevans@example.org,Male,1990-12-01,18,Regular,False,2022-04-21 00:00:00,update
1349,999,Craig Phillips,andreareilly@example.org,Male,2000-12-14,16,Regular,True,2021-12-20 00:00:00,insert
1350,1000,David Williams,andres96@example.org,Female,2005-08-27,6,Platinum,True,2021-12-18 00:00:00,insert
1351,1000,David Williams,andres96@example.org,Female,2005-08-27,28,Silver,True,2022-06-14 00:00:00,update
1352,1001,Sarah Fujiati,jamalia97@example.com,Male,1973-03-02,2,New,False,2021-04-18 00:00:00,insert
1353,1002,Ir. Jefri Puspita,oktasimanjuntak@example.com,Female,1974-03-29,11,New,True,2021-08-27 00:00:00,insert
1354,1003,Mary Sims,virman75@example.org,Male,1990-04-09,26,Regular,False,2021-09-22 00:00:00,insert
1355,1003,Mary Sims,virman75@example.org,Male,1990-04-09,26,Regular,False,2024-01-14 00:00:00,update
1356,1004,Joseph Mercado,sitorusharjo@example.com,Female,1965-09-11,4,Regular,True,2020-10-27 00:00:00,insert
1357,1004,Joseph Mercado,sitorusharjo@example.com,Female,1965-09-11,10,New,True,2022-08-23 00:00:00,update
1358,1005,Jennifer Leonard,cunninghamanthony@example.net,Female,1968-11-14,18,Gold,True,2021-05-31 00:00:00,insert
1359,1006,"Cornelia Lailasari, S.Kom",victoriagomez@example.com,Female,1998-02-12,16,New,True,2020-10-13 00:00:00,insert
1360,1007,Margaret Rich,cantrellwilliam@example.com,Male,1978-01-10,8,Silver,False,2020-11-21 00:00:00,insert
1361,1007,Margaret Rich,cantrellwilliam@example.com,Male,1978-01-10,8,Regular,False,2025-08-09 00:00:00,update
1362,1008,Kimberly Bailey,longvanessa@example.org,Male,1992-11-27,1,New,False,2021-02-21 00:00:00,insert
1363,1009,Mrs. Sara Pena,david36@example.net,Female,1992-06-12,15,Platinum,True,2021-08-01 00:00:00,insert
1364,1010,Hana Wijayanti,eowens@example.com,Male,1965-09-04,16,New,True,2021-07-25 00:00:00,insert
1365,1010,Hana Wijayanti,eowens@example.com,Male,1965-09-04,9,New,True,2025-06-17 00:00:00,update
1366,1011,Ronald Espinoza,pirawan@example.com,Male,1990-05-21,11,Regular,False,2020-11-07 00:00:00,insert
1367,1011,Ronald Espinoza,pirawan@example.com,Male,1990-05-21,23,Regular,False,2022-11-28 00:00:00,update
1368,1012,Harsanto Saefullah,anastasiaprasetya@example.net,Female,1963-08-22,27,Gold,True,2021-07-13 00:00:00,insert
1369,1012,Harsanto Saefullah,anastasiaprasetya@example.net,Female,1963-08-22,2,Gold,False,2022-06-24 00:00:00,update
1370,1013,Putri Mansur,bakiman41@example.org,Female,1991-03-19,1,New,False,2021-08-27 00:00:00,insert
1371,1014,Jaka Sitorus,connie22@example.org,Female,2000-06-17,23,Gold,True,2021-09-07 00:00:00,insert
1372,1015,Brian Robertson,habibimila@example.com,Female,1963-06-18,1,New,True,2021-05-15 00:00:00,insert
1373,1015,Brian Robertson,habibimila@example.com,Female,1963-06-18,24,Regular,True,2023-09-20 00:00:00,update
1374,1016,Raymond James,kenneth41@example.com,Male,1987-08-13,11,New,True,2020-10-24 00:00:00,insert
1375,1017,Julia Jones,tasnimdabukke@example.net,Male,1992-12-01,11,Platinum,True,2021-04-09 00:00:00,insert
1376,1018,"Rudi Mardhiyah, M.Kom.",jhicks@example.org,Male,1983-06-21,25,New,True,2021-07-26 00:00:00,insert
1377,1019,H. Oman Suartini,morgancrystal@example.org,Female,1965-05-08,11,Silver,False,2021-09-19 00:00:00,insert
1378,1020,Christie Freeman,saka91@example.org,Female,1986-02-21,22,New,False,2021-11-04 00:00:00,insert
1379,1021,Paulin Hidayat,uwaiskenzie@example.com,Male,1978-08-24,6,New,True,2021-08-03 00:00:00,insert
1380,1021,Paulin Hidayat,uwaiskenzie@example.com,Male,1978-08-24,3,New,True,2024-10-12 00:00:00,update
1381,1022,Lindsay Wiley,douglasyoung@example.com,Female,1980-12-24,31,Gold,True,2021-06-26 00:00:00,insert
1382,1023,"Umay Salahudin, S.T.",rmahendra@example.org,Male,1976-05-28,31,New,False,2021-10-16 00:00:00,insert
1383,1023,"Umay Salahudin, S.T.",rmahendra@example.org,Male,1976-05-28,14,New,False,2025-02-02 00:00:00,update
1384,1024,Ryan Sawyer,hbudiman@example.net,Male,1995-11-20,12,Regular,False,2021-07-31 00:00:00,insert
1385,1025,Lauren Martinez,michaelhuffman@example.com,Male,2004-11-15,1,New,True,2021-09-26 00:00:00,insert
1386,1025,Lauren Martinez,michaelhuffman@example.com,Male,2004-11-15,1,Gold,False,2025-10-07 00:00:00,update
1387,1026,Shane Miranda,qgoodman@example.com,Male,1995-10-04,6,New,False,2021-10-02 00:00:00,insert
1388,1026,Shane Miranda,qgoodman@example.com,Male,1995-10-04,14,New,True,2023-02-02 00:00:00,update
1389,1027,Jesse Kennedy,carrie16@example.com,Female,1976-10-06,13,Regular,True,2021-03-15 00:00:00,insert
1390,1028,Jamie Garcia,garciagavin@example.net,Male,1982-03-12,28,New,True,2021-05-14 00:00:00,insert
1391,1029,Brandi Rose,asirwadalailasari@example.org,Female,1991-06-20,11,New,False,2021-12-17 00:00:00,insert
1392,1030,Anthony Navarro,whall@example.net,Male,1994-07-10,34,Gold,True,2021-12-24 00:00:00,insert
1393,1031,"Anita Saptono, S.Gz",jamesbrown@example.net,Female,1977-01-15,14,New,True,2021-09-15 00:00:00,insert
1394,1032,Brian Park,mark93@example.com,Male,2007-11-23,12,Silver,True,2020-12-19 00:00:00,insert
1395,1033,"Drs. Titi Siregar, S.Gz",ibrock@example.net,Female,1976-07-22,20,Regular,True,2021-07-04 00:00:00,insert
1396,1033,"Drs. Titi Siregar, S.Gz",ibrock@example.net,Female,1976-07-22,20,Regular,True,2022-10-13 00:00:00,update
1397,1034,James Benson,gabriella83@example.net,Male,1976-08-09,17,New,True,2021-08-13 00:00:00,insert
1398,1035,Matthew Doyle,cawisadi03@example.org,Male,1961-08-18,4,Regular,True,2020-08-25 00:00:00,insert
1399,1036,Raina Kurniawan,tfirmansyah@example.net,Male,1989-03-04,32,Regular,True,2020-08-24 00:00:00,insert
1400,1036,Raina Kurniawan,tfirmansyah@example.net,Male,1989-03-04,32,Regular,True,2023-09-07 00:00:00,update
1401,1037,Emong Siregar,wareerin@example.com,Male,1981-01-16,6,New,True,2021-06-10 00:00:00,insert
1402,1037,Emong Siregar,wareerin@example.com,Male,1981-01-16,6,Gold,True,2025-08-04 00:00:00,update
1403,1038,Kevin Smith,marypark@example.net,Female,1974-04-20,22,Regular,True,2020-10-02 00:00:00,insert
1404,1038,Kevin Smith,marypark@example.net,Female,1974-04-20,28,Regular,True,2025-09-30 00:00:00,update
1405,1039,Jimmy Patterson,jmulyani@example.net,Female,1989-12-30,25,Regular,True,2021-08-21 00:00:00,insert
1406,1039,Jimmy Patterson,jmulyani@example.net,Female,1989-12-30,27,Silver,True,2024-04-27 00:00:00,update
1407,1040,"Dr. Ghaliyati Wahyuni, S.Sos",rpudjiastuti@example.org,Male,1986-01-13,33,Gold,False,2021-05-20 00:00:00,insert
1408,1040,"Dr. Ghaliyati Wahyuni, S.Sos",rpudjiastuti@example.org,Male,1986-01-13,15,Regular,True,2023-10-07 00:00:00,update
1409,1040,"Dr. Ghaliyati Wahyuni, S.Sos",rpudjiastuti@example.org,Male,1986-01-13,10,Silver,True,2023-10-24 00:00:01,update
1410,1041,Tony Anderson,yessisitompul@example.net,Female,2000-07-12,11,Silver,True,2020-08-28 00:00:00,insert
1411,1042,Maria Siregar,onasyidah@example.org,Male,1975-03-28,33,New,True,2021-04-24 00:00:00,insert
1412,1042,Maria Siregar,onasyidah@example.org,Male,1975-03-28,13,Regular,True,2022-08-25 00:00:00,update
1413,1043,Ina Waluyo,luisgibson@example.net,Female,1961-03-31,5,Regular,True,2020-12-25 00:00:00,insert
1414,1044,John Young,drajat87@example.com,Male,1957-02-21,27,Regular,True,2021-01-28 00:00:00,insert
1415,1045,James Lynn,wijayantititi@example.net,Male,1992-04-06,8,Regular,True,2021-08-20 00:00:00,insert
1416,1046,Lantar Namaga,eugene25@example.com,Male,1989-10-13,32,Silver,False,2020-10-08 00:00:00,insert
1417,1047,Nalar Firmansyah,isaaccox@example.org,Male,1984-08-09,21,Regular,False,2021-04-01 00:00:00,insert
1418,1047,Nalar Firmansyah,isaaccox@example.org,Male,1984-08-09,4,Regular,True,2022-03-26 00:00:00,update
1419,1048,Zalindra Laksita,darrenzamora@example.net,Female,2005-10-17,5,Silver,True,2020-09-26 00:00:00,insert
1420,1048,Zalindra Laksita,darrenzamora@example.net,Female,2005-10-17,34,Silver,False,2023-11-06 00:00:00,update
1421,1049,Dustin Wyatt,galuhhutapea@example.org,Female,2000-01-09,21,Silver,True,2021-05-13 00:00:00,insert
1422,1049,Dustin Wyatt,galuhhutapea@example.org,Female,2000-01-09,11,Silver,True,2022-10-03 00:00:00,update
1423,1050,Kasusra Prasetya,jhariyah@example.com,Male,1986-08-21,29,New,True,2020-11-17 00:00:00,insert
1424,1050,Kasusra Prasetya,jhariyah@example.com,Male,1986-08-21,29,New,True,2024-09-11 00:00:00,update
1425,1051,"Karja Manullang, S.E.I",pangestu74@example.net,Male,1995-11-10,6,New,True,2021-03-22 00:00:00,insert
1426,1052,Cornelia Siregar,yrobinson@example.com,Male,1971-04-14,11,New,False,2020-11-27 00:00:00,insert
1427,1052,Cornelia Siregar,yrobinson@example.com,Male,1971-04-14,28,New,True,2023-08-12 00:00:00,update
1428,1053,Suci Mayasari,yessi77@example.net,Female,1963-05-04,1,New,True,2021-04-18 00:00:00,insert
1429,1054,Melissa Phillips,murphymatthew@example.org,Female,1959-03-14,1,New,True,2021-05-27 00:00:00,insert
1430,1054,Melissa Phillips,murphymatthew@example.org,Female,1959-03-14,1,Gold,False,2023-01-31 00:00:00,update
1431,1055,dr. Mursinin Hakim,gunartohesti@example.org,Female,1976-04-17,6,Regular,False,2020-12-16 00:00:00,insert
1432,1055,dr. Mursinin Hakim,gunartohesti@example.org,Female,1976-04-17,10,Regular,False,2024-07-31 00:00:00,update
1433,1056,Alexis Aguilar,hamzahharyanto@example.com,Female,1996-01-13,34,New,True,2020-11-30 00:00:00,insert
1434,1057,Ajiman Nugroho,qsitompul@example.com,Female,1988-03-31,7,Regular,True,2021-12-31 00:00:00,insert
1435,1058,Suzanne Kidd,yuni88@example.org,Female,1988-10-13,11,New,False,2021-07-22 00:00:00,insert
1436,1059,John May,ganjaran19@example.org,Male,1986-10-01,21,New,False,2021-07-15 00:00:00,insert
1437,1060,Olivia Tarihoran,bmulyani@example.net,Male,1990-10-02,30,New,False,2020-11-02 00:00:00,insert
1438,1060,Olivia Tarihoran,bmulyani@example.net,Male,1990-10-02,21,New,True,2025-10-26 00:00:00,update
1439,1061,"Hj. Mala Pradana, S.Farm",wastutiprasetyo@example.net,Female,1984-09-16,23,New,True,2021-08-13 00:00:00,insert
1440,1062,Joseph Norton,wlee@example.net,Female,1990-01-07,27,New,True,2020-12-15 00:00:00,insert
1441,1062,Joseph Norton,wlee@example.net,Female,1990-01-07,3,New,True,2023-08-09 00:00:00,update
1442,1063,Prayogo Siregar,jaeman73@example.net,Male,1983-06-03,11,New,True,2021-05-16 00:00:00,insert
1443,1064,Paul Bryant,heru42@example.net,Male,1995-06-13,16,Regular,False,2021-03-28 00:00:00,insert
1444,1064,Paul Bryant,heru42@example.net,Male,1995-06-13,4,Platinum,False,2023-12-09 00:00:00,update
1445,1065,Putri Utama,mariah65@example.org,Male,1976-01-07,27,Regular,True,2021-12-01 00:00:00,insert
1446,1065,Putri Utama,mariah65@example.org,Male,1976-01-07,27,Regular,False,2025-08-04 00:00:00,update
1447,1066,Darren Griffith,heidianderson@example.org,Female,1974-07-12,11,Silver,False,2021-07-05 00:00:00,insert
1448,1067,Gawati Waluyo,amber04@example.net,Male,1983-05-08,3,New,True,2021-09-02 00:00:00,insert
1449,1068,Tracey Harris,shauncrawford@example.org,Female,1965-01-31,8,New,True,2020-09-09 00:00:00,insert
1450,1068,Tracey Harris,shauncrawford@example.org,Female,1965-01-31,16,New,True,2022-07-18 00:00:00,update
1451,1069,Maryadi Santoso,hardiwulandari@example.com,Female,1969-11-02,20,Regular,True,2021-12-22 00:00:00,insert
1452,1070,Robert Johnson,bagus84@example.net,Male,1965-04-01,19,Silver,True,2021-04-26 00:00:00,insert
1453,1071,Aisyah Yuliarti,nsitompul@example.com,Female,1976-07-05,16,Regular,False,2020-08-29 00:00:00,insert
1454,1072,Imam Sihombing,joseph81@example.com,Male,2004-05-05,6,New,True,2020-12-27 00:00:00,insert
1455,1073,Bobby Cook,koko10@example.com,Female,2005-02-05,17,Gold,True,2020-10-10 00:00:00,insert
1456,1074,"Dt. Hasan Winarno, S.Psi",darmajiprakasa@example.org,Female,1981-03-29,6,Gold,True,2021-09-22 00:00:00,insert
1457,1074,"Dt. Hasan Winarno, S.Psi",darmajiprakasa@example.org,Female,1981-03-29,11,Gold,True,2022-04-24 00:00:00,update
1458,1074,"Dt. Hasan Winarno, S.Psi",darmajiprakasa@example.org,Female,1981-03-29,20,Gold,True,2024-10-25 00:00:01,update
1459,1075,Joseph Taylor,michaelbowman@example.net,Female,1956-08-03,7,New,False,2020-11-13 00:00:00,insert
1460,1076,Puji Halimah,hastutisaka@example.com,Male,2000-11-30,11,New,False,2020-08-23 00:00:00,insert
1461,1077,Martani Saragih,dmangunsong@example.org,Male,1962-07-05,26,New,False,2020-12-05 00:00:00,insert
1462,1078,Jinawi Laksmiwati,saracollins@example.org,Female,1981-09-02,11,New,False,2021-08-23 00:00:00,insert
1463,1078,Jinawi Laksmiwati,saracollins@example.org,Female,1981-09-02,26,New,False,2023-09-24 00:00:00,update
1464,1079,"dr. Ayu Kuswandari, S.Sos",ami49@example.org,Male,1963-10-11,29,New,True,2020-09-25 00:00:00,insert
1465,1080,Oliva Zulaika,cakrabuanahalimah@example.com,Male,1970-11-20,17,Regular,True,2021-08-12 00:00:00,insert
1466,1081,Elvina Kusumo,crystal38@example.org,Male,1975-03-05,16,Regular,True,2021-05-01 00:00:00,insert
1467,1081,Elvina Kusumo,crystal38@example.org,Male,1975-03-05,16,Silver,False,2023-05-30 00:00:00,update
1468,1082,Richard Sherman,salsabila24@example.com,Male,1995-04-07,1,New,True,2021-01-17 00:00:00,insert
1469,1083,Cornelia Mansur,dasa43@example.org,Female,1979-12-30,20,Regular,True,2021-06-27 00:00:00,insert
1470,1084,Zachary Rowe,vanesa04@example.com,Female,1981-04-11,11,Regular,False,2020-10-15 00:00:00,insert
1471,1085,"Rini Suryono, S.Farm",christophervasquez@example.org,Male,1962-12-17,16,Silver,False,2021-10-21 00:00:00,insert
1472,1085,"Rini Suryono, S.Farm",christophervasquez@example.org,Male,1962-12-17,16,Regular,True,2023-02-28 00:00:00,update
1473,1086,Christopher Jones MD,emily57@example.net,Female,1969-03-13,34,Regular,True,2020-09-20 00:00:00,insert
1474,1086,Christopher Jones MD,emily57@example.net,Female,1969-03-13,3,Gold,False,2022-09-04 00:00:00,update
1475,1087,Charles Franklin,tsinaga@example.com,Female,1971-12-07,9,Regular,False,2021-12-11 00:00:00,insert
1476,1088,Aaron Roberts,davidroberts@example.com,Male,2006-06-20,15,Silver,True,2021-11-03 00:00:00,insert
1477,1088,Aaron Roberts,davidroberts@example.com,Male,2006-06-20,34,Regular,True,2024-04-27 00:00:00,update
1478,1089,Brian Owens,ana26@example.net,Female,1966-06-08,6,New,True,2021-04-02 00:00:00,insert
1479,1090,Kamal Widiastuti,victor03@example.net,Male,2000-07-12,16,Silver,True,2021-07-07 00:00:00,insert
1480,1090,Kamal Widiastuti,victor03@example.net,Male,2000-07-12,11,Silver,False,2023-06-24 00:00:00,update
1481,1091,Frank Hawkins,pmejia@example.net,Male,1972-10-28,11,New,True,2020-12-01 00:00:00,insert
1482,1092,Emily Silva,kunthara46@example.com,Female,2001-05-10,1,New,True,2021-05-12 00:00:00,insert
1483,1093,Eka Pudjiastuti,melaniartanto@example.com,Male,1989-08-08,1,Regular,True,2021-05-10 00:00:00,insert
1484,1094,Jason Pope,megantararafid@example.com,Male,1961-04-06,3,Regular,True,2021-12-21 00:00:00,insert
1485,1094,Jason Pope,megantararafid@example.com,Male,1961-04-06,3,Silver,False,2025-01-14 00:00:00,update
1486,1095,Diah Pradipta,burnsjeffrey@example.net,Female,2006-03-12,6,Gold,False,2021-04-10 00:00:00,insert
1487,1096,"Cut Paris Purnawati, M.Kom.",timothy09@example.net,Male,1980-04-05,18,Gold,True,2021-11-26 00:00:00,insert
1488,1096,"Cut Paris Purnawati, M.Kom.",timothy09@example.net,Male,1980-04-05,22,Regular,False,2025-06-21 00:00:00,update
1489,1097,Gabriel Fuller,robert17@example.net,Male,1979-11-27,34,Silver,True,2021-08-23 00:00:00,insert
1490,1098,Edwin Aguilar,patrick95@example.org,Female,1957-04-30,6,New,True,2020-12-13 00:00:00,insert
1491,1099,John Ray,liman12@example.org,Female,2006-03-03,26,New,True,2021-07-17 00:00:00,insert
1492,1099,John Ray,liman12@example.org,Female,2006-03-03,26,Silver,False,2023-10-02 00:00:00,update
1493,1100,Aisyah Waluyo,prasetyaismail@example.org,Male,1988-02-09,1,Silver,False,2021-09-14 00:00:00,insert
1494,1101,Katherine Fitzpatrick,eric23@example.net,Male,1962-05-20,2,New,True,2021-08-25 00:00:00,insert
1495,1101,Katherine Fitzpatrick,eric23@example.net,Male,1962-05-20,3,Silver,False,2022-11-18 00:00:00,update
1496,1102,Mary Chang,raven25@example.org,Female,1969-01-06,24,New,True,2020-10-27 00:00:00,insert
1497,1102,Mary Chang,raven25@example.org,Female,1969-01-06,34,New,False,2024-03-21 00:00:00,update
1498,1103,KH. Panji Pradana,lauren21@example.com,Female,2003-09-14,31,New,True,2020-10-02 00:00:00,insert
1499,1104,Adiarja Nababan,kasimusamah@example.net,Male,2002-01-13,27,New,True,2021-01-14 00:00:00,insert
1500,1104,Adiarja Nababan,kasimusamah@example.net,Male,2002-01-13,27,New,True,2025-07-03 00:00:00,update
1501,1105,Sarah Graves,nsihotang@example.com,Male,1959-06-01,1,New,True,2021-10-04 00:00:00,insert
1502,1106,"Hardana Wastuti, S.Ked",amyhull@example.com,Female,1978-03-27,14,Regular,True,2021-11-02 00:00:00,insert
1503,1107,Louis Khan,stevensmichael@example.com,Male,1981-09-03,11,Regular,False,2021-09-07 00:00:00,insert
1504,1108,Putu Sihombing,jhardiansyah@example.net,Female,1987-02-25,7,Silver,False,2021-06-17 00:00:00,insert
1505,1109,Dennis Gould,bartlettalexis@example.com,Female,2000-12-31,7,Regular,False,2021-05-09 00:00:00,insert
1506,1110,Tgk. Maryadi Mulyani,deborah54@example.com,Female,1984-02-22,6,Regular,False,2021-01-25 00:00:00,insert
1507,1111,Nicole Smith,kambalinamaga@example.com,Female,1966-04-17,25,Silver,True,2021-12-08 00:00:00,insert
1508,1112,Sari Prastuti,krajasa@example.org,Male,1987-04-06,33,Gold,False,2021-08-04 00:00:00,insert
1509,1113,"Zamira Andriani, S.Farm",rebekahward@example.org,Female,2005-01-17,34,New,True,2021-02-15 00:00:00,insert
1510,1114,"KH. Bakti Oktaviani, S.Kom",zeldathamrin@example.org,Female,1988-08-04,6,New,True,2021-06-01 00:00:00,insert
1511,1115,Puti Maida Pratama,michaelosborne@example.com,Male,1984-12-18,19,New,True,2020-11-25 00:00:00,insert
1512,1115,Puti Maida Pratama,michaelosborne@example.com,Male,1984-12-18,18,New,True,2024-07-26 00:00:00,update
1513,1116,Erik Zulkarnain,aguskurniawan@example.net,Male,2008-03-11,6,New,True,2021-04-21 00:00:00,insert
1514,1117,Nicole Ibarra,camposandrew@example.org,Female,1965-04-23,13,Regular,True,2021-01-12 00:00:00,insert
1515,1118,Nathaniel Clayton,jmanning@example.org,Female,1987-03-21,22,New,False,2021-05-07 00:00:00,insert
1517,1118,Nathaniel Clayton,jmanning@example.org,Female,1987-03-21,3,New,False,2022-10-06 00:00:01,update
1516,1118,Nathaniel Clayton,jmanning@example.org,Female,1987-03-21,33,New,True,2024-04-02 00:00:00,update
1518,1119,Restu Agustina,yonowidodo@example.com,Female,1983-02-08,34,Regular,True,2021-06-02 00:00:00,insert
1519,1120,Charles Gilbert,qpeterson@example.net,Male,1972-07-22,16,New,True,2020-12-01 00:00:00,insert
1520,1120,Charles Gilbert,qpeterson@example.net,Male,1972-07-22,31,Silver,False,2024-07-31 00:00:00,update
1521,1121,"Jessica Simanjuntak, M.Kom.",kajenbudiman@example.org,Male,1970-07-08,32,Regular,True,2020-11-12 00:00:00,insert
1522,1122,Miguel Ryan,monicasuarez@example.com,Male,1989-02-02,15,Silver,True,2021-06-24 00:00:00,insert
1523,1123,Matthew Hernandez,tari50@example.org,Male,1972-06-17,16,New,False,2021-09-21 00:00:00,insert
1524,1124,Sean Daniels,alexgonzalez@example.org,Male,1964-11-15,19,Silver,True,2021-05-03 00:00:00,insert
1525,1125,Nicholas Garza,wardnathan@example.org,Male,1957-01-27,16,New,True,2020-11-18 00:00:00,insert
1526,1126,Linda Copeland,wahyu07@example.com,Female,1966-03-26,11,Regular,True,2020-08-21 00:00:00,insert
1527,1127,Tamara Hill,ilopez@example.com,Male,2001-04-01,11,Silver,False,2020-08-29 00:00:00,insert
1528,1128,Edward White,michelle71@example.com,Male,1979-08-15,18,Silver,False,2020-10-01 00:00:00,insert
1529,1129,Puti Wulan Fujiati,cemani87@example.net,Male,1961-10-13,21,New,True,2020-10-10 00:00:00,insert
1530,1130,Ratih Kuswandari,viman05@example.com,Male,1961-09-23,1,New,False,2021-12-02 00:00:00,insert
1531,1131,Tyler Holder,saktipadmasari@example.org,Male,1971-11-07,11,Regular,True,2020-11-21 00:00:00,insert
1532,1131,Tyler Holder,saktipadmasari@example.org,Male,1971-11-07,2,Regular,True,2022-08-01 00:00:00,update
1533,1132,Adam Marsh,halimnova@example.com,Male,1979-12-05,16,Gold,False,2021-10-03 00:00:00,insert
1534,1133,"R. Bakti Pratiwi, S.I.Kom",rikapudjiastuti@example.com,Female,1979-12-07,25,New,False,2020-11-02 00:00:00,insert
1535,1134,Todd Ross,pmedina@example.com,Male,1971-11-23,1,Silver,False,2021-06-11 00:00:00,insert
1536,1134,Todd Ross,pmedina@example.com,Male,1971-11-23,32,Platinum,False,2025-05-08 00:00:00,update
1537,1135,Jenna Hoffman,lynnmiller@example.net,Male,1985-07-24,30,Silver,False,2021-05-05 00:00:00,insert
1538,1135,Jenna Hoffman,lynnmiller@example.net,Male,1985-07-24,30,New,True,2023-12-12 00:00:00,update
1539,1136,Sharon Nelson,maria23@example.net,Male,1999-05-18,6,New,True,2021-03-07 00:00:00,insert
1540,1137,"Tgk. Luthfi Ramadan, M.M.",davidadams@example.org,Female,1974-10-27,30,Silver,False,2020-12-06 00:00:00,insert
1541,1137,"Tgk. Luthfi Ramadan, M.M.",davidadams@example.org,Female,1974-10-27,30,Silver,True,2023-06-10 00:00:00,update
1542,1137,"Tgk. Luthfi Ramadan, M.M.",davidadams@example.org,Female,1974-10-27,18,Silver,True,2025-08-27 00:00:01,update
1543,1138,"Dt. Dodo Prabowo, S.Sos",nugrahawaskita@example.net,Male,1989-07-06,16,Gold,False,2021-03-01 00:00:00,insert
1544,1138,"Dt. Dodo Prabowo, S.Sos",nugrahawaskita@example.net,Male,1989-07-06,16,Gold,False,2023-11-23 00:00:00,update
1545,1139,Teguh Budiyanto,belinda42@example.net,Male,1998-04-16,29,New,True,2021-03-25 00:00:00,insert
1546,1139,Teguh Budiyanto,belinda42@example.net,Male,1998-04-16,5,Silver,False,2022-05-04 00:00:00,update
1547,1140,Jerry Butler,utama66@example.net,Male,1966-05-19,16,New,False,2020-10-18 00:00:00,insert
1548,1140,Jerry Butler,utama66@example.net,Male,1966-05-19,1,Regular,True,2022-12-15 00:00:00,update
1549,1140,Jerry Butler,utama66@example.net,Male,1966-05-19,1,Silver,True,2023-05-10 00:00:01,update
1550,1141,"Sabri Mayasari, S.Ked",vsantoso@example.com,Male,2002-09-14,34,New,True,2021-01-22 00:00:00,insert
1551,1142,Nicholas Miller,puspasarikiandra@example.net,Female,2002-08-08,9,Gold,False,2021-09-26 00:00:00,insert
1552,1143,Richard Hudson,changdavid@example.com,Male,1990-08-24,6,New,True,2021-08-24 00:00:00,insert
1553,1144,Daniel Berry,jared39@example.com,Female,1982-10-10,12,New,True,2021-05-06 00:00:00,insert
1554,1145,Billy Cross,gpowell@example.org,Male,1981-08-18,6,New,False,2021-11-20 00:00:00,insert
1555,1145,Billy Cross,gpowell@example.org,Male,1981-08-18,32,New,True,2022-06-13 00:00:00,update
1556,1146,Rizki Prastuti,bakidin77@example.net,Male,1992-03-13,1,Regular,True,2021-11-08 00:00:00,insert
1557,1147,Wira Hastuti,swhitaker@example.org,Male,2003-12-03,28,Silver,False,2021-05-23 00:00:00,insert
1558,1148,Febi Prasetyo,sabrinaastuti@example.com,Male,2004-08-22,16,Regular,False,2021-01-22 00:00:00,insert
1559,1149,Holly Cuevas,urajata@example.net,Female,1986-09-05,1,Regular,True,2021-02-22 00:00:00,insert
1560,1149,Holly Cuevas,urajata@example.net,Female,1986-09-05,1,Regular,True,2025-07-07 00:00:00,update
1561,1150,Jacob White,kuswoyocindy@example.com,Female,1962-09-19,11,New,False,2020-10-22 00:00:00,insert
1562,1151,"H. Kala Maulana, S.Kom",ewaluyo@example.com,Female,1986-04-12,28,New,True,2021-11-29 00:00:00,insert
1563,1151,"H. Kala Maulana, S.Kom",ewaluyo@example.com,Female,1986-04-12,6,New,False,2022-08-05 00:00:00,update
1564,1152,Marisa Carr,dnatsir@example.net,Female,1980-02-15,2,Gold,True,2020-11-13 00:00:00,insert
1565,1153,Andrew Smith,marymiller@example.net,Female,1959-10-05,21,New,False,2021-07-16 00:00:00,insert
1566,1154,Nurul Kuswoyo,alanwalker@example.net,Female,1984-09-06,1,New,True,2020-10-08 00:00:00,insert
1567,1155,"Tgk. Julia Irawan, S.T.",donald22@example.org,Female,2003-04-18,1,New,True,2021-09-16 00:00:00,insert
1568,1156,Samuel Marks,sandy52@example.com,Female,1961-09-30,21,New,False,2021-02-10 00:00:00,insert
1569,1156,Samuel Marks,sandy52@example.com,Female,1961-09-30,15,New,True,2024-07-30 00:00:00,update
1570,1157,Douglas Johnson,sudiatiyusuf@example.net,Male,1986-12-29,27,New,True,2020-10-12 00:00:00,insert
1571,1157,Douglas Johnson,sudiatiyusuf@example.net,Male,1986-12-29,23,Silver,True,2025-04-07 00:00:00,update
1572,1158,Alvin Hughes,ajiman68@example.org,Male,1980-12-24,25,Regular,False,2021-11-13 00:00:00,insert
1573,1159,Amy Kim,zbaker@example.net,Male,1957-09-30,19,Regular,True,2021-12-20 00:00:00,insert
1574,1160,Samiah Gunawan,hastutipuji@example.com,Male,2007-07-20,25,New,True,2021-06-21 00:00:00,insert
1575,1161,"Dimas Uwais, S.Pd",septihasanah@example.org,Female,1959-05-27,23,Regular,False,2020-09-18 00:00:00,insert
1576,1161,"Dimas Uwais, S.Pd",septihasanah@example.org,Female,1959-05-27,15,Silver,True,2024-11-22 00:00:00,update
1577,1162,Kristen Cruz,travis23@example.net,Male,1999-05-13,7,Regular,True,2021-04-08 00:00:00,insert
1578,1163,Christopher Lawrence,handriani@example.com,Female,1961-01-11,1,New,True,2020-08-30 00:00:00,insert
1579,1164,Sutan Dimas Salahudin,bmarbun@example.org,Male,1995-09-18,3,Silver,True,2021-12-16 00:00:00,insert
1580,1165,Ann Alvarado,mirandakimberly@example.net,Male,1998-10-13,16,Gold,True,2021-10-01 00:00:00,insert
1581,1165,Ann Alvarado,mirandakimberly@example.net,Male,1998-10-13,16,Gold,True,2025-09-05 00:00:00,update
1582,1166,Lauren Hill,mcdanieltanner@example.com,Male,1996-11-13,9,New,False,2021-08-18 00:00:00,insert
1583,1167,David Burton,rajasailsa@example.net,Male,1972-12-28,27,Silver,True,2020-10-09 00:00:00,insert
1584,1168,Ina Yulianti,zhandayani@example.org,Female,2003-02-06,34,New,False,2021-09-16 00:00:00,insert
1585,1169,Gloria Pitts,embuh07@example.net,Female,1955-07-24,11,Gold,True,2021-11-18 00:00:00,insert
1586,1169,Gloria Pitts,embuh07@example.net,Female,1955-07-24,4,Platinum,True,2024-03-12 00:00:00,update
1587,1170,Aaron Huynh,rebecca96@example.org,Female,1964-02-08,1,Regular,True,2021-12-18 00:00:00,insert
1588,1170,Aaron Huynh,rebecca96@example.org,Female,1964-02-08,5,New,True,2024-08-20 00:00:00,update
1589,1171,Casey Lewis,lwaskita@example.org,Female,1960-02-06,27,Regular,True,2021-04-05 00:00:00,insert
1590,1171,Casey Lewis,lwaskita@example.org,Female,1960-02-06,27,Regular,False,2022-11-04 00:00:00,update
1591,1172,Padma Gunarto,danang65@example.net,Male,1995-09-12,23,New,True,2021-09-15 00:00:00,insert
1592,1173,Kalim Laksmiwati,firgantorokenes@example.net,Male,1994-10-18,22,Gold,True,2021-02-19 00:00:00,insert
1593,1174,Jared Miller,laksitagenta@example.org,Male,1957-06-06,10,New,True,2021-11-06 00:00:00,insert
1594,1175,Wesley Lee,rendy06@example.org,Male,1965-04-26,1,New,True,2021-02-05 00:00:00,insert
1595,1175,Wesley Lee,rendy06@example.org,Male,1965-04-26,1,New,True,2023-06-16 00:00:00,update
1596,1176,Jesse Kennedy,dodohutapea@example.org,Male,1982-02-24,13,New,True,2021-09-29 00:00:00,insert
1597,1176,Jesse Kennedy,dodohutapea@example.org,Male,1982-02-24,14,Regular,False,2024-01-13 00:00:00,update
1598,1176,Jesse Kennedy,dodohutapea@example.org,Male,1982-02-24,14,Regular,True,2025-04-16 00:00:01,update
1599,1177,Jessica Martin,faridausyi@example.net,Female,1967-02-18,1,Regular,True,2021-01-17 00:00:00,insert
1600,1178,Anggabaya Setiawan,frank62@example.net,Female,1971-05-06,11,Gold,True,2021-09-22 00:00:00,insert
1601,1178,Anggabaya Setiawan,frank62@example.net,Female,1971-05-06,33,Gold,True,2024-07-26 00:00:00,update
1602,1179,Jaya Prayoga,danielduncan@example.com,Male,1968-08-25,11,New,True,2021-08-10 00:00:00,insert
1603,1179,Jaya Prayoga,danielduncan@example.com,Male,1968-08-25,2,New,True,2023-08-20 00:00:00,update
1604,1180,Stephanie Klein,xsaragih@example.org,Male,1967-11-17,11,Regular,True,2021-09-20 00:00:00,insert
1605,1181,Steven Benton,stephen23@example.com,Male,1964-06-30,9,New,True,2021-05-18 00:00:00,insert
1606,1182,Farah Sudiati,kevinmoss@example.org,Male,2003-05-17,8,Regular,True,2021-12-15 00:00:00,insert
1607,1183,Daniel Petty,ramanatsir@example.org,Female,1979-12-03,14,New,False,2021-11-05 00:00:00,insert
1608,1184,Dawn Williams,phillipsalbert@example.org,Male,1991-01-23,30,New,True,2021-10-08 00:00:00,insert
1609,1184,Dawn Williams,phillipsalbert@example.org,Male,1991-01-23,4,New,True,2023-05-26 00:00:00,update
1610,1185,Gary Weaver,dinamayasari@example.org,Female,1999-12-16,25,New,True,2021-01-11 00:00:00,insert
1611,1186,Ridwan Padmasari,aslijanjailani@example.com,Male,1975-09-20,7,New,True,2021-02-25 00:00:00,insert
1612,1187,David Ellis,davidnelson@example.org,Female,1955-12-10,9,Regular,True,2020-12-24 00:00:00,insert
1613,1188,Rahayu Pradipta,charles00@example.net,Female,1987-10-19,6,Silver,False,2021-05-04 00:00:00,insert
1614,1189,Leslie Davis,suryatmiadiarja@example.com,Female,2006-05-01,6,Regular,False,2021-01-30 00:00:00,insert
1615,1190,Christopher Bell,bradydavid@example.net,Male,2002-06-09,1,Regular,True,2021-07-01 00:00:00,insert
1616,1191,Katherine Hardy,lwacana@example.com,Male,1962-02-14,34,New,True,2021-10-25 00:00:00,insert
1617,1192,Joel Cox,najwa56@example.com,Male,1984-09-27,16,New,True,2021-12-12 00:00:00,insert
1618,1193,Michelle Cochran,fathonah92@example.net,Female,2005-01-23,30,Silver,True,2020-10-18 00:00:00,insert
1619,1193,Michelle Cochran,fathonah92@example.net,Female,2005-01-23,27,Silver,True,2025-01-11 00:00:00,update
1620,1194,Robert Stewart,lurhur14@example.com,Male,1973-03-19,17,New,True,2020-10-09 00:00:00,insert
1621,1195,Cory Alexander,esuartini@example.org,Male,1984-01-18,13,New,False,2020-11-27 00:00:00,insert
1622,1195,Cory Alexander,esuartini@example.org,Male,1984-01-18,13,Regular,True,2023-10-20 00:00:00,update
1623,1196,Samiah Rajata,bnurdiyanti@example.net,Female,1959-09-05,6,New,True,2020-12-16 00:00:00,insert
1624,1196,Samiah Rajata,bnurdiyanti@example.net,Female,1959-09-05,16,New,True,2024-12-30 00:00:00,update
1625,1197,dr. Rika Lestari,timothyalvarez@example.org,Male,1960-08-27,22,New,False,2020-12-28 00:00:00,insert
1626,1198,Scott Reese,alexanderhill@example.org,Male,1994-06-25,6,New,True,2021-05-28 00:00:00,insert
1627,1198,Scott Reese,alexanderhill@example.org,Male,1994-06-25,3,New,True,2022-08-04 00:00:00,update
1628,1199,Julie Roberson,samuel93@example.org,Female,1990-02-23,22,New,True,2021-11-27 00:00:00,insert
1629,1199,Julie Roberson,samuel93@example.org,Female,1990-02-23,29,New,True,2023-07-11 00:00:00,update
1630,1200,Zachary Lloyd,fujiatiunjani@example.org,Male,1992-03-12,21,New,True,2021-10-19 00:00:00,insert
1631,1201,Anthony Benitez,saragihkarna@example.org,Male,1979-01-24,11,Regular,True,2020-08-31 00:00:00,insert
1632,1201,Anthony Benitez,saragihkarna@example.org,Male,1979-01-24,12,Regular,False,2025-10-11 00:00:00,update
1633,1202,"T. Ivan Sitorus, S.Kom",okusmawati@example.org,Female,1989-12-24,13,Silver,True,2020-12-19 00:00:00,insert
1634,1203,Azalea Hakim,john90@example.net,Male,1980-03-01,6,Silver,False,2021-03-10 00:00:00,insert
1635,1203,Azalea Hakim,john90@example.net,Male,1980-03-01,28,Silver,True,2025-11-10 00:00:00,update
1636,1204,Dr. Paramita Samosir,widiastutirusman@example.org,Female,1994-11-24,16,New,False,2021-03-02 00:00:00,insert
1637,1205,Karsana Pratiwi,angelaflowers@example.org,Male,1964-10-25,26,Regular,False,2021-02-19 00:00:00,insert
1638,1205,Karsana Pratiwi,angelaflowers@example.org,Male,1964-10-25,18,Silver,True,2025-07-27 00:00:00,update
1639,1206,Ann Parks,hari34@example.net,Male,1994-12-11,29,New,True,2021-12-18 00:00:00,insert
1640,1206,Ann Parks,hari34@example.net,Male,1994-12-11,29,New,True,2022-06-25 00:00:00,update
1641,1207,Hilda Lailasari,cookrichard@example.net,Male,2001-07-19,6,Silver,True,2020-11-08 00:00:00,insert
1642,1208,Jorge Roth,fitria75@example.net,Female,1956-02-17,6,Regular,True,2021-12-24 00:00:00,insert
1643,1209,Samantha Sims,pudjiastutijaeman@example.net,Male,1975-05-07,11,New,True,2021-02-05 00:00:00,insert
1644,1209,Samantha Sims,pudjiastutijaeman@example.net,Male,1975-05-07,11,New,False,2025-08-13 00:00:00,update
1645,1210,Jenna Bennett,ckuswandari@example.org,Male,1981-07-16,30,New,False,2020-09-10 00:00:00,insert
1646,1211,Taylor Oliver,aaron35@example.org,Male,1992-02-11,33,Silver,True,2020-11-25 00:00:00,insert
1647,1211,Taylor Oliver,aaron35@example.org,Male,1992-02-11,24,Regular,True,2025-07-08 00:00:00,update
1648,1212,"drg. Kamal Waluyo, S.Pd",irnantosusanti@example.com,Male,1980-04-28,6,New,True,2021-11-01 00:00:00,insert
1650,1212,"drg. Kamal Waluyo, S.Pd",irnantosusanti@example.com,Male,1980-04-28,6,New,True,2024-02-08 00:00:01,update
1649,1212,"drg. Kamal Waluyo, S.Pd",irnantosusanti@example.com,Male,1980-04-28,6,New,False,2025-04-24 00:00:00,update
1651,1213,"drg. Ghaliyati Mandasari, S.E.",anitagunarto@example.net,Male,1984-09-17,11,New,False,2021-05-10 00:00:00,insert
1652,1213,"drg. Ghaliyati Mandasari, S.E.",anitagunarto@example.net,Male,1984-09-17,2,New,False,2025-03-06 00:00:00,update
1653,1214,Raymond Green,wnamaga@example.org,Female,1980-06-29,28,Regular,True,2021-06-05 00:00:00,insert
1654,1215,Sandra Jackson,michelle65@example.net,Male,1960-10-03,3,Silver,False,2021-11-13 00:00:00,insert
1655,1216,Estiono Pangestu,brianjones@example.org,Female,1997-08-15,1,Silver,True,2021-12-17 00:00:00,insert
1656,1216,Estiono Pangestu,brianjones@example.org,Female,1997-08-15,1,Silver,True,2023-01-17 00:00:00,update
1657,1217,"Azalea Mahendra, M.M.",acampbell@example.com,Female,1982-01-24,19,New,True,2021-09-22 00:00:00,insert
1658,1218,"T. Cakrajiya Kusumo, S.T.",jenglish@example.org,Female,1971-04-14,9,New,True,2020-09-24 00:00:00,insert
1659,1218,"T. Cakrajiya Kusumo, S.T.",jenglish@example.org,Female,1971-04-14,8,New,True,2022-12-30 00:00:00,update
1660,1219,Banara Kusmawati,owinarsih@example.com,Female,1978-03-23,34,Regular,True,2021-10-21 00:00:00,insert
1661,1220,"Ghani Hidayat, S.E.",travisgiles@example.org,Female,1980-12-08,1,New,False,2021-02-06 00:00:00,insert
1662,1221,Rafid Siregar,dsuryatmi@example.com,Male,2004-12-27,17,New,True,2021-10-01 00:00:00,insert
1663,1221,Rafid Siregar,dsuryatmi@example.com,Male,2004-12-27,27,New,True,2025-06-24 00:00:00,update
1664,1222,Prakosa Samosir,januarhana@example.org,Female,1975-07-30,16,New,True,2021-09-08 00:00:00,insert
1665,1222,Prakosa Samosir,januarhana@example.org,Female,1975-07-30,16,New,False,2024-03-29 00:00:00,update
1666,1223,Bruce Long,estiono73@example.org,Male,1999-05-05,3,Gold,True,2021-08-22 00:00:00,insert
1667,1223,Bruce Long,estiono73@example.org,Male,1999-05-05,18,Gold,True,2023-02-13 00:00:00,update
1668,1224,Bakianto Mangunsong,fmoore@example.org,Male,1955-06-30,12,Silver,False,2021-08-22 00:00:00,insert
1669,1225,Sherri Lewis,bahuwarna69@example.org,Male,1960-07-31,16,New,True,2021-05-23 00:00:00,insert
1670,1225,Sherri Lewis,bahuwarna69@example.org,Male,1960-07-31,23,New,False,2025-02-21 00:00:00,update
1671,1226,Michael Lambert,rmonroe@example.org,Female,1957-12-21,1,New,False,2020-12-28 00:00:00,insert
1672,1227,Banawi Gunawan,jensenbrianna@example.com,Male,1958-11-10,28,New,True,2021-07-08 00:00:00,insert
1673,1228,Ir. Gina Andriani,whitekenneth@example.org,Female,1984-10-01,11,Regular,True,2020-09-04 00:00:00,insert
1674,1228,Ir. Gina Andriani,whitekenneth@example.org,Female,1984-10-01,33,Regular,False,2023-11-10 00:00:00,update
1675,1229,Erin Spencer,pbanks@example.net,Female,1997-08-06,17,New,True,2021-08-23 00:00:00,insert
1676,1230,"Ir. Eka Wijayanti, S.Psi",hallkathleen@example.com,Male,1977-07-01,12,New,True,2020-11-17 00:00:00,insert
1677,1231,Banawi Oktaviani,penajustin@example.com,Male,1982-10-11,34,New,True,2021-05-01 00:00:00,insert
1678,1232,Simon Thamrin,eugene24@example.net,Female,1992-07-07,16,Regular,False,2021-08-09 00:00:00,insert
1679,1233,Dr. Danielle Clark MD,jaime15@example.net,Female,1995-01-16,33,New,True,2021-09-24 00:00:00,insert
1680,1234,"T. Muhammad Mandasari, M.TI.",laksitacahyadi@example.org,Female,1999-03-02,13,New,True,2021-04-19 00:00:00,insert
1681,1234,"T. Muhammad Mandasari, M.TI.",laksitacahyadi@example.org,Female,1999-03-02,21,Gold,False,2023-02-01 00:00:00,update
1682,1235,"Chelsea Prayoga, M.M.",lutfanyolanda@example.com,Male,1988-06-06,33,Regular,False,2021-07-03 00:00:00,insert
1683,1236,Amy Jones,jasonwebster@example.net,Female,1989-12-24,24,New,True,2021-05-22 00:00:00,insert
1684,1237,"Bahuwirya Purwanti, S.H.",julie72@example.org,Female,1958-08-02,16,New,True,2021-06-09 00:00:00,insert
1685,1238,Lidya Safitri,eileenharris@example.com,Female,1981-05-05,30,New,True,2021-10-04 00:00:00,insert
1686,1239,William Thompson,baktianto09@example.org,Male,1980-02-13,23,Silver,True,2021-03-02 00:00:00,insert
1687,1240,Vivi Novitasari,ewingjames@example.org,Male,2004-05-08,16,Regular,True,2021-06-09 00:00:00,insert
1688,1240,Vivi Novitasari,ewingjames@example.org,Male,2004-05-08,16,Silver,False,2023-06-18 00:00:00,update
1689,1241,Samantha Hayes,uwaisnasim@example.net,Female,2006-12-05,24,Regular,True,2021-12-01 00:00:00,insert
1690,1242,Rodney Miller,siregarsidiq@example.com,Male,1999-06-28,25,New,True,2020-10-03 00:00:00,insert
1691,1243,Christine Mora,tsantoso@example.net,Female,1975-08-24,11,Regular,False,2021-11-21 00:00:00,insert
1692,1243,Christine Mora,tsantoso@example.net,Female,1975-08-24,4,Regular,True,2023-12-15 00:00:00,update
1693,1244,Debbie Miller,hrasmussen@example.net,Female,1979-03-29,32,Silver,True,2021-12-02 00:00:00,insert
1694,1245,Ida Rahmawati,anthony99@example.net,Male,1989-05-02,34,New,True,2021-06-20 00:00:00,insert
1695,1246,Nilam Farida,daviscynthia@example.com,Female,1988-03-05,7,New,True,2021-09-15 00:00:00,insert
1696,1247,"Ir. Empluk Prasetyo, S.Pt",kimberly75@example.com,Female,1995-10-03,32,Platinum,False,2020-09-25 00:00:00,insert
1697,1248,Christina Collins,margaret25@example.com,Female,1979-03-12,1,Regular,True,2020-10-12 00:00:00,insert
1698,1249,"R.A. Najwa Safitri, S.Psi",aclark@example.net,Female,1961-07-26,11,Regular,True,2021-08-16 00:00:00,insert
1699,1249,"R.A. Najwa Safitri, S.Psi",aclark@example.net,Female,1961-07-26,31,Regular,True,2024-05-16 00:00:00,update
1700,1250,Jonathan Aguirre,romerodavid@example.org,Female,1982-08-29,33,Silver,True,2020-10-24 00:00:00,insert
1701,1250,Jonathan Aguirre,romerodavid@example.org,Female,1982-08-29,33,Silver,True,2022-02-19 00:00:00,update
1702,1251,Stephanie Harris,kylenovak@example.net,Male,1976-07-29,1,Silver,True,2020-12-08 00:00:00,insert
1703,1251,Stephanie Harris,kylenovak@example.net,Male,1976-07-29,13,Silver,False,2023-07-16 00:00:00,update
1704,1252,"Ir. Kezia Wibowo, M.Farm",gantarsitorus@example.com,Male,1962-02-11,16,Regular,True,2021-06-09 00:00:00,insert
1705,1252,"Ir. Kezia Wibowo, M.Farm",gantarsitorus@example.com,Male,1962-02-11,16,Regular,True,2022-04-27 00:00:00,update
1706,1253,Melissa Floyd,titinpurwanti@example.org,Male,2007-03-06,1,New,False,2021-03-19 00:00:00,insert
1707,1253,Melissa Floyd,titinpurwanti@example.org,Male,2007-03-06,1,New,True,2025-01-06 00:00:00,update
1708,1254,Ganjaran Susanti,bakiono56@example.com,Male,1960-07-15,16,Silver,True,2021-10-21 00:00:00,insert
1709,1255,Ir. Eli Saputra,mjanuar@example.net,Female,1986-02-24,4,New,True,2021-08-29 00:00:00,insert
1710,1256,David Escobar,oscott@example.org,Female,1964-04-10,18,Silver,True,2021-05-25 00:00:00,insert
1711,1257,"T. Eko Sinaga, S.H.",annagarza@example.org,Female,1984-09-18,11,Silver,True,2020-11-21 00:00:00,insert
1712,1258,Opung Nurdiyanti,wkurniawan@example.net,Male,1980-12-03,16,Gold,True,2021-05-20 00:00:00,insert
1713,1259,Arta Saputra,padmasarienteng@example.net,Female,1994-07-19,6,Silver,True,2021-08-18 00:00:00,insert
1714,1260,Amy Santos,atkinsonkaren@example.com,Male,1966-05-14,6,Gold,False,2021-09-15 00:00:00,insert
1715,1260,Amy Santos,atkinsonkaren@example.com,Male,1966-05-14,8,Gold,True,2024-11-24 00:00:00,update
1716,1261,Dustin Parker,frazierheather@example.org,Female,1989-05-17,16,Silver,False,2021-05-28 00:00:00,insert
1717,1261,Dustin Parker,frazierheather@example.org,Female,1989-05-17,33,Silver,True,2023-09-21 00:00:00,update
1718,1262,Ina Halimah,darijan12@example.org,Male,1981-08-14,11,New,False,2021-04-13 00:00:00,insert
1719,1262,Ina Halimah,darijan12@example.org,Male,1981-08-14,2,Gold,True,2023-02-07 00:00:00,update
1720,1263,Warji Puspasari,saptonocagak@example.com,Male,1956-07-06,31,New,True,2021-10-19 00:00:00,insert
1721,1264,Irsad Pertiwi,aditya70@example.com,Male,2004-08-07,26,Regular,False,2020-10-05 00:00:00,insert
1722,1265,Cut Lalita Mustofa,johnsondebbie@example.com,Male,2005-02-08,6,Regular,True,2021-05-09 00:00:00,insert
1723,1266,Franklin Zimmerman,vnelson@example.org,Male,1984-04-25,4,New,True,2021-09-19 00:00:00,insert
1724,1267,Hani Utami,usamahdimaz@example.net,Female,1963-05-02,1,Regular,False,2020-12-20 00:00:00,insert
1725,1267,Hani Utami,usamahdimaz@example.net,Female,1963-05-02,1,Regular,True,2024-03-24 00:00:00,update
1726,1268,Matthew Long,kimberlyrichardson@example.com,Female,1969-03-02,11,New,False,2021-12-15 00:00:00,insert
1728,1268,Matthew Long,kimberlyrichardson@example.com,Female,1969-03-02,21,Silver,True,2022-04-21 00:00:01,update
1727,1268,Matthew Long,kimberlyrichardson@example.com,Female,1969-03-02,11,Silver,True,2025-07-16 00:00:00,update
1729,1269,Nilam Purnawati,eharyanti@example.net,Male,1972-07-12,16,New,True,2021-10-27 00:00:00,insert
1730,1270,Paramita Sitompul,edisonnashiruddin@example.org,Female,1957-10-20,3,New,True,2021-06-11 00:00:00,insert
1731,1271,Teddy Hutapea,christineflores@example.com,Male,1988-03-22,2,Regular,True,2021-03-10 00:00:00,insert
1732,1272,dr. Paiman Halimah,khutasoit@example.com,Female,2000-05-15,15,Regular,False,2021-10-16 00:00:00,insert
1733,1273,James Walters,mandalausyi@example.org,Male,2005-12-25,8,Regular,True,2020-12-03 00:00:00,insert
1734,1273,James Walters,mandalausyi@example.org,Male,2005-12-25,7,Silver,False,2024-08-03 00:00:00,update
1735,1274,Jennifer Hunt,eric56@example.com,Female,1965-10-15,20,New,False,2021-09-09 00:00:00,insert
1736,1274,Jennifer Hunt,eric56@example.com,Female,1965-10-15,7,Gold,True,2023-01-09 00:00:00,update
1737,1275,Christina Sullivan,bruceroberto@example.net,Male,1993-10-02,15,New,False,2021-02-12 00:00:00,insert
1738,1276,dr. Maimunah Fujiati,natalie66@example.net,Female,1982-03-24,30,Silver,True,2021-07-15 00:00:00,insert
1739,1276,dr. Maimunah Fujiati,natalie66@example.net,Female,1982-03-24,15,Silver,True,2023-02-16 00:00:00,update
1740,1276,dr. Maimunah Fujiati,natalie66@example.net,Female,1982-03-24,27,Regular,True,2025-05-10 00:00:01,update
1741,1277,Jennifer Christensen,najmudinkeisha@example.org,Female,1964-08-22,11,Silver,False,2021-03-04 00:00:00,insert
1742,1278,Ryan Martinez,jane89@example.net,Female,1967-05-12,1,Silver,True,2021-04-13 00:00:00,insert
1743,1279,Violet Wijaya,diah82@example.net,Female,1990-11-10,11,Silver,True,2021-04-29 00:00:00,insert
1744,1279,Violet Wijaya,diah82@example.net,Female,1990-11-10,11,Silver,True,2023-09-08 00:00:00,update
1745,1280,Tonya Robinson,jnovitasari@example.net,Male,1998-03-24,10,Silver,True,2021-07-16 00:00:00,insert
1746,1280,Tonya Robinson,jnovitasari@example.net,Male,1998-03-24,30,Silver,True,2024-06-03 00:00:00,update
1747,1281,"dr. Rama Usada, S.E.",chambersandrew@example.org,Female,1988-07-18,33,Gold,False,2021-02-12 00:00:00,insert
1748,1282,"Panca Kurniawan, S.E.I",katherine28@example.org,Female,2002-10-09,16,Gold,True,2021-09-04 00:00:00,insert
1749,1282,"Panca Kurniawan, S.E.I",katherine28@example.org,Female,2002-10-09,8,Gold,False,2022-06-26 00:00:00,update
1750,1283,Kevin Bernard,bryanstanley@example.com,Female,2007-04-07,16,Regular,True,2021-02-15 00:00:00,insert
1751,1284,Halim Ardianto,pratiwinadine@example.net,Male,1992-12-03,11,New,True,2020-11-02 00:00:00,insert
1752,1284,Halim Ardianto,pratiwinadine@example.net,Male,1992-12-03,17,New,True,2024-05-05 00:00:00,update
1753,1285,Tami Irawan,ntaylor@example.com,Female,2001-06-11,14,Silver,False,2020-08-29 00:00:00,insert
1754,1286,"Cut Paris Yuliarti, M.Farm",uharyanti@example.com,Female,1984-05-13,28,New,True,2021-10-08 00:00:00,insert
1755,1287,dr. Jindra Haryanti,gonzalezlauren@example.com,Female,1985-12-11,14,Regular,True,2021-01-05 00:00:00,insert
1756,1287,dr. Jindra Haryanti,gonzalezlauren@example.com,Female,1985-12-11,14,Silver,True,2022-12-27 00:00:00,update
1757,1288,Natalie Novak,robertdeleon@example.org,Male,1984-08-22,5,New,True,2021-02-14 00:00:00,insert
1758,1289,"drg. Paramita Manullang, M.M.",chensley@example.com,Male,1988-12-15,6,Silver,False,2021-10-12 00:00:00,insert
1759,1290,Krista Miller,pranata68@example.com,Female,1995-07-11,27,New,True,2020-12-02 00:00:00,insert
1760,1291,Farhunnisa Mayasari,qlewis@example.org,Female,1987-09-08,15,New,True,2020-11-30 00:00:00,insert
1761,1291,Farhunnisa Mayasari,qlewis@example.org,Female,1987-09-08,15,Regular,True,2024-08-26 00:00:00,update
1762,1292,Latika Tarihoran,april37@example.org,Male,1959-08-24,4,New,True,2020-12-19 00:00:00,insert
1763,1293,John Rodriguez,ihernandez@example.net,Male,1978-11-24,17,Silver,False,2021-07-21 00:00:00,insert
1764,1293,John Rodriguez,ihernandez@example.net,Male,1978-11-24,6,Silver,True,2025-01-06 00:00:00,update
1765,1294,"dr. Kartika Aryani, S.IP",beth44@example.com,Male,1989-02-10,13,New,True,2020-10-17 00:00:00,insert
1766,1295,Casey Palmer,amymoore@example.com,Male,1983-08-29,14,Regular,True,2020-08-28 00:00:00,insert
1767,1296,"Dr. Ami Nasyiah, S.Farm",pangestucakrabirawa@example.org,Male,1996-03-27,16,Regular,False,2020-09-01 00:00:00,insert
1768,1297,"Intan Jailani, M.Kom.",putri78@example.net,Female,2007-10-28,11,Regular,False,2021-05-21 00:00:00,insert
1769,1298,Linda Ramirez,khutasoit@example.org,Male,1985-06-23,22,Silver,True,2021-03-23 00:00:00,insert
1770,1298,Linda Ramirez,khutasoit@example.org,Male,1985-06-23,24,Silver,True,2024-03-28 00:00:00,update
1771,1299,"Mutia Rahayu, S.Gz",smithcorey@example.com,Male,1961-01-02,4,Silver,True,2021-04-10 00:00:00,insert
1772,1299,"Mutia Rahayu, S.Gz",smithcorey@example.com,Male,1961-01-02,4,Platinum,True,2024-06-19 00:00:00,update
1773,1300,"R. Dinda Nuraini, M.Farm",pamelajohnson@example.net,Female,1962-04-20,9,Regular,False,2021-08-15 00:00:00,insert
1774,1300,"R. Dinda Nuraini, M.Farm",pamelajohnson@example.net,Female,1962-04-20,23,Regular,True,2022-10-02 00:00:00,update
1775,1301,George Garcia,mahendragamblang@example.net,Male,2001-12-18,1,Regular,False,2021-05-06 00:00:00,insert
1776,1301,George Garcia,mahendragamblang@example.net,Male,2001-12-18,17,Regular,True,2025-11-07 00:00:00,update
1777,1302,Daniel Hamilton,usirait@example.org,Female,1985-08-31,6,New,True,2020-11-25 00:00:00,insert
1778,1302,Daniel Hamilton,usirait@example.org,Female,1985-08-31,31,New,False,2022-02-16 00:00:00,update
1779,1303,Wendy Clark,edwardsjonathan@example.org,Female,1971-06-08,1,Gold,False,2021-04-15 00:00:00,insert
1780,1303,Wendy Clark,edwardsjonathan@example.org,Female,1971-06-08,25,Gold,True,2025-03-25 00:00:00,update
1781,1304,Drs. Chandra Palastri,lrobles@example.org,Male,1978-05-07,23,New,False,2021-04-24 00:00:00,insert
1782,1304,Drs. Chandra Palastri,lrobles@example.org,Male,1978-05-07,13,Regular,True,2024-10-23 00:00:00,update
1783,1305,R. Ganjaran Usamah,ciciwibowo@example.com,Female,1971-09-20,34,Gold,True,2020-09-28 00:00:00,insert
1784,1306,Dt. Wawan Tamba,williamsolivia@example.org,Female,1999-02-04,10,New,True,2020-08-22 00:00:00,insert
1785,1307,Ashley Sullivan,corneliasaputra@example.com,Female,1976-04-12,16,Regular,True,2021-09-29 00:00:00,insert
1786,1308,Nancy Coleman,xward@example.org,Male,2007-11-14,9,Regular,True,2020-10-04 00:00:00,insert
1787,1309,Galih Zulaika,marwatawahyudin@example.org,Female,2008-03-09,16,Regular,True,2021-09-22 00:00:00,insert
1788,1310,Brittany Campbell,codyolsen@example.org,Female,1979-05-14,34,Regular,True,2020-11-06 00:00:00,insert
1789,1311,Holly Shaffer,egunawan@example.net,Male,1972-04-25,21,New,False,2021-11-30 00:00:00,insert
1790,1312,Okta Hidayanto,vpradana@example.org,Male,1961-10-01,6,New,True,2021-09-06 00:00:00,insert
1791,1313,Nancy Wilson,eric60@example.com,Male,1979-10-11,11,New,False,2021-09-29 00:00:00,insert
1792,1313,Nancy Wilson,eric60@example.com,Male,1979-10-11,14,Silver,True,2022-09-29 00:00:00,update
1793,1314,dr. Tantri Hidayat,belinda00@example.com,Male,2003-04-02,16,Silver,True,2021-06-24 00:00:00,insert
1794,1315,Scott Jones,anthony27@example.net,Female,1959-01-26,5,Gold,False,2020-12-06 00:00:00,insert
1795,1315,Scott Jones,anthony27@example.net,Female,1959-01-26,29,Gold,True,2025-08-18 00:00:00,update
1796,1316,Leah Lee,scottwright@example.net,Male,1999-05-21,6,Regular,True,2021-09-20 00:00:00,insert
1797,1317,Wardi Winarsih,donald19@example.net,Male,1977-01-08,13,New,False,2021-05-27 00:00:00,insert
1798,1317,Wardi Winarsih,donald19@example.net,Male,1977-01-08,4,New,True,2022-09-03 00:00:00,update
1799,1318,"Gambira Narpati, S.E.I",reksayolanda@example.com,Male,1961-03-28,11,Regular,False,2021-01-21 00:00:00,insert
1800,1319,Jennifer Wilkerson,randallsarah@example.com,Female,1964-09-25,11,New,False,2021-06-11 00:00:00,insert
1801,1319,Jennifer Wilkerson,randallsarah@example.com,Female,1964-09-25,31,New,False,2024-10-08 00:00:00,update
1802,1320,Spencer Cross,simanjuntakdamar@example.org,Female,1980-04-07,16,Regular,True,2021-10-02 00:00:00,insert
1803,1320,Spencer Cross,simanjuntakdamar@example.org,Female,1980-04-07,16,Regular,False,2025-05-16 00:00:00,update
1804,1321,Tugiman Hardiansyah,ciaobellahasanah@example.com,Male,1984-03-23,23,Silver,True,2021-03-05 00:00:00,insert
1805,1322,Drs. Pardi Waluyo,haryantowadi@example.com,Male,2007-09-16,23,Silver,True,2021-03-17 00:00:00,insert
1806,1323,Madeline Bryan,emily92@example.net,Male,1980-07-11,12,New,False,2021-04-17 00:00:00,insert
1807,1324,Angela Sandoval,dsmith@example.com,Male,1970-07-22,16,New,True,2021-01-10 00:00:00,insert
1808,1324,Angela Sandoval,dsmith@example.com,Male,1970-07-22,16,New,True,2022-07-19 00:00:00,update
1809,1325,Iriana Napitupulu,nurdiyantixanana@example.net,Female,1986-08-06,11,Gold,True,2021-12-22 00:00:00,insert
1810,1325,Iriana Napitupulu,nurdiyantixanana@example.net,Female,1986-08-06,11,Gold,True,2025-09-25 00:00:00,update
1811,1326,Johnny Dickson,seanjohnson@example.net,Male,1995-05-29,11,New,True,2021-06-12 00:00:00,insert
1812,1326,Johnny Dickson,seanjohnson@example.net,Male,1995-05-29,7,Silver,True,2023-03-29 00:00:00,update
1813,1327,Restu Firgantoro,crawfordgary@example.org,Male,2000-06-14,7,New,False,2021-08-15 00:00:00,insert
1814,1328,Kevin Williams,maman65@example.net,Female,1981-04-11,13,Regular,False,2020-09-04 00:00:00,insert
1815,1329,Pia Rahmawati,usmith@example.com,Male,1983-08-26,1,New,True,2020-10-23 00:00:00,insert
1816,1330,Dr. Lisa Peterson,etamba@example.net,Male,1992-03-28,16,Regular,False,2021-11-19 00:00:00,insert
1817,1331,Mark Rogers,farahsudiati@example.org,Female,2005-03-14,3,New,True,2021-07-02 00:00:00,insert
1818,1332,Dr. Raditya Sihotang,daniswara90@example.com,Male,1989-01-16,20,New,False,2021-01-20 00:00:00,insert
1819,1333,Jonathan Wilson,yosef31@example.org,Female,1962-11-08,17,Regular,False,2021-08-07 00:00:00,insert
1820,1333,Jonathan Wilson,yosef31@example.org,Female,1962-11-08,17,Regular,True,2025-08-20 00:00:00,update
1821,1334,Ibun Widiastuti,robertsonelizabeth@example.org,Female,1961-12-14,34,Silver,True,2021-03-19 00:00:00,insert
1822,1335,Amanda Washington,kenari13@example.net,Female,1980-01-22,22,Regular,True,2020-09-21 00:00:00,insert
1823,1336,Harto Wulandari,loriperez@example.org,Male,1960-02-12,11,Silver,True,2021-09-07 00:00:00,insert
1824,1337,"R. Humaira Mustofa, S.IP",halim83@example.com,Male,1984-04-24,6,New,True,2021-07-29 00:00:00,insert
1825,1337,"R. Humaira Mustofa, S.IP",halim83@example.com,Male,1984-04-24,15,New,False,2022-04-05 00:00:00,update
1826,1338,Nathan Warren,mustofahani@example.net,Female,1998-10-21,27,Gold,False,2020-10-11 00:00:00,insert
1827,1339,Cheryl Adams,znovitasari@example.com,Male,1986-05-18,4,Regular,False,2020-11-14 00:00:00,insert
1828,1339,Cheryl Adams,znovitasari@example.com,Male,1986-05-18,7,Platinum,False,2025-08-29 00:00:00,update
1829,1340,Adikara Pranowo,firmansyahkadir@example.net,Female,1979-12-11,26,New,True,2021-12-27 00:00:00,insert
1830,1340,Adikara Pranowo,firmansyahkadir@example.net,Female,1979-12-11,22,New,False,2024-07-10 00:00:00,update
1831,1341,Christopher Owens,jacobsweeney@example.com,Female,1956-11-08,7,New,True,2021-06-10 00:00:00,insert
1832,1342,Molly Baker,christopherstone@example.com,Female,1956-12-21,27,Regular,False,2020-09-18 00:00:00,insert
1833,1342,Molly Baker,christopherstone@example.com,Female,1956-12-21,4,Silver,True,2024-03-16 00:00:00,update
1834,1343,Nicholas Tran,charles33@example.org,Female,1963-11-04,6,Silver,True,2020-12-31 00:00:00,insert
1835,1344,Eli Hakim,lwasita@example.org,Female,2002-10-04,23,New,False,2020-12-03 00:00:00,insert
1836,1344,Eli Hakim,lwasita@example.org,Female,2002-10-04,3,New,True,2023-11-14 00:00:00,update
1837,1345,Patrick Davis,chavezelizabeth@example.com,Male,1972-09-09,7,Regular,True,2021-03-07 00:00:00,insert
1838,1346,Kevin Moore,dillonalexander@example.org,Male,1999-03-24,11,Regular,True,2021-06-27 00:00:00,insert
1839,1347,Eduardo Cordova,garrettjessica@example.net,Male,1997-02-14,23,New,True,2021-05-24 00:00:00,insert
1840,1348,Niyaga Lestari,kingeric@example.org,Male,1969-04-09,3,Regular,True,2021-05-15 00:00:00,insert
1841,1348,Niyaga Lestari,kingeric@example.org,Male,1969-04-09,26,Regular,True,2024-08-02 00:00:00,update
1842,1349,Lanjar Lailasari,bakidin23@example.com,Male,1985-08-02,30,Silver,True,2021-03-18 00:00:00,insert
1843,1349,Lanjar Lailasari,bakidin23@example.com,Male,1985-08-02,10,Silver,True,2025-03-16 00:00:00,update
1844,1350,Dr. Wage Hutagalung,jbudiman@example.net,Male,1966-04-21,16,Regular,True,2020-11-08 00:00:00,insert
1845,1351,Silvia Nugroho,lnainggolan@example.com,Male,1993-09-22,26,Platinum,True,2021-10-18 00:00:00,insert
1846,1351,Silvia Nugroho,lnainggolan@example.com,Male,1993-09-22,28,Gold,True,2025-09-04 00:00:00,update
1847,1352,Michael Hooper,taylorsummer@example.net,Male,1971-04-11,11,Silver,True,2021-12-07 00:00:00,insert
1848,1353,Joseph Horn,mursinin00@example.net,Male,1966-10-25,17,Regular,True,2021-11-20 00:00:00,insert
1849,1354,"T. Raharja Samosir, M.Farm",habibirangga@example.net,Female,1988-04-22,33,New,True,2021-01-13 00:00:00,insert
1850,1355,"Yuni Pratiwi, S.IP",michelle26@example.com,Male,1963-02-21,1,Silver,True,2021-04-05 00:00:00,insert
1851,1356,T. Ivan Latupono,kwahyuni@example.net,Female,1962-08-26,16,New,True,2021-12-18 00:00:00,insert
1852,1357,Tonya Shaw,marsitosafitri@example.org,Male,2005-08-14,29,Regular,False,2021-12-28 00:00:00,insert
1853,1357,Tonya Shaw,marsitosafitri@example.org,Male,2005-08-14,21,Regular,True,2022-11-19 00:00:00,update
1854,1358,Michael Crosby,schultzthomas@example.org,Female,2002-11-23,1,Regular,False,2021-05-28 00:00:00,insert
1855,1359,"Balidin Waluyo, S.Psi",lamarkurniawan@example.org,Male,1999-11-10,23,Regular,True,2021-11-07 00:00:00,insert
1856,1360,Jindra Padmasari,stevengrimes@example.net,Female,2004-09-25,21,Silver,True,2020-08-31 00:00:00,insert
1857,1360,Jindra Padmasari,stevengrimes@example.net,Female,2004-09-25,15,Gold,True,2023-07-04 00:00:00,update
1858,1361,Tugiman Maheswara,wtrevino@example.com,Male,1986-06-22,27,New,True,2021-12-23 00:00:00,insert
1859,1361,Tugiman Maheswara,wtrevino@example.com,Male,1986-06-22,28,Platinum,False,2023-11-07 00:00:00,update
1860,1362,Kasiyah Puspasari,plittle@example.org,Female,1962-03-24,11,Regular,False,2021-05-26 00:00:00,insert
1861,1363,Donna Massey,hayesjacob@example.com,Female,1986-03-15,34,New,True,2021-04-02 00:00:00,insert
1862,1364,Cameron Ward,john46@example.com,Male,2005-09-04,29,Silver,True,2021-11-10 00:00:00,insert
1863,1364,Cameron Ward,john46@example.com,Male,2005-09-04,29,Gold,True,2022-03-02 00:00:00,update
1864,1365,William Dickerson,halimahhimawan@example.net,Male,1997-01-11,5,New,True,2020-12-31 00:00:00,insert
1865,1366,Diah Sihotang,courtney57@example.org,Male,1976-02-13,11,New,True,2021-10-07 00:00:00,insert
1866,1367,Kartika Usamah,triagustina@example.net,Male,1988-05-02,32,Regular,True,2020-10-16 00:00:00,insert
1867,1367,Kartika Usamah,triagustina@example.net,Male,1988-05-02,17,Regular,True,2022-11-28 00:00:00,update
1868,1368,Dewi Hutapea,jessealvarado@example.org,Male,1966-11-04,16,New,True,2021-07-19 00:00:00,insert
1869,1369,"R.A. Clara Sitorus, M.M.",baktiadisusanti@example.org,Male,1987-06-10,6,New,False,2020-12-19 00:00:00,insert
1870,1369,"R.A. Clara Sitorus, M.M.",baktiadisusanti@example.org,Male,1987-06-10,6,Regular,True,2024-01-04 00:00:00,update
1871,1370,Todd Sanchez,wakimanwidodo@example.net,Male,1974-03-02,10,New,False,2020-09-30 00:00:00,insert
1872,1370,Todd Sanchez,wakimanwidodo@example.net,Male,1974-03-02,10,New,False,2023-07-19 00:00:00,update
1873,1371,Matthew Williams,ffuentes@example.com,Male,1957-02-27,29,New,True,2020-12-11 00:00:00,insert
1874,1372,Victor Santiago,brooke25@example.org,Female,1971-10-23,15,New,False,2021-10-18 00:00:00,insert
1875,1373,Austin Cook,nwidiastuti@example.com,Male,1983-06-14,7,New,True,2021-02-26 00:00:00,insert
1876,1373,Austin Cook,nwidiastuti@example.com,Male,1983-06-14,7,New,True,2025-02-14 00:00:00,update
1877,1373,Austin Cook,nwidiastuti@example.com,Male,1983-06-14,7,Regular,False,2025-07-21 00:00:01,update
1878,1374,Devi Hutapea,raina93@example.net,Female,1976-03-15,20,New,True,2020-10-28 00:00:00,insert
1879,1375,Katrina Price DVM,calexander@example.net,Female,1955-12-02,11,Regular,True,2021-03-09 00:00:00,insert
1880,1376,Donald Sherman,davisryan@example.net,Male,2000-06-22,14,Silver,True,2021-01-09 00:00:00,insert
1881,1377,Jessica Martin,jose75@example.org,Male,1973-11-18,16,Regular,True,2021-08-16 00:00:00,insert
1882,1378,Jail Mandasari,prasetyahairyanto@example.com,Male,2000-02-19,7,New,True,2021-01-28 00:00:00,insert
1883,1379,Ashley Richardson,hana71@example.org,Male,1984-05-03,29,Silver,True,2020-09-23 00:00:00,insert
1884,1380,Elizabeth Vaughan,patriciasmith@example.com,Male,1995-07-21,1,New,True,2021-03-09 00:00:00,insert
1885,1381,Kyle Haas,monique27@example.net,Male,1956-02-14,34,Regular,True,2021-02-04 00:00:00,insert
1886,1382,Benjamin Howard,rachelsims@example.net,Female,1985-01-16,5,Regular,True,2020-11-04 00:00:00,insert
1887,1383,Wahyu Marbun,youngchristopher@example.com,Female,1968-07-13,19,New,True,2021-07-06 00:00:00,insert
1888,1383,Wahyu Marbun,youngchristopher@example.com,Female,1968-07-13,19,New,True,2023-02-11 00:00:00,update
1889,1384,"Mitra Tarihoran, S.Farm",ccoleman@example.org,Female,1998-07-21,20,New,True,2021-02-02 00:00:00,insert
1890,1384,"Mitra Tarihoran, S.Farm",ccoleman@example.org,Female,1998-07-21,24,Silver,True,2023-05-16 00:00:00,update
1891,1385,Shelby Little,hardiansyahyunita@example.org,Male,2003-03-02,20,Silver,True,2021-04-19 00:00:00,insert
1892,1386,T. Prabowo Simbolon,wkurniawan@example.com,Female,1981-03-23,29,New,False,2020-12-14 00:00:00,insert
1893,1386,T. Prabowo Simbolon,wkurniawan@example.com,Female,1981-03-23,29,Silver,False,2025-07-10 00:00:00,update
1894,1387,Brian Johnson,bsiregar@example.org,Male,1970-06-01,1,New,True,2021-05-06 00:00:00,insert
1895,1388,Elizabeth Harper MD,richarddudley@example.net,Female,1956-09-10,6,Gold,True,2020-09-08 00:00:00,insert
1896,1389,Nicole Blevins,jamalmustofa@example.com,Male,1974-12-15,23,Regular,True,2021-10-12 00:00:00,insert
1897,1389,Nicole Blevins,jamalmustofa@example.com,Male,1974-12-15,26,Regular,True,2023-11-01 00:00:00,update
1898,1390,Raina Adriansyah,iswahyudiajimat@example.org,Female,1966-10-23,16,New,True,2021-08-08 00:00:00,insert
1900,1390,Raina Adriansyah,iswahyudiajimat@example.org,Female,1966-10-23,26,Gold,True,2023-02-07 00:00:01,update
1899,1390,Raina Adriansyah,iswahyudiajimat@example.org,Female,1966-10-23,16,New,True,2023-12-21 00:00:00,update
1901,1391,"Kamila Simanjuntak, S.Pd",mitchelljames@example.net,Male,1997-05-02,33,New,True,2021-04-10 00:00:00,insert
1902,1392,"drg. Bakianto Saefullah, S.Farm",vmaheswara@example.net,Male,1977-08-26,11,New,True,2021-06-02 00:00:00,insert
1903,1392,"drg. Bakianto Saefullah, S.Farm",vmaheswara@example.net,Male,1977-08-26,11,New,True,2023-09-05 00:00:00,update
1904,1393,Galih Widiastuti,torresmatthew@example.com,Male,1990-12-26,25,Gold,False,2021-01-28 00:00:00,insert
1905,1394,Misty Ward,deleonjohn@example.org,Female,2001-11-29,6,Regular,True,2021-06-20 00:00:00,insert
1906,1395,Kathleen Robinson,rusman32@example.org,Female,1963-02-06,1,New,False,2021-02-23 00:00:00,insert
1907,1396,Theresa Stevenson,kyle38@example.net,Female,1977-06-12,7,Gold,True,2021-01-28 00:00:00,insert
1908,1397,Dennis Simpson,odomclaire@example.com,Female,1963-01-14,14,Gold,True,2021-11-20 00:00:00,insert
1909,1398,Ariana Bennett,stonejanice@example.net,Male,1971-11-15,29,New,False,2021-01-01 00:00:00,insert
1910,1399,Shania Pradipta,brandonhuber@example.com,Male,1995-06-26,34,Silver,False,2021-03-27 00:00:00,insert
1911,1400,Hj. Faizah Yulianti,napitupululaila@example.org,Female,1975-12-17,11,New,True,2021-09-30 00:00:00,insert
1912,1401,Leah Mitchell,nhakim@example.com,Male,1975-01-08,5,New,True,2021-09-14 00:00:00,insert
1913,1402,Louis Russell,nancy20@example.com,Female,1999-05-25,11,Regular,False,2021-05-01 00:00:00,insert
1914,1403,Tiara Palastri,iswahyudilanggeng@example.net,Female,1982-08-16,1,Regular,True,2021-07-01 00:00:00,insert
1915,1404,"Padma Waskita, S.Ked",caleb53@example.org,Male,1987-09-22,16,Regular,True,2021-05-26 00:00:00,insert
1916,1405,Agnes Lazuardi,ardiantowarsa@example.net,Female,1962-03-10,11,Gold,False,2021-09-11 00:00:00,insert
1917,1406,Agus Yolanda,spangestu@example.com,Male,1988-02-24,20,New,False,2021-12-26 00:00:00,insert
1918,1407,Krystal Dawson,nathan47@example.net,Female,2001-06-24,29,New,False,2021-02-04 00:00:00,insert
1919,1407,Krystal Dawson,nathan47@example.net,Female,2001-06-24,31,New,True,2023-11-05 00:00:00,update
1920,1408,Steven Villa,teresavincent@example.net,Female,1987-11-17,2,Regular,True,2021-08-25 00:00:00,insert
1921,1409,David Chambers,gloriathompson@example.net,Female,1972-08-31,26,New,False,2020-10-25 00:00:00,insert
1922,1409,David Chambers,gloriathompson@example.net,Female,1972-08-31,14,Silver,True,2022-02-05 00:00:00,update
1923,1410,Molly Leon,pangestusuryono@example.org,Female,2002-08-18,18,Silver,True,2021-12-01 00:00:00,insert
1924,1411,Rama Hassanah,putracatur@example.net,Female,2008-03-21,16,New,True,2020-09-01 00:00:00,insert
1925,1412,Rahmat Nugroho,bjanuar@example.net,Female,1985-01-15,14,New,False,2021-03-30 00:00:00,insert
1926,1413,Jessica Tyler,owaskita@example.com,Female,1981-11-16,26,New,False,2021-12-06 00:00:00,insert
1927,1413,Jessica Tyler,owaskita@example.com,Female,1981-11-16,22,New,True,2023-07-27 00:00:00,update
1928,1414,Joshua James,garda87@example.com,Male,1995-01-29,18,Gold,False,2020-08-24 00:00:00,insert
1929,1415,Robert Burton,rbaker@example.org,Male,1987-04-29,6,Gold,False,2021-02-27 00:00:00,insert
1930,1416,Ashley Green,budimangaluh@example.org,Male,1994-04-30,15,New,False,2020-10-25 00:00:00,insert
1931,1417,"Dr. Karja Wibowo, S.Gz",nabila05@example.net,Male,1995-04-21,30,Regular,True,2020-08-26 00:00:00,insert
1932,1417,"Dr. Karja Wibowo, S.Gz",nabila05@example.net,Male,1995-04-21,18,Regular,True,2024-03-22 00:00:00,update
1933,1418,Tracie Fowler,lisajohns@example.net,Male,1994-01-27,22,New,True,2020-10-15 00:00:00,insert
1934,1418,Tracie Fowler,lisajohns@example.net,Male,1994-01-27,12,Platinum,True,2024-12-31 00:00:00,update
1935,1419,Wulan Wahyudin,tanyaperry@example.net,Male,1965-09-21,11,New,False,2021-08-01 00:00:00,insert
1936,1420,Zachary Osborne,bakijan62@example.com,Male,1976-05-28,25,Platinum,True,2020-10-26 00:00:00,insert
1937,1420,Zachary Osborne,bakijan62@example.com,Male,1976-05-28,25,Silver,True,2024-12-16 00:00:00,update
1938,1421,Steven Knight,whitneybautista@example.com,Male,1989-03-03,34,Regular,True,2021-09-11 00:00:00,insert
1939,1422,Robert Stevens,inurdiyanti@example.org,Male,2005-11-25,20,New,True,2021-05-26 00:00:00,insert
1940,1423,Raditya Pradipta,kennethkelley@example.org,Male,1978-01-05,6,New,True,2021-07-30 00:00:00,insert
1941,1423,Raditya Pradipta,kennethkelley@example.org,Male,1978-01-05,6,Platinum,True,2025-01-01 00:00:00,update
1942,1424,Michael Erickson,simbolonana@example.net,Male,1976-11-10,34,Regular,True,2020-12-30 00:00:00,insert
1943,1425,"Bagiya Latupono, M.M.",csoto@example.net,Female,1978-12-02,12,New,False,2021-09-17 00:00:00,insert
1944,1426,Scott White,prima49@example.net,Male,2005-07-25,11,New,True,2021-02-11 00:00:00,insert
1945,1426,Scott White,prima49@example.net,Male,2005-07-25,32,New,False,2024-10-27 00:00:00,update
1946,1427,"Ir. Candra Pradipta, S.T.",nyana60@example.com,Male,1972-12-02,27,Silver,False,2020-10-29 00:00:00,insert
1947,1428,"R.M. Radika Hidayanto, S.I.Kom",kusmawatifarhunnisa@example.net,Male,1970-11-30,16,New,False,2021-11-03 00:00:00,insert
1948,1429,Vera Mandasari,tmarks@example.com,Female,1984-05-25,2,Regular,True,2021-01-19 00:00:00,insert
1949,1430,Matthew Davis,phidayat@example.org,Male,1963-11-27,8,New,False,2020-11-01 00:00:00,insert
1950,1430,Matthew Davis,phidayat@example.org,Male,1963-11-27,27,Regular,False,2022-11-21 00:00:00,update
1951,1431,Muni Safitri,ffirmansyah@example.net,Male,1999-09-11,22,New,True,2021-02-28 00:00:00,insert
1952,1432,Logan Burke,lailatampubolon@example.net,Male,1992-05-06,6,Regular,False,2020-12-07 00:00:00,insert
1953,1433,dr. Yessi Susanti,bahuwarnasuryono@example.com,Male,1963-11-30,15,Regular,False,2021-09-05 00:00:00,insert
1954,1433,dr. Yessi Susanti,bahuwarnasuryono@example.com,Male,1963-11-30,23,Regular,True,2023-01-04 00:00:00,update
1955,1433,dr. Yessi Susanti,bahuwarnasuryono@example.com,Male,1963-11-30,26,Regular,True,2025-11-10 00:00:01,update
1956,1434,Deborah Kane,meghan00@example.org,Male,1980-12-05,5,New,False,2020-09-19 00:00:00,insert
1957,1435,Colin Hayes,connor53@example.com,Female,1995-03-27,13,Regular,False,2020-11-05 00:00:00,insert
1958,1435,Colin Hayes,connor53@example.com,Female,1995-03-27,13,New,True,2023-03-06 00:00:00,update
1959,1436,Rachel Rodriguez,anneshaw@example.com,Female,1956-09-19,17,Regular,True,2021-12-28 00:00:00,insert
1960,1437,"Almira Tamba, M.Pd",megan08@example.org,Female,1980-07-28,12,Silver,True,2021-12-18 00:00:00,insert
1961,1438,Ashley Meyer,gregory68@example.com,Male,2004-01-19,1,New,False,2021-12-12 00:00:00,insert
1962,1439,Pamela Nixon,indah70@example.net,Female,1986-12-04,6,Silver,True,2021-03-11 00:00:00,insert
1963,1439,Pamela Nixon,indah70@example.net,Female,1986-12-04,16,Silver,True,2025-09-08 00:00:00,update
1964,1440,Jeremy Ortiz,martanimarbun@example.com,Male,1994-12-06,7,Gold,True,2020-09-16 00:00:00,insert
1965,1441,Willie Diaz,zulaikaviman@example.org,Female,1971-07-05,22,New,True,2021-02-08 00:00:00,insert
1966,1442,Jose Dixon,alvarezbrandi@example.com,Male,1993-12-03,31,New,False,2020-09-28 00:00:00,insert
1967,1442,Jose Dixon,alvarezbrandi@example.com,Male,1993-12-03,17,Regular,False,2023-12-01 00:00:00,update
1968,1443,Timothy Murphy,oktavianihana@example.org,Female,1978-02-12,5,Regular,False,2021-01-14 00:00:00,insert
1969,1443,Timothy Murphy,oktavianihana@example.org,Female,1978-02-12,5,Regular,True,2024-12-12 00:00:00,update
1970,1444,Lisa Leach,lance90@example.net,Female,1999-08-10,11,Regular,False,2021-09-01 00:00:00,insert
1971,1445,Usyi Nasyidah,lmandala@example.net,Male,1983-11-08,11,New,False,2021-02-23 00:00:00,insert
1972,1445,Usyi Nasyidah,lmandala@example.net,Male,1983-11-08,11,Silver,True,2025-09-18 00:00:00,update
1973,1446,Bakiman Megantara,sarahpowell@example.com,Male,2004-11-11,16,New,True,2020-08-19 00:00:00,insert
1974,1447,Lala Tarihoran,weaverronald@example.org,Female,1987-04-11,33,Regular,False,2021-01-31 00:00:00,insert
1975,1448,Amelia Yolanda,paul61@example.org,Male,1973-04-04,6,Regular,True,2021-07-02 00:00:00,insert
1976,1449,Anthony Robertson Jr.,kanisiregar@example.com,Female,1965-01-24,11,Gold,True,2021-09-03 00:00:00,insert
1977,1450,"Hasta Astuti, S.Kom",travis64@example.net,Male,1959-05-16,12,New,True,2021-05-27 00:00:00,insert
1978,1450,"Hasta Astuti, S.Kom",travis64@example.net,Male,1959-05-16,13,New,False,2025-06-30 00:00:00,update
1979,1451,Sandra Wilson,brookestanton@example.com,Male,1978-09-24,32,New,False,2021-08-22 00:00:00,insert
1981,1451,Sandra Wilson,brookestanton@example.com,Male,1978-09-24,26,Platinum,True,2022-03-24 00:00:01,update
1980,1451,Sandra Wilson,brookestanton@example.com,Male,1978-09-24,32,Platinum,True,2022-08-28 00:00:00,update
1982,1452,"Harsanto Saputra, S.Pt",yuniarlega@example.com,Female,1957-01-19,29,Regular,False,2021-04-06 00:00:00,insert
1983,1453,"dr. Ratna Laksita, S.IP",flestari@example.net,Male,1995-08-17,33,New,True,2021-09-02 00:00:00,insert
1984,1454,Kawaya Narpati,zbeltran@example.com,Male,1980-03-01,20,Gold,False,2021-10-19 00:00:00,insert
1985,1455,Jamie Morris,fhasanah@example.org,Male,1970-02-27,21,New,True,2021-11-07 00:00:00,insert
1986,1456,Aurora Pradipta,hardiansyahzelaya@example.com,Female,1961-02-01,1,New,False,2021-05-16 00:00:00,insert
1987,1456,Aurora Pradipta,hardiansyahzelaya@example.com,Female,1961-02-01,16,Regular,False,2025-02-20 00:00:00,update
1988,1457,Emily Carey,taufiklestari@example.net,Male,2007-02-02,6,Silver,True,2021-06-29 00:00:00,insert
1989,1457,Emily Carey,taufiklestari@example.net,Male,2007-02-02,17,New,True,2025-03-25 00:00:00,update
1990,1458,Frank Taylor,tinawheeler@example.com,Male,1999-09-16,11,Regular,False,2021-07-01 00:00:00,insert
1991,1459,"R.M. Mariadi Pangestu, M.Farm",habibivinsen@example.net,Male,1989-04-28,33,New,False,2020-12-10 00:00:00,insert
1992,1460,Nabila Hidayat,smithharold@example.com,Male,1986-12-13,11,New,False,2021-11-16 00:00:00,insert
1993,1461,Raina Pradipta,ijohnson@example.org,Male,2007-02-09,18,Silver,True,2021-11-13 00:00:00,insert
1994,1462,Dr. Kani Pradipta,saifulramadan@example.com,Female,1983-10-22,34,New,False,2021-04-03 00:00:00,insert
1995,1463,Rudi Maulana,tlailasari@example.com,Female,2000-02-01,11,Regular,True,2021-01-27 00:00:00,insert
1996,1464,Marie Lamb,charles92@example.net,Female,1994-12-18,6,Regular,True,2021-09-26 00:00:00,insert
1997,1465,Jeremy Hardy,msirait@example.net,Female,1989-09-20,16,Regular,True,2021-11-02 00:00:00,insert
1998,1466,Carlos Lewis,baktiusada@example.net,Male,1980-12-12,1,Silver,True,2021-12-10 00:00:00,insert
1999,1467,Restu Laksita,mursinin65@example.net,Female,1956-04-09,7,New,True,2021-04-12 00:00:00,insert
2000,1468,Prakosa Jailani,mallory61@example.com,Male,2004-11-25,16,New,False,2020-08-20 00:00:00,insert
2001,1469,dr. Aisyah Marbun,anthony16@example.org,Male,1977-12-16,29,New,True,2020-10-30 00:00:00,insert
2002,1470,Frank Davis,sabrinaharris@example.org,Female,1977-11-22,4,Regular,True,2021-07-06 00:00:00,insert
2003,1471,Laksana Anggriawan,mursinin48@example.com,Female,1986-07-18,3,Regular,True,2021-10-07 00:00:00,insert
2004,1471,Laksana Anggriawan,mursinin48@example.com,Female,1986-07-18,33,New,False,2025-04-21 00:00:00,update
2005,1472,Manuel Larsen,cengkir44@example.com,Male,1993-10-13,11,New,True,2021-05-03 00:00:00,insert
2006,1472,Manuel Larsen,cengkir44@example.com,Male,1993-10-13,6,New,True,2023-05-15 00:00:00,update
2007,1473,"R. Clara Palastri, S.Pt",jamesrussell@example.org,Male,1999-10-14,13,New,True,2020-12-13 00:00:00,insert
2008,1473,"R. Clara Palastri, S.Pt",jamesrussell@example.org,Male,1999-10-14,13,Silver,True,2022-06-14 00:00:00,update
2009,1473,"R. Clara Palastri, S.Pt",jamesrussell@example.org,Male,1999-10-14,24,Silver,True,2022-12-12 00:00:01,update
2010,1474,William Lopez,brian27@example.net,Female,1974-07-30,13,New,False,2021-03-12 00:00:00,insert
2011,1475,Tgk. Azalea Lazuardi,psihombing@example.com,Male,1991-08-18,18,Regular,True,2021-12-15 00:00:00,insert
2012,1475,Tgk. Azalea Lazuardi,psihombing@example.com,Male,1991-08-18,31,Silver,False,2024-08-20 00:00:00,update
2013,1476,Cynthia Schultz,millergrace@example.com,Male,1979-11-11,34,New,False,2021-09-02 00:00:00,insert
2014,1477,Empluk Mandasari,skinnerchristina@example.org,Female,1995-05-29,16,Regular,True,2020-09-13 00:00:00,insert
2015,1478,"Tgk. Langgeng Wijayanti, S.Farm",romerostephen@example.com,Female,1997-03-26,1,Gold,True,2021-04-23 00:00:00,insert
2016,1479,Najwa Lailasari,cmoore@example.net,Male,1986-08-04,11,New,False,2020-08-19 00:00:00,insert
2017,1480,Taylor Carroll,jbuchanan@example.org,Male,1960-07-25,11,New,False,2020-11-11 00:00:00,insert
2018,1480,Taylor Carroll,jbuchanan@example.org,Male,1960-07-25,21,New,True,2024-11-12 00:00:00,update
2019,1481,"R.M. Dacin Wulandari, S.Kom",harmonwendy@example.com,Male,1976-10-02,8,Gold,True,2021-01-01 00:00:00,insert
2020,1482,Stephanie Moore,utamiyuni@example.net,Male,1981-01-12,6,New,False,2020-09-10 00:00:00,insert
2021,1483,Hilda Wasita,emilysuarez@example.com,Male,1986-10-20,16,Regular,True,2020-09-11 00:00:00,insert
2022,1483,Hilda Wasita,emilysuarez@example.com,Male,1986-10-20,3,Regular,False,2025-06-08 00:00:00,update
2023,1484,Melissa Sweeney,ismailsalahudin@example.net,Male,1997-10-30,24,Regular,True,2020-12-13 00:00:00,insert
2024,1485,Kemba Waskita,fitriani46@example.com,Male,1968-03-13,2,Regular,True,2020-09-12 00:00:00,insert
2025,1486,"Kayla Maheswara, M.Ak",imaryati@example.net,Male,2002-10-15,7,Regular,False,2020-10-05 00:00:00,insert
2026,1487,Sakura Situmorang,wirauyainah@example.net,Female,2004-10-28,21,Silver,True,2021-10-06 00:00:00,insert
2027,1487,Sakura Situmorang,wirauyainah@example.net,Female,2004-10-28,33,Silver,True,2022-10-31 00:00:00,update
2028,1488,Daniel Copeland,hjailani@example.com,Male,1973-09-01,1,New,False,2021-12-19 00:00:00,insert
2029,1489,Luluh Anggraini,rbrown@example.net,Male,1962-04-19,6,New,False,2021-11-26 00:00:00,insert
2030,1490,Stephen Lin,hillryan@example.net,Male,1967-05-27,30,Regular,True,2021-07-06 00:00:00,insert
2031,1491,"Hadi Purnawati, M.Ak",olsonrebecca@example.org,Male,1974-09-15,16,Silver,False,2021-11-30 00:00:00,insert
2032,1492,Dartono Natsir,gduncan@example.org,Female,1977-09-22,12,New,True,2020-11-25 00:00:00,insert
2033,1493,Michelle Smith,hhabibi@example.org,Female,1985-09-06,16,New,True,2021-07-19 00:00:00,insert
2034,1494,Lisa Phillips,eko98@example.com,Female,1998-03-28,6,Regular,False,2021-07-18 00:00:00,insert
2035,1494,Lisa Phillips,eko98@example.com,Female,1998-03-28,34,Gold,True,2023-12-29 00:00:00,update
2036,1495,Gina Prasetyo,kristopher61@example.org,Male,1969-10-28,18,Regular,True,2021-06-10 00:00:00,insert
2037,1496,Oliva Mardhiyah,williamtaylor@example.net,Female,1966-01-09,16,New,True,2020-11-27 00:00:00,insert
2038,1496,Oliva Mardhiyah,williamtaylor@example.net,Female,1966-01-09,27,Gold,True,2023-09-18 00:00:00,update
2039,1497,Vanessa Norris,sitompultaufik@example.net,Female,2004-03-06,9,Silver,True,2020-11-24 00:00:00,insert
2040,1497,Vanessa Norris,sitompultaufik@example.net,Female,2004-03-06,9,Silver,True,2025-11-12 00:00:00,update
2041,1498,Dr. Jon Glenn,hoffmanjuan@example.org,Female,1991-11-29,25,Regular,True,2020-11-08 00:00:00,insert
2042,1499,Meghan Ramirez,sitompulgara@example.net,Female,1988-04-09,1,New,True,2020-11-16 00:00:00,insert
2043,1500,Pamela Mcconnell,gutierrezrebecca@example.net,Male,1971-03-28,27,Gold,True,2021-01-17 00:00:00,insert
2044,1501,Morgan Vaughn,gilmorekristina@example.com,Female,1983-01-22,15,New,True,2021-03-05 00:00:00,insert
2045,1501,Morgan Vaughn,gilmorekristina@example.com,Female,1983-01-22,15,New,True,2024-08-27 00:00:00,update
2046,1502,Dadap Mansur,vicki36@example.net,Male,1977-03-11,11,New,True,2021-04-13 00:00:00,insert
2047,1503,"Padma Maheswara, S.Pt",hmassey@example.org,Female,1980-01-14,22,Regular,True,2021-04-29 00:00:00,insert
2048,1503,"Padma Maheswara, S.Pt",hmassey@example.org,Female,1980-01-14,9,Gold,True,2025-10-13 00:00:00,update
2049,1504,Genta Setiawan,owilson@example.net,Male,2005-04-20,29,Regular,True,2021-02-03 00:00:00,insert
2050,1505,Jamalia Halimah,jwhite@example.com,Female,1996-10-04,16,Silver,False,2021-12-13 00:00:00,insert
2051,1506,Robert Jones,pangestuyusuf@example.net,Female,1965-01-27,22,Silver,True,2021-03-18 00:00:00,insert
2052,1507,"dr. Melinda Saragih, S.Kom",danielweiss@example.net,Female,1970-03-10,8,Regular,True,2020-11-15 00:00:00,insert
2053,1507,"dr. Melinda Saragih, S.Kom",danielweiss@example.net,Female,1970-03-10,32,Regular,True,2022-12-08 00:00:00,update
2054,1508,Tom Mosley,wulandaricakrabuana@example.net,Male,1991-10-17,29,Regular,False,2021-09-21 00:00:00,insert
2055,1508,Tom Mosley,wulandaricakrabuana@example.net,Male,1991-10-17,2,Regular,True,2024-10-16 00:00:00,update
2056,1509,Simon Waluyo,xanana67@example.net,Male,1992-04-03,16,New,True,2021-09-19 00:00:00,insert
2057,1509,Simon Waluyo,xanana67@example.net,Male,1992-04-03,2,Platinum,True,2024-09-06 00:00:00,update
2058,1510,Joshua Turner,davisandrea@example.net,Female,1971-11-06,11,Regular,True,2021-12-02 00:00:00,insert
2059,1510,Joshua Turner,davisandrea@example.net,Female,1971-11-06,6,Regular,False,2023-11-29 00:00:00,update
2060,1511,"Nyoman Wacana, M.Pd",hamptonkevin@example.com,Male,2001-10-30,11,New,False,2021-07-19 00:00:00,insert
2061,1512,Amanda Kim,pertiwigading@example.net,Male,1997-08-18,10,Regular,True,2021-12-15 00:00:00,insert
2062,1513,Silvia Melani,james04@example.com,Female,1981-04-21,13,Regular,True,2021-04-16 00:00:00,insert
2063,1514,Ega Suryono,mayasarilaksana@example.org,Female,1977-03-04,1,New,True,2021-10-12 00:00:00,insert
2064,1515,David Henry,pradiptacahyo@example.org,Female,1960-04-01,17,New,False,2021-08-07 00:00:00,insert
2065,1515,David Henry,pradiptacahyo@example.org,Female,1960-04-01,10,New,False,2022-08-30 00:00:00,update
2066,1516,Endra Nababan,hlailasari@example.com,Female,1993-01-08,17,New,True,2021-02-26 00:00:00,insert
2067,1517,Cut Titi Melani,ginamahendra@example.net,Female,1963-06-04,33,Silver,True,2021-05-08 00:00:00,insert
2068,1518,Steven Olson,rajasakambali@example.com,Female,1994-03-09,34,New,False,2020-10-30 00:00:00,insert
2069,1518,Steven Olson,rajasakambali@example.com,Female,1994-03-09,34,New,False,2024-07-16 00:00:00,update
2070,1519,Zachary Roberson,maman78@example.org,Male,1979-03-22,6,New,True,2020-09-09 00:00:00,insert
2071,1520,Joshua Miller MD,gbrown@example.net,Male,1980-09-20,12,Silver,False,2020-11-21 00:00:00,insert
2072,1521,Michael Cervantes MD,tammy80@example.com,Female,1970-11-06,14,Gold,True,2021-02-07 00:00:00,insert
2073,1522,Yolanda Murray,sandrafisher@example.net,Female,1992-04-13,3,New,True,2020-11-17 00:00:00,insert
2074,1523,Sutan Dimaz Pertiwi,harjanajmudin@example.net,Male,2004-04-16,4,Regular,True,2020-11-10 00:00:00,insert
2075,1524,Aaron Taylor,reneehull@example.com,Female,1999-06-16,6,Silver,True,2020-10-04 00:00:00,insert
2076,1524,Aaron Taylor,reneehull@example.com,Female,1999-06-16,26,Silver,True,2022-05-26 00:00:00,update
2077,1525,Mark Decker,adiarjasinaga@example.net,Female,1997-08-27,29,New,True,2021-11-13 00:00:00,insert
2078,1525,Mark Decker,adiarjasinaga@example.net,Female,1997-08-27,24,New,True,2024-02-03 00:00:00,update
2079,1526,R. Almira Marbun,unashiruddin@example.org,Male,1998-02-18,19,Silver,False,2021-06-09 00:00:00,insert
2080,1526,R. Almira Marbun,unashiruddin@example.org,Male,1998-02-18,19,Gold,True,2023-03-30 00:00:00,update
2081,1527,James Farmer PhD,nashiruddinwage@example.org,Male,1998-07-11,9,Silver,False,2021-10-13 00:00:00,insert
2082,1528,Kezia Mandala,parkercrystal@example.net,Female,1993-05-15,16,New,False,2020-11-20 00:00:00,insert
2083,1529,Teresa Carpenter,nrimasuartini@example.org,Male,1966-12-11,34,New,True,2021-02-12 00:00:00,insert
2084,1530,Sean Adams,jackson14@example.net,Female,1985-02-10,6,Gold,True,2021-07-26 00:00:00,insert
2085,1530,Sean Adams,jackson14@example.net,Female,1985-02-10,5,Gold,True,2025-05-26 00:00:00,update
2086,1531,Donald Moses,pnababan@example.com,Male,1983-02-05,1,Regular,True,2021-04-29 00:00:00,insert
2087,1532,Mitchell Stewart,brandy96@example.org,Male,1988-07-19,11,Silver,False,2021-02-08 00:00:00,insert
2088,1532,Mitchell Stewart,brandy96@example.org,Male,1988-07-19,11,Silver,False,2024-04-01 00:00:00,update
2089,1533,Opan Latupono,jlynch@example.org,Male,1958-08-07,11,New,True,2021-08-25 00:00:00,insert
2090,1534,Michael Snow,parkerjennifer@example.net,Female,1990-10-30,11,New,False,2021-01-31 00:00:00,insert
2091,1535,Patty Hudson,dalelowe@example.org,Male,2001-07-07,14,New,False,2021-09-06 00:00:00,insert
2092,1535,Patty Hudson,dalelowe@example.org,Male,2001-07-07,25,New,True,2024-02-06 00:00:00,update
2093,1536,Cindy Permadi,yunitalatupono@example.net,Male,2000-12-15,12,New,False,2021-10-21 00:00:00,insert
2094,1537,Sabar Mangunsong,gnarpati@example.com,Female,1979-11-27,16,New,False,2021-10-20 00:00:00,insert
2095,1538,Bakidin Hutapea,rahimahgamani@example.org,Male,1994-04-13,7,New,True,2021-11-10 00:00:00,insert
2096,1539,"Daryani Prabowo, S.Ked",dacinyuliarti@example.net,Female,1983-11-30,33,Regular,True,2021-03-18 00:00:00,insert
2097,1540,Timothy Anderson,aduncan@example.com,Female,1963-11-09,17,Regular,True,2020-10-01 00:00:00,insert
2098,1540,Timothy Anderson,aduncan@example.com,Female,1963-11-09,21,Regular,True,2025-07-07 00:00:00,update
2099,1541,Lauren Rios,rosalescheryl@example.com,Male,2006-07-23,28,New,False,2021-03-30 00:00:00,insert
2100,1542,Raden Prasetyo,prima68@example.org,Male,1972-12-25,2,Regular,False,2020-12-31 00:00:00,insert
2101,1543,Erik Gomez,jonathan73@example.com,Female,1983-03-15,32,New,True,2020-08-25 00:00:00,insert
2102,1544,Megan May,aslijan14@example.net,Female,1968-08-11,26,Regular,True,2021-05-14 00:00:00,insert
2103,1544,Megan May,aslijan14@example.net,Female,1968-08-11,26,Silver,True,2022-04-30 00:00:00,update
2104,1545,Ir. Hamima Pradipta,davidclark@example.net,Male,1964-12-04,28,New,False,2021-06-22 00:00:00,insert
2105,1545,Ir. Hamima Pradipta,davidclark@example.net,Male,1964-12-04,11,New,True,2022-04-03 00:00:00,update
2106,1546,Beth Mclean,millerjoseph@example.org,Male,1975-05-04,16,Regular,False,2021-04-18 00:00:00,insert
2107,1546,Beth Mclean,millerjoseph@example.org,Male,1975-05-04,3,Regular,False,2022-03-21 00:00:00,update
2108,1547,Sarah Green,mcdonalderic@example.org,Female,1962-06-15,34,New,True,2021-08-24 00:00:00,insert
2109,1548,Edward Jones,marydunn@example.net,Male,1978-01-02,9,New,True,2021-06-17 00:00:00,insert
2110,1549,Matthew Howell,dagelbudiyanto@example.com,Male,1956-10-16,12,Silver,True,2021-05-26 00:00:00,insert
2111,1549,Matthew Howell,dagelbudiyanto@example.com,Male,1956-10-16,12,New,True,2023-09-14 00:00:00,update
2112,1550,Zahra Jailani,purnawatiheryanto@example.org,Female,1998-09-24,16,Silver,True,2021-08-13 00:00:00,insert
2113,1551,Theodore Vaughan,qprakasa@example.com,Female,1992-01-12,11,New,True,2021-11-05 00:00:00,insert
2114,1552,Megan Riley,shaneramirez@example.com,Male,1994-06-30,11,New,True,2021-07-26 00:00:00,insert
2115,1552,Megan Riley,shaneramirez@example.com,Male,1994-06-30,11,New,True,2025-01-10 00:00:00,update
2116,1553,Rhonda Collins,wperry@example.net,Female,1982-05-24,32,Regular,False,2021-08-12 00:00:00,insert
2117,1554,Terry Berry,vhunt@example.net,Female,1973-09-19,1,Regular,True,2021-11-16 00:00:00,insert
2118,1555,Christine Harrison,markmcintyre@example.net,Female,1957-12-07,6,New,False,2020-10-13 00:00:00,insert
2119,1556,Chad Fernandez,gregorybarnett@example.org,Male,1991-06-20,8,New,True,2021-04-07 00:00:00,insert
2120,1556,Chad Fernandez,gregorybarnett@example.org,Male,1991-06-20,31,Regular,True,2022-10-15 00:00:00,update
2121,1557,Ricky Davis,parman33@example.org,Female,1999-03-22,1,Regular,True,2020-08-31 00:00:00,insert
2122,1557,Ricky Davis,parman33@example.org,Female,1999-03-22,1,Platinum,True,2022-03-19 00:00:00,update
2123,1558,Raisa Melani,ljohnson@example.com,Male,1990-12-15,32,Regular,True,2021-12-27 00:00:00,insert
2124,1559,"Emil Pradipta, S.Farm",scottquinn@example.net,Female,1974-04-07,1,New,True,2021-10-12 00:00:00,insert
2125,1560,William Norman,artawan32@example.com,Female,1976-09-09,16,Regular,True,2021-10-06 00:00:00,insert
2126,1560,William Norman,artawan32@example.com,Female,1976-09-09,7,Silver,True,2023-07-13 00:00:00,update
2127,1561,Amy Nelson,xhutagalung@example.com,Female,1957-04-18,22,Regular,False,2021-08-31 00:00:00,insert
2128,1562,Helen Morton,laksitagara@example.org,Female,1990-04-19,1,Silver,False,2021-05-03 00:00:00,insert
2129,1563,Sarah Mangunsong,larsenjacob@example.com,Female,1983-05-07,31,Regular,True,2021-02-02 00:00:00,insert
2130,1564,Steven Taylor,franklin92@example.net,Female,2001-03-21,9,Regular,True,2021-11-24 00:00:00,insert
2131,1565,Robert Rodriguez,teresajohnson@example.net,Male,1970-01-15,25,New,True,2021-02-10 00:00:00,insert
2132,1566,Scott Wilcox,ipadmasari@example.com,Female,1987-12-30,21,Regular,True,2021-05-18 00:00:00,insert
2133,1567,H. Tasnim Yolanda,warta59@example.com,Female,1977-09-25,12,New,True,2021-01-21 00:00:00,insert
2134,1568,Eva Pudjiastuti,alisonwheeler@example.com,Female,2005-02-07,24,Regular,True,2020-08-24 00:00:00,insert
2135,1569,Drs. Lanang Nasyiah,wilkersonkevin@example.org,Female,1968-09-04,11,New,True,2020-10-11 00:00:00,insert
2136,1569,Drs. Lanang Nasyiah,wilkersonkevin@example.org,Female,1968-09-04,32,New,True,2024-10-20 00:00:00,update
2137,1570,Gamani Suwarno,melissahernandez@example.com,Male,1989-05-15,25,Gold,True,2021-01-04 00:00:00,insert
2138,1571,KH. Hendri Ardianto,austinabigail@example.com,Male,1960-09-17,1,New,True,2021-03-03 00:00:00,insert
2139,1572,"Padmi Firgantoro, S.Sos",haryantohardana@example.com,Female,1983-06-25,16,Platinum,False,2020-11-24 00:00:00,insert
2140,1573,Fathonah Mansur,robinsondenise@example.org,Male,1984-01-20,33,New,True,2021-09-10 00:00:00,insert
2141,1573,Fathonah Mansur,robinsondenise@example.org,Male,1984-01-20,15,New,True,2024-04-12 00:00:00,update
2142,1574,"Wadi Sitorus, M.TI.",nathan38@example.com,Female,1999-12-05,16,Gold,False,2021-07-17 00:00:00,insert
2143,1575,Tgk. Cinthia Saefullah,kristen13@example.org,Female,1995-03-31,32,Regular,True,2021-11-30 00:00:00,insert
2144,1575,Tgk. Cinthia Saefullah,kristen13@example.org,Female,1995-03-31,6,Regular,True,2023-02-10 00:00:00,update
2145,1576,Michael Oconnor Jr.,mitradamanik@example.net,Female,2005-12-01,1,New,True,2021-11-17 00:00:00,insert
2146,1577,"Joko Napitupulu, M.Pd",cstanley@example.org,Male,1969-04-11,2,New,True,2021-12-08 00:00:00,insert
2147,1577,"Joko Napitupulu, M.Pd",cstanley@example.org,Male,1969-04-11,2,Silver,False,2023-02-16 00:00:00,update
2148,1578,Nathan Hamilton,josesmith@example.org,Male,2004-08-11,1,Regular,True,2021-03-18 00:00:00,insert
2149,1579,Audrey Flores,keith96@example.com,Male,2008-03-15,16,New,True,2021-05-22 00:00:00,insert
2150,1580,Sara Malone,samantha96@example.com,Male,1969-06-27,16,Regular,True,2021-08-13 00:00:00,insert
2151,1581,Sara Hill,budimandanuja@example.com,Female,1973-10-24,16,Silver,True,2021-03-04 00:00:00,insert
2152,1582,Darsirah Salahudin,tampubolonharto@example.org,Female,1973-02-08,3,Regular,False,2021-09-30 00:00:00,insert
2153,1583,"KH. Baktiadi Waluyo, S.Gz",lsimbolon@example.net,Male,2006-05-13,16,Regular,False,2020-10-29 00:00:00,insert
2154,1584,Megan Osborne,bancarwibisono@example.org,Male,2006-09-23,18,Silver,True,2021-06-01 00:00:00,insert
2155,1584,Megan Osborne,bancarwibisono@example.org,Male,2006-09-23,10,Silver,True,2022-09-14 00:00:00,update
2156,1585,Gambira Permadi,ericgarcia@example.org,Female,2003-12-22,6,Regular,True,2021-10-25 00:00:00,insert
2157,1586,Dina Winarno,ekalestari@example.com,Male,2004-11-15,6,Gold,True,2020-10-19 00:00:00,insert
2158,1587,Holly Bell,micheal97@example.net,Male,2007-08-26,3,Silver,True,2021-01-29 00:00:00,insert
2159,1588,Lukita Yuniar,maryadiraditya@example.com,Female,1979-02-03,6,Regular,True,2020-12-11 00:00:00,insert
2160,1589,Melissa Lambert,salahudinpranata@example.net,Male,1972-08-14,10,New,True,2021-06-02 00:00:00,insert
2161,1590,Gandi Mayasari,rsimmons@example.com,Female,1971-09-12,7,New,False,2021-05-31 00:00:00,insert
2162,1590,Gandi Mayasari,rsimmons@example.com,Female,1971-09-12,15,New,False,2022-02-13 00:00:00,update
2163,1591,Connie Gonzalez,ceceppermadi@example.org,Male,1994-12-12,16,New,False,2021-05-17 00:00:00,insert
2164,1592,"Jasmani Wibowo, S.I.Kom",nainggolanharsaya@example.org,Female,1959-06-13,24,Regular,True,2021-07-08 00:00:00,insert
2165,1592,"Jasmani Wibowo, S.I.Kom",nainggolanharsaya@example.org,Female,1959-06-13,4,Regular,True,2025-04-08 00:00:00,update
2166,1593,Edward Hale,rhasanah@example.org,Male,1982-05-31,34,Regular,True,2021-04-24 00:00:00,insert
2167,1594,Alan Day,rball@example.com,Male,1960-09-02,16,New,True,2020-10-08 00:00:00,insert
2168,1594,Alan Day,rball@example.com,Male,1960-09-02,16,New,True,2022-09-25 00:00:00,update
2169,1595,Max Strong,hyoung@example.com,Female,1967-10-03,27,Gold,True,2021-06-22 00:00:00,insert
2170,1595,Max Strong,hyoung@example.com,Female,1967-10-03,15,Regular,False,2023-07-08 00:00:00,update
2171,1596,Melinda Manullang,charles68@example.net,Male,1973-07-04,11,New,True,2020-10-19 00:00:00,insert
2172,1596,Melinda Manullang,charles68@example.net,Male,1973-07-04,31,Silver,True,2025-07-17 00:00:00,update
2173,1597,Tgk. Nadia Saptono,westlaura@example.com,Female,1968-07-25,16,Silver,False,2021-08-26 00:00:00,insert
2174,1598,Dr. Rizki Januar,anthony55@example.org,Male,1975-02-22,11,New,False,2021-10-16 00:00:00,insert
2175,1599,Novi Farida,wrightryan@example.org,Female,1981-11-22,16,New,False,2021-03-22 00:00:00,insert
2176,1600,Megan Ellis,gmiller@example.com,Female,1996-10-02,11,Gold,True,2021-05-11 00:00:00,insert
2177,1600,Megan Ellis,gmiller@example.com,Female,1996-10-02,11,Gold,True,2023-02-04 00:00:00,update
2178,1601,Nalar Yulianti,bonnie45@example.org,Male,1986-04-11,29,Regular,False,2020-10-07 00:00:00,insert
2179,1602,Michael Chavez,kylealexander@example.org,Male,1992-08-01,8,New,True,2021-04-03 00:00:00,insert
2180,1602,Michael Chavez,kylealexander@example.org,Male,1992-08-01,8,New,True,2022-08-28 00:00:00,update
2181,1603,"Najam Maryadi, S.E.I",oyoung@example.org,Male,1977-06-25,17,Regular,False,2021-12-24 00:00:00,insert
2182,1603,"Najam Maryadi, S.E.I",oyoung@example.org,Male,1977-06-25,17,Regular,True,2024-04-19 00:00:00,update
2183,1604,KH. Rangga Prayoga,emartinez@example.com,Female,1998-11-05,33,Gold,True,2021-08-05 00:00:00,insert
2184,1605,Richard Richardson,mary22@example.org,Female,1987-09-04,16,Regular,True,2020-08-28 00:00:00,insert
2185,1606,Rahmi Laksita,millskristin@example.net,Female,1996-06-23,14,New,True,2020-12-16 00:00:00,insert
2186,1607,Harto Haryanto,ganephassanah@example.com,Female,1974-12-20,31,Regular,True,2021-06-01 00:00:00,insert
2187,1608,Christina Williams,keishasirait@example.org,Male,1977-08-18,16,New,True,2020-11-07 00:00:00,insert
2188,1609,"Pranawa Pertiwi, S.IP",verofirgantoro@example.org,Female,1995-12-14,34,New,False,2021-12-24 00:00:00,insert
2189,1609,"Pranawa Pertiwi, S.IP",verofirgantoro@example.org,Female,1995-12-14,3,New,False,2024-12-23 00:00:00,update
2190,1610,Jason Cooper,anthonytodd@example.com,Male,1956-12-05,25,New,True,2021-02-03 00:00:00,insert
2191,1611,Yoga Sihombing,hutagalungkarimah@example.org,Male,1979-07-21,10,Regular,True,2021-08-03 00:00:00,insert
2192,1612,"Tgk. Michelle Saefullah, M.Kom.",ssantoso@example.org,Female,1987-10-18,28,New,True,2020-12-13 00:00:00,insert
2193,1612,"Tgk. Michelle Saefullah, M.Kom.",ssantoso@example.org,Female,1987-10-18,9,Silver,True,2024-01-21 00:00:00,update
2194,1613,Dipa Habibi,kjones@example.net,Male,2001-12-14,20,New,True,2020-08-26 00:00:00,insert
2195,1614,Susan Johnson,cakrawangsa54@example.com,Male,1966-10-22,15,New,True,2020-12-27 00:00:00,insert
2196,1614,Susan Johnson,cakrawangsa54@example.com,Male,1966-10-22,15,New,False,2024-02-24 00:00:00,update
2197,1615,Veronica Bowen,vbarnes@example.net,Female,1983-01-04,19,Regular,False,2021-11-12 00:00:00,insert
2198,1616,Talia Maryati,orhodes@example.org,Male,1973-02-18,20,New,True,2021-09-10 00:00:00,insert
2199,1616,Talia Maryati,orhodes@example.org,Male,1973-02-18,26,New,True,2023-04-23 00:00:00,update
2200,1617,Kartika Hariyah,pamela95@example.org,Male,1982-01-27,1,New,False,2020-11-28 00:00:00,insert
2201,1617,Kartika Hariyah,pamela95@example.org,Male,1982-01-27,31,New,False,2022-03-15 00:00:00,update
2202,1618,Melissa Barker,cemplunk36@example.net,Female,1957-07-15,20,Platinum,True,2021-02-23 00:00:00,insert
2203,1619,Dr. Eman Suwarno,genta52@example.net,Male,1987-12-19,7,Regular,False,2020-11-14 00:00:00,insert
2204,1620,Siska Wasita,carpenterkevin@example.net,Female,1982-05-10,6,Silver,True,2021-04-19 00:00:00,insert
2205,1620,Siska Wasita,carpenterkevin@example.net,Female,1982-05-10,6,Silver,False,2025-05-08 00:00:00,update
2206,1621,Zalindra Hardiansyah,autama@example.org,Male,1986-12-17,16,New,True,2021-09-12 00:00:00,insert
2207,1622,Jais Wijayanti,lurhurhalimah@example.org,Male,1957-08-28,3,Regular,True,2020-08-28 00:00:00,insert
2208,1623,Bahuwarna Tamba,grossjoseph@example.net,Male,1976-02-07,8,New,True,2021-09-28 00:00:00,insert
2209,1624,Muhammad Siregar,opansiregar@example.com,Male,2002-12-08,14,Gold,True,2021-08-11 00:00:00,insert
2210,1625,Yani Nurdiyanti,fnasyidah@example.com,Female,1971-11-25,30,New,False,2020-12-18 00:00:00,insert
2211,1625,Yani Nurdiyanti,fnasyidah@example.com,Female,1971-11-25,30,Regular,False,2023-11-14 00:00:00,update
2212,1626,Ikhsan Pranowo,mulya33@example.com,Female,1972-08-22,28,New,True,2021-09-04 00:00:00,insert
2213,1626,Ikhsan Pranowo,mulya33@example.com,Female,1972-08-22,13,Silver,True,2025-02-07 00:00:00,update
2214,1627,Hayley Peters,gamblangsitorus@example.org,Female,1987-09-17,26,Regular,True,2020-11-05 00:00:00,insert
2215,1627,Hayley Peters,gamblangsitorus@example.org,Female,1987-09-17,26,Silver,False,2022-12-09 00:00:00,update
2216,1628,Scott Ochoa,garan58@example.net,Female,1975-07-18,20,New,True,2021-12-28 00:00:00,insert
2217,1629,"Drs. Tari Pratiwi, S.T.",padmisihombing@example.com,Male,1969-03-16,21,New,False,2021-02-13 00:00:00,insert
2218,1630,Zachary Pugh,kfarida@example.com,Male,1983-01-25,14,New,False,2021-02-02 00:00:00,insert
2219,1631,Ibrahim Utami,gamblanghassanah@example.org,Female,2007-11-01,16,New,True,2021-03-04 00:00:00,insert
2220,1631,Ibrahim Utami,gamblanghassanah@example.org,Female,2007-11-01,15,New,False,2024-02-04 00:00:00,update
2221,1632,Mary Hall,taylor97@example.com,Male,1955-09-17,28,Gold,True,2021-10-09 00:00:00,insert
2222,1633,Joyce Hardy,jgreen@example.net,Male,2000-03-04,31,Silver,True,2021-09-18 00:00:00,insert
2223,1634,Ann Wood,zulaikaputu@example.org,Male,1999-11-28,28,New,False,2021-08-12 00:00:00,insert
2224,1634,Ann Wood,zulaikaputu@example.org,Male,1999-11-28,8,Regular,True,2023-12-28 00:00:00,update
2225,1635,"Dr. Mujur Yolanda, S.H.",matthew54@example.org,Male,1976-08-20,9,Silver,True,2021-07-01 00:00:00,insert
2226,1636,"Drs. Taufan Hidayat, S.Sos",efirgantoro@example.org,Male,2006-04-18,12,New,True,2021-05-11 00:00:00,insert
2227,1636,"Drs. Taufan Hidayat, S.Sos",efirgantoro@example.org,Male,2006-04-18,28,New,True,2023-12-11 00:00:00,update
2228,1637,Jessica Estrada,adamkelley@example.org,Male,1987-07-03,21,New,True,2020-10-01 00:00:00,insert
2229,1638,Wayne Brown DDS,melaniokta@example.com,Male,1979-06-21,18,New,True,2021-07-01 00:00:00,insert
2230,1638,Wayne Brown DDS,melaniokta@example.com,Male,1979-06-21,15,New,True,2022-12-04 00:00:00,update
2231,1639,Sara Edwards,sdelgado@example.org,Female,2002-10-06,1,Platinum,True,2020-08-28 00:00:00,insert
2232,1640,Mahdi Suartini,mirandajohn@example.org,Female,1986-08-26,18,Silver,False,2020-09-06 00:00:00,insert
2233,1641,Juan Allen,qwulandari@example.com,Male,1986-11-03,27,Regular,True,2021-07-26 00:00:00,insert
2234,1642,"Jaeman Mulyani, M.M.",rusmanprabowo@example.net,Female,1983-02-10,28,New,True,2021-04-07 00:00:00,insert
2235,1643,Rachel Nasyidah,blairmichael@example.com,Female,1985-10-29,26,Gold,True,2021-01-10 00:00:00,insert
2236,1644,Tgk. Hani Pradipta,bellapradipta@example.net,Female,1983-06-01,25,Regular,False,2021-12-31 00:00:00,insert
2237,1645,Natalia Kuswandari,xwastuti@example.net,Male,1972-02-17,20,Gold,True,2021-05-09 00:00:00,insert
2238,1646,Matthew Hernandez,ksuartini@example.com,Male,1989-11-23,31,New,True,2021-01-31 00:00:00,insert
2239,1647,Nalar Handayani,fmartinez@example.org,Male,1956-01-30,12,Gold,False,2021-03-19 00:00:00,insert
2240,1647,Nalar Handayani,fmartinez@example.org,Male,1956-01-30,16,Gold,True,2025-04-10 00:00:00,update
2241,1648,Elizabeth Myers,baktiyuniar@example.org,Male,1987-03-31,10,New,True,2021-06-08 00:00:00,insert
2242,1648,Elizabeth Myers,baktiyuniar@example.org,Male,1987-03-31,23,Platinum,True,2023-10-04 00:00:00,update
2243,1649,"Michelle Manullang, S.T.",rsamosir@example.net,Male,1974-04-04,16,Gold,True,2021-03-02 00:00:00,insert
2244,1649,"Michelle Manullang, S.T.",rsamosir@example.net,Male,1974-04-04,5,Platinum,True,2024-02-20 00:00:00,update
2245,1649,"Michelle Manullang, S.T.",rsamosir@example.net,Male,1974-04-04,1,Platinum,True,2024-05-11 00:00:01,update
2246,1650,Uli Suryono,roy68@example.org,Female,1960-02-07,7,Regular,False,2020-11-28 00:00:00,insert
2248,1650,Uli Suryono,roy68@example.org,Female,1960-02-07,29,Regular,True,2023-10-20 00:00:01,update
2247,1650,Uli Suryono,roy68@example.org,Female,1960-02-07,29,Regular,True,2025-05-13 00:00:00,update
2249,1651,"Eli Agustina, S.Farm",banawisimanjuntak@example.net,Female,1993-07-25,11,New,True,2020-11-05 00:00:00,insert
2250,1652,Rachel Marquez,barreraerik@example.net,Female,1967-10-24,16,New,False,2021-09-16 00:00:00,insert
2251,1652,Rachel Marquez,barreraerik@example.net,Female,1967-10-24,20,New,False,2023-08-02 00:00:00,update
2252,1653,Elaine Washington,smithrussell@example.org,Male,1963-05-09,17,New,False,2020-10-01 00:00:00,insert
2253,1653,Elaine Washington,smithrussell@example.org,Male,1963-05-09,19,New,True,2022-02-13 00:00:00,update
2254,1654,"Salimah Sihombing, M.TI.",samosirrendy@example.net,Male,1975-10-24,6,New,False,2021-08-31 00:00:00,insert
2255,1655,Tyler Buckley,watkinslinda@example.net,Male,2000-01-15,32,New,False,2020-09-28 00:00:00,insert
2256,1656,Cici Sirait,adriansyahozy@example.org,Male,1973-11-04,21,New,True,2021-06-02 00:00:00,insert
2257,1657,Joshua Tate,julie38@example.net,Female,1982-05-18,13,Silver,True,2021-07-14 00:00:00,insert
2258,1658,Jamie Taylor,bondmichael@example.org,Male,1964-12-10,22,Regular,True,2021-11-27 00:00:00,insert
2259,1658,Jamie Taylor,bondmichael@example.org,Male,1964-12-10,33,Regular,True,2023-12-25 00:00:00,update
2260,1659,"Drs. Harsana Prasetyo, M.Farm",setiawanasirwada@example.net,Male,2002-04-28,13,Regular,True,2021-01-23 00:00:00,insert
2261,1660,Kristy Villanueva,kuswoyociaobella@example.net,Male,1991-10-09,11,New,True,2021-01-06 00:00:00,insert
2262,1661,Priscilla Bowman,idasirait@example.net,Female,1977-07-17,8,New,False,2021-05-15 00:00:00,insert
2263,1662,Karen Brown,kennethmeyers@example.net,Male,1983-03-25,16,Gold,True,2020-09-24 00:00:00,insert
2264,1663,Carrie Villarreal,vgraham@example.org,Female,1965-12-08,30,Gold,True,2021-02-07 00:00:00,insert
2265,1663,Carrie Villarreal,vgraham@example.org,Female,1965-12-08,30,Gold,True,2025-01-22 00:00:00,update
2266,1664,Maria Yulianti,danieljohnson@example.net,Male,1989-10-28,32,Gold,True,2021-06-21 00:00:00,insert
2267,1665,"Sutan Rudi Thamrin, S.Sos",annbarr@example.org,Female,1968-02-14,17,Silver,True,2021-08-12 00:00:00,insert
2268,1665,"Sutan Rudi Thamrin, S.Sos",annbarr@example.org,Female,1968-02-14,6,New,True,2024-10-23 00:00:00,update
2269,1666,Mr. Jack Romero II,stephenmiller@example.net,Female,1992-06-21,16,Gold,True,2020-10-10 00:00:00,insert
2270,1667,Julia Houston,tarihorandadap@example.net,Male,1996-06-05,22,New,True,2021-05-23 00:00:00,insert
2271,1668,Kelsey Gonzalez,fsuryono@example.org,Female,2000-11-15,17,Regular,True,2021-01-28 00:00:00,insert
2272,1669,Cayadi Rajata,putripranowo@example.org,Male,1957-02-10,16,Regular,True,2021-06-27 00:00:00,insert
2273,1670,Ghaliyati Simanjuntak,mary07@example.com,Female,1975-06-22,7,New,True,2020-10-22 00:00:00,insert
2274,1671,"Emin Sihombing, M.Pd",darman05@example.org,Male,1976-07-13,2,Regular,True,2021-06-06 00:00:00,insert
2275,1672,Kevin Kennedy,stevenking@example.com,Male,2003-11-12,34,Regular,True,2020-12-10 00:00:00,insert
2276,1673,Novi Pradana,dimazpratama@example.com,Male,1992-10-08,2,New,True,2020-12-11 00:00:00,insert
2277,1674,"Wani Yuniar, M.Kom.",ehines@example.net,Female,1964-06-15,32,New,True,2020-12-13 00:00:00,insert
2278,1675,"Adhiarja Thamrin, S.T.",martinezcassandra@example.net,Female,1977-09-15,3,Silver,True,2020-12-13 00:00:00,insert
2279,1675,"Adhiarja Thamrin, S.T.",martinezcassandra@example.net,Female,1977-09-15,22,Silver,True,2025-03-18 00:00:00,update
2280,1676,"Cinthia Wahyuni, S.E.",utamaophelia@example.com,Female,1999-07-11,6,New,True,2021-10-25 00:00:00,insert
2281,1677,Makara Situmorang,nashiruddinputi@example.net,Female,1985-09-09,26,Regular,True,2021-08-13 00:00:00,insert
2282,1677,Makara Situmorang,nashiruddinputi@example.net,Female,1985-09-09,26,Silver,True,2023-11-05 00:00:00,update
2283,1678,"Tgk. Himawan Fujiati, S.E.",vbrown@example.com,Male,1958-02-10,11,New,True,2020-12-17 00:00:00,insert
2284,1678,"Tgk. Himawan Fujiati, S.E.",vbrown@example.com,Male,1958-02-10,1,New,False,2022-03-24 00:00:00,update
2285,1679,Hj. Hamima Prasetyo,ridwan84@example.org,Male,1985-03-09,24,New,True,2021-06-26 00:00:00,insert
2286,1680,Bajragin Marpaung,bahuraksasihombing@example.net,Male,1982-07-09,26,New,True,2021-09-09 00:00:00,insert
2287,1681,Antonio Salazar,rainapurnawati@example.org,Male,1988-07-27,11,New,True,2020-09-15 00:00:00,insert
2288,1682,Nancy Powers,wahyunidimaz@example.org,Male,1997-01-18,6,Gold,True,2021-08-18 00:00:00,insert
2289,1683,Michael Stokes,ezulaika@example.net,Female,1962-02-24,10,Gold,True,2021-04-26 00:00:00,insert
2290,1683,Michael Stokes,ezulaika@example.net,Female,1962-02-24,33,Regular,True,2024-12-01 00:00:00,update
2291,1684,Edward Allison,yosef08@example.net,Female,1997-12-15,27,Regular,True,2021-04-24 00:00:00,insert
2292,1685,Latika Zulkarnain,patrickrosales@example.net,Male,1984-07-06,20,Gold,True,2021-08-30 00:00:00,insert
2293,1686,Lala Ardianto,figueroajose@example.org,Male,1966-03-05,16,Gold,False,2021-01-29 00:00:00,insert
2294,1687,Carlos Guzman,gaduh52@example.com,Female,1956-07-26,2,New,True,2021-02-19 00:00:00,insert
2295,1688,Karen Lopez MD,bagusmulyani@example.com,Male,2002-07-06,19,New,True,2020-09-15 00:00:00,insert
2296,1689,Christopher Anderson,valeriejones@example.org,Male,1971-04-19,9,Gold,True,2021-09-11 00:00:00,insert
2297,1690,Cathy Clark,gloriaharris@example.net,Female,1982-06-12,22,New,True,2021-10-24 00:00:00,insert
2298,1690,Cathy Clark,gloriaharris@example.net,Female,1982-06-12,22,Silver,True,2023-12-18 00:00:00,update
2299,1691,Tracy Young,wesley32@example.com,Male,1971-11-01,4,Silver,False,2021-12-21 00:00:00,insert
2300,1692,Judy Anderson,rryan@example.org,Female,1986-04-18,9,Regular,True,2021-05-09 00:00:00,insert
2301,1693,Amanda Tanner,sadina31@example.com,Female,1969-06-14,30,Regular,True,2020-10-27 00:00:00,insert
2302,1694,Puti Puput Hardiansyah,stevenwhite@example.org,Male,1963-11-11,15,New,True,2020-12-22 00:00:00,insert
2303,1695,dr. Panji Haryanti,hastutiagus@example.org,Male,2003-10-07,26,Regular,True,2021-11-15 00:00:00,insert
2304,1696,Erin Cooper,nhoward@example.org,Female,1966-05-07,16,Regular,True,2021-07-17 00:00:00,insert
2305,1696,Erin Cooper,nhoward@example.org,Female,1966-05-07,10,Regular,True,2024-11-01 00:00:00,update
2306,1697,"KH. Galih Napitupulu, S.I.Kom",napitupulupadmi@example.com,Male,1984-03-06,5,Regular,True,2020-09-27 00:00:00,insert
2307,1698,Danny Wyatt,budiyantojasmani@example.org,Female,1974-12-17,16,Regular,True,2021-01-07 00:00:00,insert
2308,1699,"Kayla Rahayu, M.TI.",jnoble@example.com,Female,1986-09-05,29,Regular,False,2021-08-01 00:00:00,insert
2309,1700,"Qori Hartati, M.Pd",safinadabukke@example.org,Male,1971-06-10,11,New,False,2021-08-22 00:00:00,insert
2310,1701,"Hari Utama, S.Ked",johnsonnancy@example.org,Male,1969-06-28,1,New,True,2021-11-14 00:00:00,insert
2311,1702,Melanie Becker,gallegosamy@example.com,Female,1967-12-21,19,New,True,2021-10-24 00:00:00,insert
2312,1703,Martani Melani,perkinsmegan@example.com,Female,1957-11-22,16,New,True,2021-05-19 00:00:00,insert
2313,1704,Patrick Patel,brettdavis@example.com,Male,2007-01-29,3,New,True,2021-11-09 00:00:00,insert
2314,1704,Patrick Patel,brettdavis@example.com,Male,2007-01-29,3,Gold,True,2024-10-16 00:00:00,update
2315,1705,"Bakiono Kusumo, M.Ak",petersondestiny@example.org,Male,1976-08-06,13,Regular,True,2021-09-08 00:00:00,insert
2316,1706,Paul Perkins,kelly68@example.com,Female,1999-06-16,12,Platinum,True,2021-12-12 00:00:00,insert
2317,1707,Barry Andrews,scottblack@example.org,Male,1985-01-26,1,New,False,2021-01-13 00:00:00,insert
2318,1707,Barry Andrews,scottblack@example.org,Male,1985-01-26,27,New,False,2023-07-17 00:00:00,update
2319,1708,Karma Hutasoit,jacqueline19@example.com,Female,1956-04-30,1,New,True,2020-11-18 00:00:00,insert
2320,1709,Jennifer Marshall,permatamaria@example.org,Male,2004-05-30,6,Gold,True,2021-03-02 00:00:00,insert
2321,1709,Jennifer Marshall,permatamaria@example.org,Male,2004-05-30,19,Gold,True,2025-11-09 00:00:00,update
2322,1710,KH. Salman Thamrin,dillonlevi@example.net,Female,1992-03-13,21,New,True,2020-09-29 00:00:00,insert
2323,1711,Jordan Bailey,harsanto37@example.org,Male,1975-05-19,6,New,True,2021-01-22 00:00:00,insert
2324,1712,Corey Acevedo,laksmiwatidrajat@example.org,Male,1963-08-06,4,New,True,2021-07-08 00:00:00,insert
2325,1713,Dana Carter,john35@example.com,Male,1996-03-24,1,New,True,2021-07-30 00:00:00,insert
2326,1714,Sutan Aditya Saefullah,susan34@example.net,Female,1977-10-10,1,Regular,False,2021-11-05 00:00:00,insert
2327,1715,Irsad Puspita,oskar61@example.org,Male,1955-09-19,9,Silver,False,2021-06-25 00:00:00,insert
2328,1715,Irsad Puspita,oskar61@example.org,Male,1955-09-19,31,Silver,True,2023-05-31 00:00:00,update
2329,1716,Katherine Lucero,uandriani@example.org,Male,1985-10-16,27,New,True,2020-09-29 00:00:00,insert
2330,1716,Katherine Lucero,uandriani@example.org,Male,1985-10-16,20,Silver,True,2022-07-05 00:00:00,update
2331,1717,Joshua Thomas,hartana81@example.net,Female,1991-05-07,14,New,False,2020-09-26 00:00:00,insert
2332,1717,Joshua Thomas,hartana81@example.net,Female,1991-05-07,14,New,True,2022-12-29 00:00:00,update
2333,1718,Karya Januar,xsmith@example.org,Female,1990-02-11,14,Regular,True,2021-09-09 00:00:00,insert
2334,1719,Dr. Betania Narpati,gadamustofa@example.org,Female,1961-11-10,27,New,True,2020-09-20 00:00:00,insert
2335,1720,Terri Wilson,paramita04@example.net,Female,2002-06-25,16,Regular,True,2021-04-10 00:00:00,insert
2336,1721,"Tgk. Almira Firgantoro, S.Ked",susan03@example.com,Female,1978-06-16,20,Gold,True,2021-12-27 00:00:00,insert
2337,1722,William Rivera,bauerdavid@example.net,Female,1958-12-02,15,New,True,2021-06-01 00:00:00,insert
2338,1723,Stephanie Peck,yandriani@example.com,Female,1995-07-21,11,Regular,False,2021-03-30 00:00:00,insert
2339,1724,Hardi Uyainah,spurnawati@example.com,Female,1998-02-04,6,Silver,True,2020-10-06 00:00:00,insert
2340,1724,Hardi Uyainah,spurnawati@example.com,Female,1998-02-04,24,Silver,False,2023-01-09 00:00:00,update
2341,1725,Alexander Ayers,ulvakusmawati@example.org,Male,1970-09-17,22,Regular,False,2020-10-28 00:00:00,insert
2342,1726,Nurul Zulkarnain,nbuchanan@example.net,Male,1980-10-29,31,New,True,2021-06-28 00:00:00,insert
2343,1727,Ganjaran Kuswandari,oaguilar@example.org,Male,2004-12-17,3,Regular,True,2021-10-30 00:00:00,insert
2344,1727,Ganjaran Kuswandari,oaguilar@example.org,Male,2004-12-17,3,Regular,False,2025-06-14 00:00:00,update
2345,1728,Heather Simmons,autumnjames@example.net,Female,1986-12-03,19,New,True,2021-08-21 00:00:00,insert
2346,1728,Heather Simmons,autumnjames@example.net,Female,1986-12-03,19,New,True,2024-01-04 00:00:00,update
2347,1729,"Ophelia Saragih, S.Pd",williamsjenna@example.net,Female,1992-12-25,16,New,False,2020-11-08 00:00:00,insert
2348,1730,drg. Bahuwarna Andriani,kartika17@example.com,Female,1980-01-04,16,Gold,False,2020-10-09 00:00:00,insert
2349,1731,Arthur Jones,masoncynthia@example.net,Male,2006-06-03,30,Silver,True,2021-07-05 00:00:00,insert
2350,1731,Arthur Jones,masoncynthia@example.net,Male,2006-06-03,30,Silver,True,2023-10-06 00:00:00,update
2351,1732,Ida Siregar,wendy23@example.org,Female,1984-02-22,10,Silver,True,2021-04-23 00:00:00,insert
2352,1733,David Guerrero,karnaprastuti@example.org,Male,1968-11-25,9,New,True,2020-12-23 00:00:00,insert
2353,1733,David Guerrero,karnaprastuti@example.org,Male,1968-11-25,9,New,True,2024-01-22 00:00:00,update
2354,1734,Nathan Casey,gordonjoshua@example.net,Female,1984-04-30,34,Regular,False,2021-06-26 00:00:00,insert
2355,1735,Belinda Prabowo,sihotangatma@example.org,Female,1986-10-07,2,New,True,2020-11-11 00:00:00,insert
2356,1736,Kristin Stone,beckcheryl@example.net,Female,1959-11-02,23,Gold,True,2021-04-16 00:00:00,insert
2357,1736,Kristin Stone,beckcheryl@example.net,Female,1959-11-02,23,Gold,False,2025-09-25 00:00:00,update
2358,1737,Rosman Nababan,garywagner@example.net,Female,1970-09-27,14,New,True,2021-01-15 00:00:00,insert
2359,1738,David Morris,tammy92@example.com,Male,1991-09-26,14,New,True,2020-11-24 00:00:00,insert
2360,1739,"R.A. Ayu Lazuardi, M.Pd",luluh91@example.net,Male,1986-12-08,7,Gold,True,2020-08-20 00:00:00,insert
2361,1740,Megan Gonzalez,claudia60@example.org,Female,1994-06-22,6,New,True,2021-06-11 00:00:00,insert
2362,1741,Jeffrey Fitzpatrick,wramirez@example.net,Male,1981-11-29,15,New,False,2020-12-23 00:00:00,insert
2363,1742,Raymond Gonzalez,jasmineroberts@example.org,Male,1972-07-20,11,Regular,False,2021-07-21 00:00:00,insert
2364,1743,Melissa Stout,cynthia52@example.net,Female,1979-03-23,16,New,True,2021-05-02 00:00:00,insert
2365,1744,Michael Cohen,usamosir@example.net,Male,1982-03-16,6,Regular,False,2020-10-19 00:00:00,insert
2366,1744,Michael Cohen,usamosir@example.net,Male,1982-03-16,23,Regular,True,2025-11-12 00:00:00,update
2367,1745,Evelyn Mendoza,yahyayuliarti@example.org,Male,1992-05-05,1,Regular,False,2020-12-22 00:00:00,insert
2368,1746,Yunita Mandasari,debradecker@example.org,Female,1964-11-24,26,New,True,2020-09-08 00:00:00,insert
2369,1746,Yunita Mandasari,debradecker@example.org,Female,1964-11-24,26,New,True,2024-06-02 00:00:00,update
2370,1747,Eddie Hernandez,conleysarah@example.com,Male,1983-08-10,16,Gold,True,2021-11-18 00:00:00,insert
2371,1748,Ashley Gaines,jasongarcia@example.com,Female,1970-06-13,34,New,True,2021-01-30 00:00:00,insert
2372,1748,Ashley Gaines,jasongarcia@example.com,Female,1970-06-13,15,Silver,False,2023-10-25 00:00:00,update
2373,1749,Jason Watson,viktorzulkarnain@example.net,Male,1980-02-21,26,New,False,2021-05-17 00:00:00,insert
2374,1750,Brian Andrade,tgrant@example.net,Female,1979-08-27,16,Regular,True,2021-10-29 00:00:00,insert
2375,1750,Brian Andrade,tgrant@example.net,Female,1979-08-27,3,Regular,True,2024-01-05 00:00:00,update
2376,1751,Damar Irawan,pamelagonzalez@example.net,Female,2006-08-08,22,Regular,True,2021-05-06 00:00:00,insert
2377,1751,Damar Irawan,pamelagonzalez@example.net,Female,2006-08-08,22,Regular,False,2024-05-08 00:00:00,update
2378,1752,Eileen Delgado,xsantos@example.org,Female,1974-06-17,33,New,True,2020-08-22 00:00:00,insert
2379,1753,"Zaenab Setiawan, S.Kom",marilyn98@example.org,Male,1980-07-30,10,New,True,2021-02-11 00:00:00,insert
2380,1754,Micheal Moore,kurniawanmanah@example.org,Male,1958-09-27,17,Regular,True,2021-02-20 00:00:00,insert
2381,1755,Maya Najmudin,nova40@example.com,Female,1978-01-02,9,Regular,True,2020-12-16 00:00:00,insert
2382,1756,Corey Wilson,samiah40@example.org,Male,1999-12-07,6,Regular,True,2021-05-15 00:00:00,insert
2383,1756,Corey Wilson,samiah40@example.org,Male,1999-12-07,7,Regular,True,2024-09-09 00:00:00,update
2384,1757,Suci Gunarto,anggriawanargono@example.com,Male,1990-01-31,8,New,True,2020-10-12 00:00:00,insert
2385,1758,Xavier Bender,samiahyuniar@example.org,Male,1989-10-24,6,New,True,2021-04-05 00:00:00,insert
2386,1758,Xavier Bender,samiahyuniar@example.org,Male,1989-10-24,6,New,True,2025-11-14 00:00:00,update
2387,1759,Zachary James,zizi49@example.com,Female,1967-04-05,1,Regular,True,2021-11-17 00:00:00,insert
2388,1760,Rebekah Rivera,nashiruddindodo@example.org,Male,1958-06-06,27,New,True,2020-12-18 00:00:00,insert
2389,1760,Rebekah Rivera,nashiruddindodo@example.org,Male,1958-06-06,7,New,True,2024-10-10 00:00:00,update
2390,1761,Christine Black,hpalastri@example.org,Male,1974-08-04,6,Gold,False,2021-10-02 00:00:00,insert
2391,1762,Anita Pradana,kduncan@example.org,Male,1991-08-01,18,Regular,True,2021-12-30 00:00:00,insert
2392,1762,Anita Pradana,kduncan@example.org,Male,1991-08-01,11,Silver,True,2024-10-16 00:00:00,update
2393,1763,Adhiarja Wibisono,edward48@example.org,Male,1987-02-16,6,Regular,True,2021-05-23 00:00:00,insert
2394,1764,Kariman Nababan,bsharp@example.org,Female,1998-07-07,26,New,True,2021-10-12 00:00:00,insert
2395,1765,"Oliva Puspasari, S.E.",haileybaker@example.org,Female,1955-07-05,1,New,True,2021-06-19 00:00:00,insert
2396,1766,Scott Wilson,beckbradley@example.org,Female,1960-07-23,1,Regular,True,2021-02-05 00:00:00,insert
2397,1767,Labuh Novitasari,agustinakemal@example.com,Female,1989-05-17,16,Regular,False,2021-10-07 00:00:00,insert
2398,1768,Satya Nashiruddin,yolandaramirez@example.org,Male,1955-07-19,26,Regular,True,2021-01-12 00:00:00,insert
2399,1769,Johan Pudjiastuti,zeldamayasari@example.com,Female,1963-03-04,13,Regular,True,2021-08-10 00:00:00,insert
2400,1769,Johan Pudjiastuti,zeldamayasari@example.com,Female,1963-03-04,13,Regular,False,2023-08-25 00:00:00,update
2401,1770,Ronald Sanchez,nprasasta@example.net,Male,1995-09-05,1,Platinum,True,2021-10-27 00:00:00,insert
2402,1771,Samantha Stewart,among09@example.com,Female,1997-06-11,32,New,True,2021-04-23 00:00:00,insert
2403,1771,Samantha Stewart,among09@example.com,Female,1997-06-11,6,New,False,2022-11-29 00:00:00,update
2404,1772,"Hesti Prakasa, S.Farm",taylormathis@example.net,Female,2000-12-14,34,Regular,True,2020-09-30 00:00:00,insert
2405,1773,Atmaja Siregar,rmcknight@example.net,Male,1976-11-15,1,Regular,True,2021-11-01 00:00:00,insert
2406,1774,Hafshah Padmasari,ssetiawan@example.org,Male,1995-08-30,10,New,True,2021-03-19 00:00:00,insert
2407,1775,Joseph Walker,kurniawanyani@example.org,Male,2008-03-17,11,New,True,2021-02-25 00:00:00,insert
2408,1775,Joseph Walker,kurniawanyani@example.org,Male,2008-03-17,28,Platinum,True,2022-07-29 00:00:00,update
2409,1776,Matthew Johnson,mcdaniellisa@example.com,Male,1984-08-12,11,Regular,True,2021-08-29 00:00:00,insert
2410,1777,Frederick Weaver,davidchen@example.org,Male,2002-02-08,26,Regular,True,2021-10-19 00:00:00,insert
2411,1777,Frederick Weaver,davidchen@example.org,Male,2002-02-08,6,New,False,2024-10-03 00:00:00,update
2412,1778,"Agnes Ramadan, S.Sos",wardaya80@example.org,Female,1977-05-05,17,Platinum,True,2020-12-21 00:00:00,insert
2413,1778,"Agnes Ramadan, S.Sos",wardaya80@example.org,Female,1977-05-05,28,Gold,True,2025-03-20 00:00:00,update
2414,1779,Nicole Stout,lestarigandi@example.net,Male,1986-12-29,29,New,False,2021-07-20 00:00:00,insert
2415,1780,Derek Mack,hartatiokta@example.org,Male,2004-06-23,6,Regular,False,2021-10-09 00:00:00,insert
2416,1780,Derek Mack,hartatiokta@example.org,Male,2004-06-23,12,Regular,False,2023-12-05 00:00:00,update
2417,1781,Diah Astuti,artantoyuliarti@example.org,Female,1983-12-23,11,New,True,2021-11-25 00:00:00,insert
2418,1782,Stephanie Burns,autama@example.net,Male,1983-06-03,20,Regular,True,2020-10-19 00:00:00,insert
2419,1782,Stephanie Burns,autama@example.net,Male,1983-06-03,28,Regular,True,2023-01-15 00:00:00,update
2420,1783,Terri Russell,heatherbrown@example.net,Female,1962-01-16,6,Regular,True,2021-02-27 00:00:00,insert
2421,1783,Terri Russell,heatherbrown@example.net,Female,1962-01-16,3,Regular,True,2023-01-04 00:00:00,update
2422,1784,Maureen Miller,sheri56@example.com,Female,1961-08-30,4,Gold,False,2021-08-01 00:00:00,insert
2423,1785,Susan Wright,henryjennifer@example.org,Male,1977-09-07,8,Regular,True,2020-10-20 00:00:00,insert
2424,1786,Upik Winarno,annemiller@example.com,Male,2005-12-07,6,Regular,True,2020-12-06 00:00:00,insert
2425,1786,Upik Winarno,annemiller@example.com,Male,2005-12-07,6,Regular,True,2022-12-28 00:00:00,update
2426,1787,Lisa Davis,rmclaughlin@example.com,Male,2005-08-01,1,New,False,2021-07-17 00:00:00,insert
2427,1788,Alexandra Ramos,ramajailani@example.org,Male,1961-11-27,27,Regular,True,2021-11-11 00:00:00,insert
2428,1788,Alexandra Ramos,ramajailani@example.org,Male,1961-11-27,27,Platinum,True,2023-09-02 00:00:00,update
2429,1789,Gary Potts,andersonchristopher@example.org,Female,1985-12-03,12,New,False,2020-10-24 00:00:00,insert
2430,1790,Brian Clark,hbennett@example.com,Female,1961-02-05,11,New,True,2021-10-10 00:00:00,insert
2431,1791,Kara Mendoza,christinekennedy@example.net,Male,1998-10-19,16,New,True,2020-12-31 00:00:00,insert
2432,1792,Katherine Roberts,jthompson@example.net,Male,1961-05-25,16,New,False,2021-07-09 00:00:00,insert
2433,1793,Dr. Kimberly Diaz,wnarpati@example.org,Male,2002-06-28,18,Regular,False,2021-12-15 00:00:00,insert
2434,1794,Drs. Prasetya Widiastuti,jennifer90@example.net,Female,1979-01-11,25,New,True,2021-04-21 00:00:00,insert
2435,1795,Jennifer Webster,jameshorton@example.net,Female,2000-03-06,1,Silver,False,2020-09-28 00:00:00,insert
2436,1796,Elizabeth Lawson,antoniohaney@example.net,Male,1971-09-26,31,Regular,True,2020-12-11 00:00:00,insert
2437,1796,Elizabeth Lawson,antoniohaney@example.net,Male,1971-09-26,32,Regular,True,2023-03-18 00:00:00,update
2438,1797,Elizabeth Chapman,mfirmansyah@example.com,Female,1961-07-29,20,New,True,2021-06-22 00:00:00,insert
2439,1798,Michael Gregory,zvaldez@example.com,Male,1957-10-28,33,Regular,True,2021-11-19 00:00:00,insert
2440,1798,Michael Gregory,zvaldez@example.com,Male,1957-10-28,12,Gold,True,2023-05-29 00:00:00,update
2441,1799,"Ir. Zelaya Siregar, S.Pt",sandramiller@example.com,Female,1990-05-05,11,New,True,2021-11-04 00:00:00,insert
2442,1799,"Ir. Zelaya Siregar, S.Pt",sandramiller@example.com,Female,1990-05-05,11,New,True,2025-01-08 00:00:00,update
2443,1800,Karen Alvarado,epudjiastuti@example.org,Female,1993-10-17,23,Gold,True,2021-01-26 00:00:00,insert
2444,1801,"dr. Bancar Maryati, S.E.",padmasarihardi@example.org,Male,1982-04-04,27,New,False,2020-09-21 00:00:00,insert
2445,1801,"dr. Bancar Maryati, S.E.",padmasarihardi@example.org,Male,1982-04-04,21,Silver,False,2022-05-14 00:00:00,update
2446,1802,Gary Flores,jasmani96@example.org,Male,1987-08-08,29,New,False,2021-07-01 00:00:00,insert
2447,1803,Nadia Suartini,obarton@example.com,Male,2003-07-25,14,Silver,True,2021-06-02 00:00:00,insert
2448,1803,Nadia Suartini,obarton@example.com,Male,2003-07-25,17,Silver,True,2024-02-05 00:00:00,update
2449,1803,Nadia Suartini,obarton@example.com,Male,2003-07-25,25,Gold,True,2024-11-04 00:00:01,update
2450,1804,Kania Hastuti,pradiptausman@example.net,Male,1988-12-03,10,Silver,False,2021-08-12 00:00:00,insert
2451,1805,Gangsar Uwais,asiregar@example.org,Female,1962-05-20,6,New,True,2021-07-12 00:00:00,insert
2452,1806,Courtney Ochoa,tranconnie@example.net,Male,1997-11-09,11,Regular,False,2021-05-27 00:00:00,insert
2453,1806,Courtney Ochoa,tranconnie@example.net,Male,1997-11-09,11,New,False,2024-07-03 00:00:00,update
2454,1807,Christopher Whitehead,craigpatterson@example.net,Female,1985-05-07,7,Regular,True,2021-05-27 00:00:00,insert
2455,1808,Vicky Hasanah,pottskeith@example.com,Male,1990-07-13,29,Regular,False,2021-08-24 00:00:00,insert
2456,1808,Vicky Hasanah,pottskeith@example.com,Male,1990-07-13,23,Regular,False,2025-06-13 00:00:00,update
2457,1809,Keisha Wijaya,amy97@example.net,Male,1970-03-02,11,Regular,True,2021-08-04 00:00:00,insert
2458,1810,"Mulyono Hassanah, S.Psi",bryan58@example.org,Female,1959-06-12,29,Regular,False,2021-11-14 00:00:00,insert
2459,1811,Anthony Harris,cornelia34@example.org,Female,1994-10-15,27,Silver,True,2021-10-15 00:00:00,insert
2460,1811,Anthony Harris,cornelia34@example.org,Female,1994-10-15,27,Regular,False,2023-08-16 00:00:00,update
2461,1812,Veronica Malone,nyoman27@example.com,Female,2001-03-17,11,Gold,False,2021-08-05 00:00:00,insert
2462,1813,Michael Hicks,warsafarida@example.org,Male,2007-01-09,27,New,False,2021-07-22 00:00:00,insert
2463,1814,Mark Peters,asimon@example.com,Female,1993-01-20,17,Regular,True,2020-10-29 00:00:00,insert
2464,1815,Indah Mustofa,shelby13@example.net,Female,1987-07-27,11,New,False,2021-04-21 00:00:00,insert
2465,1816,Devon Cox,pardinamaga@example.net,Male,1970-04-14,7,New,True,2021-02-17 00:00:00,insert
2466,1817,"Icha Uyainah, M.Kom.",dacin42@example.net,Female,1963-11-01,20,Regular,True,2020-12-20 00:00:00,insert
2467,1817,"Icha Uyainah, M.Kom.",dacin42@example.net,Female,1963-11-01,20,Regular,False,2024-12-19 00:00:00,update
2468,1818,Jelita Hasanah,kiddjenna@example.org,Male,1964-07-06,25,Regular,True,2021-09-18 00:00:00,insert
2469,1819,Eric Harper,ibun71@example.net,Male,1969-03-29,1,New,True,2021-01-13 00:00:00,insert
2470,1819,Eric Harper,ibun71@example.net,Male,1969-03-29,7,Platinum,True,2024-03-23 00:00:00,update
2471,1820,Paul Cummings,jennifer41@example.com,Male,1987-09-12,2,Regular,True,2021-07-14 00:00:00,insert
2472,1820,Paul Cummings,jennifer41@example.com,Male,1987-09-12,24,Regular,True,2025-08-22 00:00:00,update
2473,1821,"KH. Bambang Kuswoyo, M.Kom.",ssummers@example.net,Female,1987-10-07,6,New,False,2021-03-19 00:00:00,insert
2474,1821,"KH. Bambang Kuswoyo, M.Kom.",ssummers@example.net,Female,1987-10-07,23,Gold,True,2022-03-13 00:00:00,update
2475,1822,Thomas Cook,matthewjennings@example.net,Female,1956-04-06,10,Regular,True,2021-03-29 00:00:00,insert
2476,1822,Thomas Cook,matthewjennings@example.net,Female,1956-04-06,12,Regular,False,2023-03-20 00:00:00,update
2477,1823,"Sutan Saiful Kurniawan, S.I.Kom",davistheresa@example.org,Male,1999-10-05,26,New,True,2020-11-19 00:00:00,insert
2478,1824,"Drs. Kamidin Kuswandari, M.Pd",widodouli@example.com,Male,2004-06-23,27,New,True,2020-08-19 00:00:00,insert
2479,1824,"Drs. Kamidin Kuswandari, M.Pd",widodouli@example.com,Male,2004-06-23,27,Gold,True,2023-04-13 00:00:00,update
2480,1825,Ina Lailasari,xhastuti@example.org,Male,1959-04-25,20,New,True,2021-09-17 00:00:00,insert
2481,1826,Michelle Morris,dburke@example.com,Female,1990-11-11,7,New,True,2021-11-29 00:00:00,insert
2482,1827,Hj. Hana Padmasari,hannahdelgado@example.net,Female,2007-04-21,22,New,False,2021-03-19 00:00:00,insert
2483,1827,Hj. Hana Padmasari,hannahdelgado@example.net,Female,2007-04-21,22,New,True,2022-06-17 00:00:00,update
2484,1828,Mark Sweeney,mperry@example.net,Male,2008-02-28,6,Gold,True,2020-12-18 00:00:00,insert
2485,1829,Sabrina Campos,dramadan@example.net,Male,2003-12-25,20,Silver,True,2020-10-22 00:00:00,insert
2486,1829,Sabrina Campos,dramadan@example.net,Male,2003-12-25,15,Regular,True,2024-08-12 00:00:00,update
2487,1830,Raina Agustina,hallmichael@example.org,Female,1974-03-06,19,Regular,True,2021-11-06 00:00:00,insert
2488,1831,Hannah Mckenzie,hasnakusmawati@example.net,Female,1983-10-13,6,New,True,2021-07-13 00:00:00,insert
2489,1832,Mary Petersen,suartinijumari@example.com,Female,1965-10-01,8,New,True,2021-01-15 00:00:00,insert
2490,1832,Mary Petersen,suartinijumari@example.com,Female,1965-10-01,8,New,True,2023-01-06 00:00:00,update
2491,1833,Rahman Riyanti,hsihotang@example.org,Female,2000-04-14,15,New,True,2020-10-08 00:00:00,insert
2492,1833,Rahman Riyanti,hsihotang@example.org,Female,2000-04-14,15,Silver,True,2022-10-20 00:00:00,update
2493,1834,Mursita Pratama,savannahhobbs@example.net,Male,2006-08-28,6,New,True,2021-12-28 00:00:00,insert
2494,1835,Bobby Andersen,fcarpenter@example.com,Female,1972-05-04,3,New,True,2021-09-27 00:00:00,insert
2495,1836,Kamal Kusmawati,wulan46@example.net,Female,2001-04-01,3,New,True,2020-11-05 00:00:00,insert
2496,1837,Michael Clark,jagapati52@example.net,Male,2005-02-19,16,New,True,2021-01-02 00:00:00,insert
2497,1838,"Dt. Hamzah Zulkarnain, M.Farm",hardiansyahrendy@example.com,Male,1975-06-12,11,New,False,2020-12-07 00:00:00,insert
2498,1838,"Dt. Hamzah Zulkarnain, M.Farm",hardiansyahrendy@example.com,Male,1975-06-12,15,New,False,2025-07-16 00:00:00,update
2499,1839,"Hafshah Prakasa, M.TI.",herreraashley@example.org,Male,2003-01-12,22,Silver,True,2021-08-03 00:00:00,insert
2500,1840,Amy Davis,rahayuhalima@example.com,Female,1972-02-08,16,Regular,True,2021-10-16 00:00:00,insert
2501,1841,Surya Marbun,freylynn@example.net,Male,1983-02-15,24,Gold,True,2021-03-23 00:00:00,insert
2502,1842,Bagas Melani,xmandasari@example.net,Female,1978-02-16,16,New,True,2020-09-29 00:00:00,insert
2503,1842,Bagas Melani,xmandasari@example.net,Female,1978-02-16,16,Silver,True,2023-06-01 00:00:00,update
2504,1843,"Puti Dina Prakasa, M.Farm",nugrahanajmudin@example.com,Female,1990-02-26,11,New,True,2021-09-16 00:00:00,insert
2505,1844,Christopher Ray,irfan23@example.net,Female,1996-05-10,3,Regular,True,2021-09-28 00:00:00,insert
2506,1844,Christopher Ray,irfan23@example.net,Female,1996-05-10,17,Regular,True,2022-11-20 00:00:00,update
2507,1845,Balangga Tarihoran,eharrison@example.net,Female,1989-03-28,15,Gold,True,2021-05-06 00:00:00,insert
2508,1846,Prakosa Sudiati,malik26@example.org,Female,1980-10-10,1,Regular,True,2021-03-23 00:00:00,insert
2509,1847,Betania Waluyo,irfankusumo@example.net,Male,1991-05-23,1,New,True,2020-12-26 00:00:00,insert
2510,1848,"R.M. Maras Megantara, S.Gz",nardi08@example.net,Female,2000-02-11,4,New,True,2021-08-29 00:00:00,insert
2511,1849,Tiffany Franklin DDS,brittany37@example.org,Male,1998-10-15,33,New,True,2021-01-04 00:00:00,insert
2512,1849,Tiffany Franklin DDS,brittany37@example.org,Male,1998-10-15,29,Gold,False,2024-05-14 00:00:00,update
2513,1850,Mila Wastuti,collinstroy@example.com,Male,1979-02-08,34,Regular,True,2021-09-21 00:00:00,insert
2514,1851,Sheila Jones,narjinashiruddin@example.net,Male,1969-10-05,20,Regular,True,2020-12-11 00:00:00,insert
2515,1852,Ajiman Anggraini,maryadiputi@example.com,Male,1958-03-26,11,Silver,True,2021-07-29 00:00:00,insert
2516,1853,"Juli Purnawati, S.Pd",kusuma40@example.org,Male,2001-10-21,21,Regular,True,2021-02-22 00:00:00,insert
2517,1853,"Juli Purnawati, S.Pd",kusuma40@example.org,Male,2001-10-21,21,Platinum,False,2022-12-06 00:00:00,update
2518,1854,Gambira Salahudin,laswilestari@example.org,Female,1981-04-05,16,New,True,2021-11-04 00:00:00,insert
2519,1855,Amy Carter,jonathan04@example.org,Male,1979-09-20,18,New,True,2021-10-17 00:00:00,insert
2520,1856,Ade Rajasa,yuniarade@example.net,Female,1978-03-30,12,New,True,2021-03-03 00:00:00,insert
2521,1857,Jeremy Pacheco,osborneraymond@example.net,Male,1967-03-23,1,Regular,False,2021-12-21 00:00:00,insert
2522,1857,Jeremy Pacheco,osborneraymond@example.net,Male,1967-03-23,34,Regular,False,2025-11-01 00:00:00,update
2523,1858,dr. Titi Prasetyo,christophercabrera@example.org,Female,1994-05-08,1,Silver,True,2021-09-10 00:00:00,insert
2524,1859,"Rafi Habibi, S.Farm",romansarah@example.net,Female,1983-04-27,26,New,False,2020-11-13 00:00:00,insert
2525,1860,Danielle Campbell,tasdiknajmudin@example.com,Male,1976-09-27,14,Gold,True,2021-02-06 00:00:00,insert
2526,1861,"Dalima Nurdiyanti, M.Farm",ngardner@example.org,Male,1997-07-01,6,Silver,True,2021-11-15 00:00:00,insert
2527,1862,Monica Williams,rachel57@example.com,Male,1994-10-05,6,New,True,2021-10-28 00:00:00,insert
2528,1863,Eric Poole,firmansyaharta@example.org,Male,1982-10-04,16,New,True,2021-07-05 00:00:00,insert
2529,1864,Bonnie Brown,nguyenthomas@example.com,Male,1984-05-25,16,New,True,2021-11-21 00:00:00,insert
2530,1864,Bonnie Brown,nguyenthomas@example.com,Male,1984-05-25,16,Silver,True,2025-10-17 00:00:00,update
2531,1865,Benjamin Sanchez,siregarraden@example.net,Female,1983-12-06,3,Silver,False,2021-12-28 00:00:00,insert
2532,1866,John Smith,quyainah@example.org,Female,1993-03-30,11,Regular,True,2021-01-03 00:00:00,insert
2533,1867,Citra Napitupulu,asirwandanainggolan@example.com,Male,2006-10-31,1,New,True,2020-09-24 00:00:00,insert
2534,1868,Adam Jimenez,jamie83@example.net,Male,1965-01-12,13,Regular,True,2021-05-02 00:00:00,insert
2535,1869,"R. Danu Lestari, S.I.Kom",rmiller@example.com,Female,1969-07-19,28,Regular,False,2020-11-29 00:00:00,insert
2536,1870,Tira Haryanti,garda09@example.com,Male,1989-01-17,23,Regular,False,2021-07-09 00:00:00,insert
2537,1871,Daniel Hall,saputrahardana@example.com,Male,1983-02-23,16,New,True,2020-11-05 00:00:00,insert
2538,1872,Ida Lazuardi,shermanyolanda@example.com,Male,1986-09-14,9,Regular,True,2021-05-21 00:00:00,insert
2539,1873,Crystal Nguyen,mariadi05@example.org,Male,2004-05-07,32,New,True,2021-03-05 00:00:00,insert
2540,1874,Mila Yuliarti,castillojessica@example.net,Female,1992-05-20,11,Silver,True,2021-01-20 00:00:00,insert
2541,1875,Tanya Cochran,lilihutapea@example.org,Male,2004-05-15,29,Silver,False,2021-04-18 00:00:00,insert
2542,1875,Tanya Cochran,lilihutapea@example.org,Male,2004-05-15,28,Silver,True,2025-11-04 00:00:00,update
2543,1876,John Hanson,ifa24@example.net,Female,1959-12-14,21,Gold,True,2021-05-01 00:00:00,insert
2544,1877,Rachel Miller,zuyainah@example.com,Female,1958-01-11,7,Silver,False,2021-05-13 00:00:00,insert
2545,1877,Rachel Miller,zuyainah@example.com,Female,1958-01-11,23,Silver,True,2023-03-26 00:00:00,update
2546,1878,Tiffany Smith,pancalaksita@example.net,Male,1983-09-17,2,Regular,False,2021-09-13 00:00:00,insert
2547,1879,Raihan Uwais,tyulianti@example.net,Female,1993-05-05,19,New,False,2021-01-09 00:00:00,insert
2548,1880,Paiman Hidayanto,jati34@example.org,Male,1968-04-21,23,Regular,False,2021-07-14 00:00:00,insert
2549,1880,Paiman Hidayanto,jati34@example.org,Male,1968-04-21,9,Regular,True,2022-07-14 00:00:00,update
2550,1881,Faizah Firgantoro,rendy04@example.com,Female,2005-10-23,12,Silver,False,2021-05-07 00:00:00,insert
2551,1882,Nicole Barker,hwijaya@example.net,Female,1982-11-07,27,New,True,2020-12-06 00:00:00,insert
2552,1883,David Morrison,joellawrence@example.net,Male,1971-07-21,19,New,False,2021-06-25 00:00:00,insert
2553,1884,Ms. Tonya Schmidt MD,permadisaadat@example.com,Male,1960-03-24,7,Regular,True,2021-06-29 00:00:00,insert
2554,1885,Lauren Morrison,jenkinsjanet@example.org,Male,1968-11-27,9,Silver,True,2020-09-23 00:00:00,insert
2555,1886,"dr. Tri Yuniar, S.E.",cawukkurniawan@example.org,Female,1966-08-21,11,Regular,True,2021-09-09 00:00:00,insert
2556,1887,Kelly Barnes,najwaramadan@example.org,Female,2001-09-27,1,Silver,True,2021-01-19 00:00:00,insert
2557,1888,Leah Mckinney,hasanahjasmin@example.org,Female,2001-11-15,9,New,False,2021-10-08 00:00:00,insert
2558,1888,Leah Mckinney,hasanahjasmin@example.org,Female,2001-11-15,9,New,True,2024-11-01 00:00:00,update
2559,1889,Kezia Prayoga,kusmawatidinda@example.com,Female,1957-08-07,11,Regular,False,2021-04-29 00:00:00,insert
2560,1890,Michele Sanchez,bhaynes@example.org,Male,1977-08-09,11,Regular,True,2021-02-16 00:00:00,insert
2561,1891,Dr. Bakiman Usada,rebekah90@example.org,Male,2004-07-31,33,New,True,2021-02-21 00:00:00,insert
2562,1891,Dr. Bakiman Usada,rebekah90@example.org,Male,2004-07-31,22,New,False,2023-06-06 00:00:00,update
2563,1892,Febi Januar,thomas27@example.net,Male,2001-02-09,16,Regular,True,2020-12-17 00:00:00,insert
2564,1892,Febi Januar,thomas27@example.net,Male,2001-02-09,20,Gold,False,2024-04-12 00:00:00,update
2565,1893,Charles Sexton,holly87@example.com,Male,2001-09-12,16,Regular,False,2021-10-20 00:00:00,insert
2566,1893,Charles Sexton,holly87@example.com,Male,2001-09-12,7,Regular,True,2022-10-05 00:00:00,update
2567,1894,Gregory Page,virginiajohnson@example.com,Female,2000-11-04,1,New,True,2021-07-13 00:00:00,insert
2568,1894,Gregory Page,virginiajohnson@example.com,Female,2000-11-04,22,Silver,True,2023-12-01 00:00:00,update
2569,1895,Ira Halim,dhubbard@example.net,Male,1983-02-02,14,New,True,2021-07-12 00:00:00,insert
2570,1896,"T. Karman Napitupulu, M.Farm",alexandrahogan@example.net,Male,1996-01-10,16,New,False,2021-03-18 00:00:00,insert
2571,1897,"Mala Maheswara, S.E.",sinagasakura@example.net,Male,1986-01-31,6,New,True,2021-08-23 00:00:00,insert
2572,1897,"Mala Maheswara, S.E.",sinagasakura@example.net,Male,1986-01-31,6,Platinum,True,2024-11-20 00:00:00,update
2573,1898,Wakiman Nababan,christopherortiz@example.org,Female,2005-04-18,1,New,True,2020-09-20 00:00:00,insert
2574,1899,Kathryn Fernandez,tirtarahayu@example.com,Female,1992-05-17,28,New,True,2020-10-08 00:00:00,insert
2575,1900,"dr. Pia Winarno, S.E.",tiffany34@example.com,Male,1974-12-06,16,New,False,2021-04-15 00:00:00,insert
2576,1900,"dr. Pia Winarno, S.E.",tiffany34@example.com,Male,1974-12-06,16,Regular,True,2022-02-04 00:00:00,update
2577,1901,Asirwanda Hassanah,vprasetya@example.com,Female,1975-03-02,1,Regular,True,2020-10-04 00:00:00,insert
2578,1902,"Tina Januar, S.IP",winda93@example.org,Male,1976-12-11,28,Silver,True,2021-06-25 00:00:00,insert
2579,1903,Hasan Yulianti,gatrasafitri@example.net,Female,1966-07-09,14,Regular,True,2020-10-01 00:00:00,insert
2580,1904,Lindsey Johnson,purwadi32@example.com,Male,2000-09-24,11,Regular,False,2021-06-13 00:00:00,insert
2581,1905,Stacy Collins,mcbridestephanie@example.net,Male,2001-11-14,1,Silver,False,2021-06-01 00:00:00,insert
2582,1905,Stacy Collins,mcbridestephanie@example.net,Male,2001-11-14,5,Silver,True,2023-04-22 00:00:00,update
2583,1906,Ashley Cooper,matthew52@example.net,Male,1986-06-28,16,New,False,2020-11-03 00:00:00,insert
2584,1907,Hamima Mardhiyah,connor75@example.net,Female,1957-05-09,1,Regular,False,2021-03-06 00:00:00,insert
2585,1908,Alejandro Warren,fmaheswara@example.net,Female,1959-10-30,1,Silver,False,2021-12-04 00:00:00,insert
2586,1909,Melissa Mullins,bradley72@example.org,Female,2000-12-21,15,New,False,2021-05-20 00:00:00,insert
2587,1910,Kimberly Morgan,fhakim@example.org,Female,1997-11-17,5,New,True,2020-09-27 00:00:00,insert
2588,1910,Kimberly Morgan,fhakim@example.org,Female,1997-11-17,14,Regular,True,2022-06-29 00:00:00,update
2589,1911,"Baktianto Maryati, S.Farm",kuswandariozy@example.com,Male,1963-02-02,18,Regular,False,2020-10-28 00:00:00,insert
2590,1911,"Baktianto Maryati, S.Farm",kuswandariozy@example.com,Male,1963-02-02,9,New,True,2024-01-09 00:00:00,update
2591,1912,Hana Kuswoyo,evansdavid@example.com,Male,1969-10-02,24,Regular,True,2021-03-22 00:00:00,insert
2592,1912,Hana Kuswoyo,evansdavid@example.com,Male,1969-10-02,3,New,False,2022-08-04 00:00:00,update
2593,1913,Alika Gunarto,eddiehaynes@example.org,Male,1990-02-20,16,Platinum,True,2021-05-27 00:00:00,insert
2594,1914,Chase Martin,jrahmawati@example.net,Male,1971-02-06,1,New,True,2021-04-27 00:00:00,insert
2595,1915,R.M. Gamanto Maulana,luwes30@example.org,Female,1981-02-01,6,New,True,2020-11-27 00:00:00,insert
2596,1916,Zalindra Wulandari,zwatts@example.org,Male,1975-05-22,16,New,True,2021-09-23 00:00:00,insert
2597,1917,Timothy Salazar,simsashley@example.org,Female,1986-10-30,26,New,True,2021-11-23 00:00:00,insert
2598,1918,"Bambang Nuraini, M.M.",nwarren@example.net,Male,1966-07-30,27,Regular,True,2021-01-05 00:00:00,insert
2599,1918,"Bambang Nuraini, M.M.",nwarren@example.net,Male,1966-07-30,33,Regular,True,2022-09-12 00:00:00,update
2600,1919,Mila Santoso,rafi93@example.org,Male,1995-01-09,12,New,False,2021-01-15 00:00:00,insert
2602,1919,Mila Santoso,rafi93@example.org,Male,1995-01-09,28,Gold,False,2023-07-04 00:00:01,update
2601,1919,Mila Santoso,rafi93@example.org,Male,1995-01-09,12,Gold,True,2024-05-05 00:00:00,update
2603,1920,Gaiman Sihombing,woodardjonathon@example.net,Male,2006-04-04,6,New,True,2021-04-05 00:00:00,insert
2604,1920,Gaiman Sihombing,woodardjonathon@example.net,Male,2006-04-04,33,New,True,2023-01-20 00:00:00,update
2605,1921,Colton Robbins,diannurdiyanti@example.com,Female,1966-01-20,22,New,True,2021-04-13 00:00:00,insert
2606,1921,Colton Robbins,diannurdiyanti@example.com,Female,1966-01-20,26,Gold,True,2023-03-03 00:00:00,update
2607,1922,Dadap Damanik,christinegrant@example.com,Female,1992-11-12,30,Regular,False,2021-07-05 00:00:00,insert
2608,1923,Halima Rahimah,gangsar41@example.com,Female,1958-02-01,13,Silver,False,2021-06-21 00:00:00,insert
2609,1924,Betania Mansur,nparker@example.org,Male,2006-11-17,34,New,False,2020-10-02 00:00:00,insert
2610,1925,Ashley Smith,aryanisaiful@example.net,Male,1993-12-13,17,Regular,True,2021-07-28 00:00:00,insert
2611,1925,Ashley Smith,aryanisaiful@example.net,Male,1993-12-13,17,Gold,True,2022-10-22 00:00:00,update
2612,1926,Aisyah Anggraini,amonghartati@example.net,Female,1962-01-17,6,New,True,2020-12-11 00:00:00,insert
2613,1927,"dr. Cahya Kuswandari, S.Psi",humaira00@example.com,Male,1981-05-21,29,New,True,2020-10-06 00:00:00,insert
2614,1928,Arthur Mccoy,nicolespence@example.com,Female,2003-10-08,9,Silver,True,2021-09-22 00:00:00,insert
2615,1929,Jabal Laksmiwati,saktibudiman@example.com,Male,1961-11-08,6,Silver,True,2021-10-06 00:00:00,insert
2616,1930,Galak Suryono,zelda69@example.net,Female,1982-08-23,1,New,True,2021-08-06 00:00:00,insert
2617,1931,Kathleen Edwards,maryatibakda@example.org,Female,1962-10-14,1,New,True,2021-12-09 00:00:00,insert
2618,1932,Gina Wolf,hsafitri@example.com,Female,1965-12-17,3,New,True,2021-04-21 00:00:00,insert
2619,1933,Daniel Barton,mandyjohnson@example.com,Male,1958-06-01,11,New,True,2020-10-11 00:00:00,insert
2620,1933,Daniel Barton,mandyjohnson@example.com,Male,1958-06-01,3,Gold,True,2025-01-27 00:00:00,update
2621,1934,Corey Torres,nababanlasmanto@example.org,Male,1982-02-13,34,Regular,True,2021-02-23 00:00:00,insert
2622,1935,Nabila Lazuardi,ashley37@example.net,Male,1988-07-11,29,New,True,2021-04-27 00:00:00,insert
2623,1936,Traci Pratt,cmarbun@example.org,Male,1989-05-28,6,Platinum,False,2021-04-03 00:00:00,insert
2624,1937,Mr. Jonathan Rios,alvaradomelissa@example.com,Male,2003-05-21,29,Platinum,True,2021-11-09 00:00:00,insert
2625,1938,Christopher Larson,bagus13@example.net,Female,1993-11-04,16,New,False,2021-07-14 00:00:00,insert
2626,1939,Megan Olsen,carrie14@example.net,Female,1993-05-22,4,Regular,False,2021-04-03 00:00:00,insert
2627,1939,Megan Olsen,carrie14@example.net,Female,1993-05-22,7,New,False,2023-11-07 00:00:00,update
2628,1940,Tiffany Schneider,daniellesexton@example.org,Female,1987-06-29,33,Regular,True,2020-11-16 00:00:00,insert
2629,1940,Tiffany Schneider,daniellesexton@example.org,Female,1987-06-29,33,Silver,True,2023-01-06 00:00:00,update
2630,1941,Mahfud Mahendra,qvargas@example.org,Female,2005-01-04,11,Regular,False,2021-07-01 00:00:00,insert
2631,1942,Dipa Prasasta,tirtayasauyainah@example.org,Female,1989-12-01,20,New,True,2021-12-11 00:00:00,insert
2632,1943,Anggabaya Suryatmi,hnunez@example.com,Female,2002-04-15,1,Platinum,True,2020-10-06 00:00:00,insert
2633,1944,drg. Dalimin Santoso,maida66@example.org,Male,1976-09-27,11,Regular,True,2021-07-13 00:00:00,insert
2634,1944,drg. Dalimin Santoso,maida66@example.org,Male,1976-09-27,30,Regular,False,2025-08-10 00:00:00,update
2635,1945,Nyana Mardhiyah,adiarja96@example.org,Female,1961-12-14,11,New,True,2021-09-05 00:00:00,insert
2636,1946,Erica Simpson,solehfujiati@example.net,Female,2007-12-18,21,New,False,2021-10-26 00:00:00,insert
2637,1947,Lee Anderson,ruizangela@example.com,Female,1955-07-11,31,Regular,True,2021-05-17 00:00:00,insert
2638,1948,John King,lutfan41@example.com,Female,1955-06-26,16,New,False,2021-03-06 00:00:00,insert
2639,1949,Elizabeth Mcdowell,bakionopuspita@example.com,Male,1962-07-16,11,Regular,True,2020-12-03 00:00:00,insert
2640,1949,Elizabeth Mcdowell,bakionopuspita@example.com,Male,1962-07-16,11,Silver,True,2025-01-08 00:00:00,update
2641,1950,Langgeng Mansur,ylong@example.net,Female,1962-10-04,3,New,True,2021-12-26 00:00:00,insert
2642,1950,Langgeng Mansur,ylong@example.net,Female,1962-10-04,29,Regular,True,2024-09-05 00:00:00,update
2643,1951,James Marsh,ncox@example.com,Male,1964-10-16,13,New,True,2020-10-03 00:00:00,insert
2644,1952,Angela Jones,ymathews@example.com,Female,1994-01-19,16,New,True,2020-10-07 00:00:00,insert
2645,1953,"Aurora Anggriawan, S.Pd",amyortiz@example.org,Male,1972-01-17,12,Regular,True,2021-01-20 00:00:00,insert
2646,1954,Jacob Carey,andrew78@example.net,Female,1974-01-30,2,Regular,True,2021-12-28 00:00:00,insert
2647,1955,Lisa Reyes,emilysmith@example.net,Male,1958-08-26,6,New,True,2021-05-18 00:00:00,insert
2648,1956,"Usyi Rajata, M.Farm",utamasitompul@example.org,Female,1975-07-27,6,New,False,2021-03-30 00:00:00,insert
2649,1957,Nathan Cole,frostmartha@example.org,Female,1955-08-01,27,New,True,2021-12-03 00:00:00,insert
2650,1957,Nathan Cole,frostmartha@example.org,Female,1955-08-01,6,Silver,True,2023-11-26 00:00:00,update
2651,1958,"R. Amelia Januar, M.Farm",ekuswoyo@example.net,Female,1962-04-26,8,Regular,True,2021-03-02 00:00:00,insert
2652,1958,"R. Amelia Januar, M.Farm",ekuswoyo@example.net,Female,1962-04-26,2,Regular,True,2023-09-29 00:00:00,update
2653,1959,William Jones,gabriellee@example.com,Male,1966-01-09,20,Regular,False,2020-12-08 00:00:00,insert
2654,1959,William Jones,gabriellee@example.com,Male,1966-01-09,23,Regular,True,2022-02-03 00:00:00,update
2655,1960,Kayun Susanti,lle@example.net,Male,1973-05-13,6,New,False,2021-04-11 00:00:00,insert
2656,1961,R.M. Purwanto Puspasari,tjanuar@example.org,Male,1989-03-08,25,Silver,True,2020-08-29 00:00:00,insert
2657,1962,Tgk. Wirda Yuniar,serranojessica@example.org,Male,1978-10-20,13,New,False,2021-12-26 00:00:00,insert
2658,1962,Tgk. Wirda Yuniar,serranojessica@example.org,Male,1978-10-20,13,New,True,2023-03-10 00:00:00,update
2659,1963,R. Tirta Pangestu,lidyanurdiyanti@example.org,Male,1957-12-31,22,Silver,True,2021-09-13 00:00:00,insert
2660,1964,H. Kasim Waluyo,cahyanto86@example.com,Female,2003-11-03,16,Regular,True,2020-11-03 00:00:00,insert
2661,1964,H. Kasim Waluyo,cahyanto86@example.com,Female,2003-11-03,23,Silver,True,2025-06-04 00:00:00,update
2662,1965,Dr. Cemeti Saputra,michael23@example.org,Female,1996-05-28,11,New,True,2021-07-08 00:00:00,insert
2663,1965,Dr. Cemeti Saputra,michael23@example.org,Female,1996-05-28,29,Regular,True,2025-09-02 00:00:00,update
2664,1966,Heather Oconnor,robert64@example.com,Male,1987-05-20,6,New,True,2021-05-15 00:00:00,insert
2665,1967,Gaiman Usada,matthewmoore@example.com,Male,1973-01-11,21,New,False,2021-10-24 00:00:00,insert
2666,1967,Gaiman Usada,matthewmoore@example.com,Male,1973-01-11,7,Regular,True,2025-05-29 00:00:00,update
2667,1968,Samuel Davis,michelewilliams@example.net,Female,1957-10-10,27,Regular,False,2021-10-04 00:00:00,insert
2668,1969,Kelly Taylor,alexiskim@example.com,Female,1976-02-28,16,Regular,True,2020-08-20 00:00:00,insert
2669,1970,Ricardo Scott,isabellapierce@example.org,Female,1979-01-14,4,Gold,True,2021-09-16 00:00:00,insert
2670,1971,Devi Prabowo,susancurry@example.net,Male,1989-11-05,1,New,True,2021-05-25 00:00:00,insert
2671,1972,Bryan Moore,cahyono36@example.net,Female,1976-03-10,25,New,True,2020-10-17 00:00:00,insert
2672,1973,"Karman Mulyani, S.H.",utamadadi@example.net,Male,1981-11-09,11,Regular,False,2021-11-07 00:00:00,insert
2673,1974,Deanna Williams,caseyheather@example.com,Female,1975-04-10,16,Silver,True,2021-03-21 00:00:00,insert
2674,1974,Deanna Williams,caseyheather@example.com,Female,1975-04-10,16,Silver,True,2023-07-06 00:00:00,update
2675,1975,Brian Ortiz,utamiharsaya@example.org,Male,1972-07-03,3,Silver,False,2021-08-08 00:00:00,insert
2676,1976,Tania Suryono,stephen39@example.com,Male,1957-09-09,27,Regular,True,2021-02-10 00:00:00,insert
2677,1976,Tania Suryono,stephen39@example.com,Male,1957-09-09,21,Regular,True,2024-03-11 00:00:00,update
2678,1977,"Amalia Rahmawati, S.IP",budiyantovivi@example.org,Female,1958-01-20,4,New,True,2021-11-07 00:00:00,insert
2679,1977,"Amalia Rahmawati, S.IP",budiyantovivi@example.org,Female,1958-01-20,34,Gold,True,2025-05-08 00:00:00,update
2680,1978,Nrima Latupono,richardkaiser@example.org,Male,1982-12-27,1,New,False,2021-07-26 00:00:00,insert
2681,1979,Ina Sudiati,adamsmichael@example.net,Male,1983-09-20,23,Silver,True,2021-05-04 00:00:00,insert
2682,1980,Tgk. Uda Rahayu,youngeric@example.net,Female,2004-03-13,16,New,True,2021-03-06 00:00:00,insert
2683,1981,Oni Sinaga,yhall@example.com,Male,1972-05-09,26,Regular,True,2021-06-08 00:00:00,insert
2684,1981,Oni Sinaga,yhall@example.com,Male,1972-05-09,26,Regular,True,2023-09-02 00:00:00,update
2685,1982,Ibun Sihombing,shellycoffey@example.com,Female,1984-03-13,16,Regular,True,2021-05-14 00:00:00,insert
2686,1983,Mary Bennett,dongoranparman@example.com,Male,1975-10-28,21,New,True,2021-10-28 00:00:00,insert
2687,1983,Mary Bennett,dongoranparman@example.com,Male,1975-10-28,16,Platinum,True,2024-02-25 00:00:00,update
2688,1984,Cynthia Floyd,michael73@example.org,Female,1994-10-22,10,Regular,False,2020-10-15 00:00:00,insert
2689,1985,Mark Gutierrez,summerspatrick@example.com,Male,2000-06-16,24,New,True,2020-09-07 00:00:00,insert
2690,1986,dr. Maman Hariyah,victoria41@example.net,Male,1966-09-07,8,Regular,True,2021-07-23 00:00:00,insert
2691,1987,Tyler Morgan,shakilamaulana@example.net,Female,1965-04-14,34,New,False,2021-05-12 00:00:00,insert
2692,1988,Suzanne Owens,pertiwigarda@example.com,Female,1963-05-25,11,New,False,2020-08-28 00:00:00,insert
2693,1989,Ir. Ciaobella Hasanah,prasetyalamar@example.org,Female,1972-02-27,7,New,True,2020-10-21 00:00:00,insert
2694,1990,Hasan Marpaung,toddwilliam@example.com,Female,1963-06-21,1,Regular,True,2021-01-09 00:00:00,insert
2695,1991,Michelle Robles,wahyunioman@example.org,Male,2004-07-16,4,Silver,True,2021-11-17 00:00:00,insert
2696,1991,Michelle Robles,wahyunioman@example.org,Male,2004-07-16,8,Silver,True,2025-07-11 00:00:00,update
2697,1992,Jane Baker,millerjohn@example.net,Female,1994-05-16,16,New,True,2021-05-05 00:00:00,insert
2698,1993,Gary Smith,chandra02@example.org,Male,1955-07-01,5,Regular,False,2020-09-27 00:00:00,insert
2699,1994,Ir. Gaman Simanjuntak,riyantinaradi@example.org,Male,1982-04-29,24,Regular,True,2021-07-03 00:00:00,insert
2700,1994,Ir. Gaman Simanjuntak,riyantinaradi@example.org,Male,1982-04-29,23,Regular,True,2024-08-06 00:00:00,update
2701,1995,Jacob Lopez,rahayuibrani@example.com,Female,1975-06-12,1,New,True,2021-01-07 00:00:00,insert
2702,1996,Cawuk Zulaika,hidayatbakiono@example.com,Male,1961-02-23,16,Silver,True,2021-01-05 00:00:00,insert
2703,1997,Donald Turner,ikhsan46@example.com,Female,1994-11-09,34,Regular,True,2020-11-17 00:00:00,insert
2704,1998,R. Zelaya Nugroho,glennflowers@example.com,Female,1996-03-04,14,Regular,True,2021-01-21 00:00:00,insert
2705,1998,R. Zelaya Nugroho,glennflowers@example.com,Female,1996-03-04,26,Regular,False,2024-06-06 00:00:00,update
2706,1999,William Hughes,mariadavis@example.org,Female,1995-04-26,6,New,True,2021-07-10 00:00:00,insert
2707,2000,Francisco Cooper,vtampubolon@example.org,Female,1992-08-03,1,New,False,2021-03-09 00:00:00,insert
2708,2001,Sarah Hernandez,lhandayani@example.net,Male,1958-09-11,6,New,False,2020-09-22 00:00:00,insert
2709,2002,Agnes Safitri,xbass@example.net,Female,2001-01-23,24,Regular,True,2021-05-20 00:00:00,insert
2710,2003,Casey Garcia,nwheeler@example.org,Male,2000-01-04,11,Regular,True,2021-12-24 00:00:00,insert
2711,2004,Jennifer Thompson,nugrohoasman@example.net,Male,1984-06-07,1,Silver,True,2020-11-30 00:00:00,insert
2712,2005,Kristina Jensen,wulandarisari@example.org,Male,1992-02-01,17,Gold,True,2020-10-22 00:00:00,insert
2713,2006,Mark Rice,michelle93@example.com,Female,1959-09-05,12,New,True,2021-11-24 00:00:00,insert
2714,2006,Mark Rice,michelle93@example.com,Female,1959-09-05,12,Regular,True,2022-07-09 00:00:00,update
2715,2007,Desiree Erickson,delgadovincent@example.com,Male,1987-02-22,22,Regular,True,2020-10-25 00:00:00,insert
2716,2008,Katrina Barnes,dasa47@example.org,Female,1995-02-18,1,New,False,2020-11-15 00:00:00,insert
2717,2009,Tina Usamah,elamb@example.org,Female,1998-10-24,25,Gold,True,2021-11-29 00:00:00,insert
2718,2010,Janet Branch,preston73@example.net,Male,1984-08-15,23,Silver,True,2020-12-20 00:00:00,insert
2719,2011,R.A. Hasna Yolanda,nking@example.org,Female,1971-04-10,25,New,False,2020-11-11 00:00:00,insert
2720,2012,Zachary Weber,karennatsir@example.net,Female,1998-08-28,27,Regular,False,2021-11-15 00:00:00,insert
2721,2013,Bonnie Brown,carmenross@example.com,Female,1960-08-19,16,Silver,False,2020-10-11 00:00:00,insert
2722,2013,Bonnie Brown,carmenross@example.com,Female,1960-08-19,27,Regular,False,2024-06-06 00:00:00,update
2723,2014,Qori Sirait,stephanierogers@example.com,Female,1989-07-16,1,Gold,True,2021-07-15 00:00:00,insert
2724,2015,Vanessa Li,karnapurwanti@example.com,Female,1968-08-17,2,New,False,2020-11-28 00:00:00,insert
2725,2015,Vanessa Li,karnapurwanti@example.com,Female,1968-08-17,2,New,True,2022-07-29 00:00:00,update
2726,2015,Vanessa Li,karnapurwanti@example.com,Female,1968-08-17,10,Silver,True,2023-06-22 00:00:01,update
2727,2016,Willie Deleon,gina36@example.com,Male,1969-01-24,2,New,True,2021-05-19 00:00:00,insert
2728,2017,"drg. Balangga Wulandari, S.IP",carmen37@example.org,Male,1974-11-09,28,Silver,True,2021-08-20 00:00:00,insert
2729,2018,"drg. Artawan Megantara, M.Kom.",waluyoraina@example.org,Female,1980-07-30,17,Regular,False,2021-11-04 00:00:00,insert
2730,2019,"Ghaliyati Kusumo, S.Kom",zaenabhidayat@example.org,Male,1991-09-14,16,New,False,2021-08-13 00:00:00,insert
2731,2019,"Ghaliyati Kusumo, S.Kom",zaenabhidayat@example.org,Male,1991-09-14,14,Silver,True,2024-12-18 00:00:00,update
2732,2020,Gregory Spencer,caitlin91@example.net,Female,1993-01-15,25,Regular,True,2021-05-15 00:00:00,insert
2733,2021,dr. Mutia Hasanah,sudiatisurya@example.org,Female,1998-03-02,29,New,True,2021-12-08 00:00:00,insert
2734,2022,"Drs. Taufan Farida, M.Kom.",jessica47@example.org,Male,1986-04-30,28,New,True,2021-03-01 00:00:00,insert
2735,2023,Dr. Kajen Kusmawati,yance91@example.org,Female,1978-11-28,1,New,False,2020-12-12 00:00:00,insert
2736,2023,Dr. Kajen Kusmawati,yance91@example.org,Female,1978-11-28,32,New,True,2025-07-02 00:00:00,update
2737,2024,Humaira Mangunsong,usmanprasetya@example.net,Female,1980-09-22,17,New,False,2021-01-25 00:00:00,insert
2738,2024,Humaira Mangunsong,usmanprasetya@example.net,Female,1980-09-22,17,Platinum,True,2024-02-25 00:00:00,update
2739,2025,Upik Laksita,csparks@example.net,Female,2000-02-10,4,New,True,2020-12-21 00:00:00,insert
2740,2025,Upik Laksita,csparks@example.net,Female,2000-02-10,4,Regular,True,2024-01-27 00:00:00,update
2741,2026,"Setya Situmorang, M.Ak",pfirgantoro@example.org,Male,1993-04-28,1,Silver,True,2021-09-21 00:00:00,insert
2742,2027,Thomas Massey,solomonedward@example.net,Female,1989-05-31,29,Regular,False,2021-06-04 00:00:00,insert
2743,2028,Eric Tyler,zprakasa@example.net,Female,1956-01-07,26,New,True,2021-10-03 00:00:00,insert
2744,2029,Benjamin Rojas,johnathan03@example.com,Male,2004-10-10,10,Regular,True,2021-11-18 00:00:00,insert
2745,2029,Benjamin Rojas,johnathan03@example.com,Male,2004-10-10,10,Regular,True,2024-02-11 00:00:00,update
2746,2030,Matthew Hurst,jailaniharja@example.org,Male,1982-11-14,28,New,True,2020-12-22 00:00:00,insert
2747,2031,Stephanie Crawford,ilyaspermata@example.com,Male,1984-02-12,11,Silver,True,2021-02-21 00:00:00,insert
2748,2032,Vicki Lowery,mulyantoutami@example.com,Female,1965-04-26,20,Silver,True,2021-11-17 00:00:00,insert
2749,2032,Vicki Lowery,mulyantoutami@example.com,Female,1965-04-26,31,Silver,False,2023-04-04 00:00:00,update
2750,2032,Vicki Lowery,mulyantoutami@example.com,Female,1965-04-26,31,Regular,True,2024-10-30 00:00:01,update
2751,2033,Jennifer Walls,lnababan@example.org,Male,1993-11-27,2,New,True,2020-12-19 00:00:00,insert
2752,2034,Elizabeth Hernandez,ynuraini@example.net,Male,1994-04-14,1,New,True,2021-09-04 00:00:00,insert
2753,2034,Elizabeth Hernandez,ynuraini@example.net,Male,1994-04-14,1,Silver,False,2024-03-25 00:00:00,update
2754,2035,Timothy Knight,nalar46@example.net,Male,1973-06-18,16,New,True,2021-11-10 00:00:00,insert
2755,2035,Timothy Knight,nalar46@example.net,Male,1973-06-18,19,Silver,True,2025-10-07 00:00:00,update
2756,2036,"Ida Usada, S.Pd",vinonababan@example.com,Female,1957-02-15,8,Gold,False,2021-01-19 00:00:00,insert
2757,2036,"Ida Usada, S.Pd",vinonababan@example.com,Female,1957-02-15,8,Gold,True,2025-04-29 00:00:00,update
2758,2037,Adikara Prakasa,ufisher@example.org,Female,1987-03-15,11,Regular,True,2020-12-01 00:00:00,insert
2759,2038,Dagel Napitupulu,shakila77@example.com,Female,1977-07-17,14,Silver,True,2021-12-18 00:00:00,insert
2760,2039,"Arsipatra Setiawan, M.Pd",mulyaramadan@example.net,Female,1989-07-09,14,Regular,True,2020-11-30 00:00:00,insert
2761,2039,"Arsipatra Setiawan, M.Pd",mulyaramadan@example.net,Female,1989-07-09,13,Silver,False,2023-03-26 00:00:00,update
2762,2040,"Aisyah Permata, S.Kom",mary97@example.org,Male,1972-07-30,7,New,True,2021-01-07 00:00:00,insert
2763,2041,"Ir. Adika Nasyidah, M.Ak",obuchanan@example.net,Male,1968-03-27,1,New,False,2021-07-18 00:00:00,insert
2764,2042,Lori Casey,chelsea92@example.com,Female,1972-07-20,16,New,False,2021-09-07 00:00:00,insert
2765,2043,Natalie Davis,wanisaragih@example.net,Female,1973-05-04,11,Gold,False,2021-09-03 00:00:00,insert
2766,2044,Teresa Yoder,jeremiah15@example.org,Female,1986-05-25,6,New,True,2021-08-21 00:00:00,insert
2767,2044,Teresa Yoder,jeremiah15@example.org,Female,1986-05-25,4,Gold,True,2023-08-14 00:00:00,update
2768,2045,Jaeman Pranowo,zulkarnaintaufik@example.org,Male,1983-06-28,16,New,True,2021-02-22 00:00:00,insert
2769,2046,Roy Johnson,qbutler@example.com,Male,1972-07-30,1,Regular,True,2021-12-28 00:00:00,insert
2771,2046,Roy Johnson,qbutler@example.com,Male,1972-07-30,1,Platinum,True,2024-03-14 00:00:01,update
2770,2046,Roy Johnson,qbutler@example.com,Male,1972-07-30,1,Platinum,False,2025-09-29 00:00:00,update
2772,2047,Natalie Hernandez,bernardelizabeth@example.org,Male,1996-03-20,6,Regular,True,2021-10-23 00:00:00,insert
2773,2048,Jimmy Graham IV,thamrinvirman@example.org,Male,1970-03-06,11,Regular,False,2021-08-23 00:00:00,insert
2774,2049,Ellis Hutagalung,qphillips@example.net,Male,1967-12-30,1,New,False,2021-05-31 00:00:00,insert
2775,2050,Ulva Palastri,danu40@example.org,Male,1993-04-06,25,New,True,2021-06-18 00:00:00,insert
2776,2051,Harsanto Nasyiah,jeff00@example.net,Female,1959-07-26,19,Regular,False,2021-01-14 00:00:00,insert
2778,2051,Harsanto Nasyiah,jeff00@example.net,Female,1959-07-26,19,Regular,False,2022-09-30 00:00:01,update
2777,2051,Harsanto Nasyiah,jeff00@example.net,Female,1959-07-26,19,Regular,False,2024-01-19 00:00:00,update
2779,2052,Jonathan Lozano,david55@example.com,Female,1963-10-10,6,Silver,True,2021-10-19 00:00:00,insert
2780,2053,Lembah Maheswara,daltonsean@example.com,Male,1970-04-11,21,Platinum,True,2020-11-03 00:00:00,insert
2781,2054,Ibrani Adriansyah,wjohnson@example.com,Male,1967-10-09,1,Gold,True,2021-12-16 00:00:00,insert
2782,2055,R.M. Kamal Riyanti,laura65@example.net,Male,1983-10-30,8,Regular,False,2021-02-19 00:00:00,insert
2783,2056,"Zalindra Purnawati, S.Psi",ani52@example.com,Female,1993-02-07,16,Silver,True,2020-11-22 00:00:00,insert
2784,2057,Titin Prabowo,unarpati@example.org,Male,2003-04-30,10,New,True,2021-05-08 00:00:00,insert
2785,2058,"Puti Putri Winarno, S.E.",amandamoore@example.com,Male,1959-09-15,16,Silver,True,2021-03-20 00:00:00,insert
2786,2059,"dr. Reza Anggriawan, S.IP",jacobdavis@example.org,Female,1958-11-08,1,Regular,True,2021-08-15 00:00:00,insert
2787,2059,"dr. Reza Anggriawan, S.IP",jacobdavis@example.org,Female,1958-11-08,19,Regular,True,2023-12-27 00:00:00,update
2788,2060,Septi Adriansyah,robin88@example.org,Male,1958-10-09,1,Regular,True,2020-12-30 00:00:00,insert
2789,2060,Septi Adriansyah,robin88@example.org,Male,1958-10-09,30,Silver,True,2025-06-17 00:00:00,update
2790,2061,"R.A. Zahra Manullang, S.Gz",irawahyudin@example.org,Female,1989-01-22,30,Regular,False,2021-05-07 00:00:00,insert
2791,2061,"R.A. Zahra Manullang, S.Gz",irawahyudin@example.org,Female,1989-01-22,12,Gold,True,2025-10-30 00:00:00,update
2792,2062,Michael Buchanan,marwataastuti@example.org,Female,1971-08-06,8,Regular,True,2021-12-10 00:00:00,insert
2793,2063,Savannah Garrett,yirawan@example.net,Female,1956-08-30,6,Silver,True,2021-02-22 00:00:00,insert
2794,2064,"drg. Latika Anggriawan, S.Gz",harrisonjohn@example.com,Male,1994-01-10,16,New,True,2021-10-21 00:00:00,insert
2795,2064,"drg. Latika Anggriawan, S.Gz",harrisonjohn@example.com,Male,1994-01-10,16,New,False,2025-11-08 00:00:00,update
2796,2065,John Hunter,perryjeffrey@example.net,Female,1972-05-10,6,New,True,2021-04-03 00:00:00,insert
2797,2065,John Hunter,perryjeffrey@example.net,Female,1972-05-10,6,New,True,2024-07-13 00:00:00,update
2798,2066,Eli Permadi,kastuti@example.com,Male,1985-10-01,18,New,False,2021-04-19 00:00:00,insert
2799,2067,Kamaria Waskita,xprasasta@example.net,Male,1992-05-15,14,New,False,2021-12-12 00:00:00,insert
2800,2068,KH. Ajiono Yulianti,castillolee@example.com,Male,1968-03-14,16,New,False,2021-02-09 00:00:00,insert
2801,2069,Melissa Taylor,mario69@example.net,Female,1958-07-05,11,Platinum,False,2021-03-08 00:00:00,insert
2802,2070,Kathryn Fisher,clinemonica@example.com,Male,1968-07-01,26,New,True,2021-02-08 00:00:00,insert
2803,2070,Kathryn Fisher,clinemonica@example.com,Male,1968-07-01,12,New,True,2024-04-03 00:00:00,update
2804,2071,John Serrano,kimberly09@example.net,Female,1996-12-04,1,New,False,2020-08-31 00:00:00,insert
2805,2072,"Prabowo Susanti, S.I.Kom",kembarajasa@example.net,Male,1973-08-01,16,New,True,2021-03-26 00:00:00,insert
2806,2073,George Weaver,wardi24@example.org,Male,1962-07-11,27,New,True,2021-04-25 00:00:00,insert
2807,2074,Justin Colon,joseph55@example.com,Female,1989-06-13,30,Regular,True,2021-02-10 00:00:00,insert
2808,2075,Mahdi Thamrin,kellycatherine@example.com,Female,1968-04-29,16,Regular,False,2021-11-12 00:00:00,insert
2809,2075,Mahdi Thamrin,kellycatherine@example.com,Female,1968-04-29,16,Silver,True,2025-08-28 00:00:00,update
2810,2076,"Irma Mayasari, S.Farm",ulihasanah@example.net,Female,1972-10-06,34,New,True,2020-10-04 00:00:00,insert
2811,2076,"Irma Mayasari, S.Farm",ulihasanah@example.net,Female,1972-10-06,34,Regular,True,2023-02-10 00:00:00,update
2812,2077,Sutan Viman Kuswoyo,klawrence@example.com,Male,1995-05-26,33,Gold,False,2021-01-16 00:00:00,insert
2813,2077,Sutan Viman Kuswoyo,klawrence@example.com,Male,1995-05-26,24,Gold,True,2023-05-20 00:00:00,update
2814,2078,Laras Prastuti,devinlawson@example.net,Male,2000-12-19,31,New,True,2021-07-03 00:00:00,insert
2815,2079,"Ir. Jasmani Handayani, S.I.Kom",saefullahbanawi@example.org,Female,1984-04-22,20,Silver,True,2020-11-26 00:00:00,insert
2816,2079,"Ir. Jasmani Handayani, S.I.Kom",saefullahbanawi@example.org,Female,1984-04-22,20,Silver,False,2025-01-28 00:00:00,update
2817,2080,"Anita Firgantoro, S.Kom",luluhsaputra@example.net,Female,1983-10-04,1,New,True,2021-08-04 00:00:00,insert
2818,2081,Nurul Uyainah,mmeyer@example.com,Male,1973-06-30,21,New,True,2020-10-10 00:00:00,insert
2819,2082,R.M. Jinawi Pudjiastuti,wellschristina@example.org,Female,1956-03-20,19,Regular,False,2020-10-06 00:00:00,insert
2820,2082,R.M. Jinawi Pudjiastuti,wellschristina@example.org,Female,1956-03-20,19,New,True,2023-04-23 00:00:00,update
2821,2082,R.M. Jinawi Pudjiastuti,wellschristina@example.org,Female,1956-03-20,15,New,True,2025-07-25 00:00:01,update
2822,2083,Adikara Najmudin,pameladavidson@example.org,Female,1997-04-10,25,Silver,False,2021-04-21 00:00:00,insert
2823,2083,Adikara Najmudin,pameladavidson@example.org,Female,1997-04-10,13,Silver,False,2025-06-14 00:00:00,update
2824,2084,Jennifer Miller,saiful92@example.com,Male,1960-02-14,29,Regular,True,2021-03-07 00:00:00,insert
2825,2084,Jennifer Miller,saiful92@example.com,Male,1960-02-14,31,Silver,True,2025-07-17 00:00:00,update
2826,2085,Safina Sudiati,waluyoputu@example.org,Male,1993-05-12,8,Gold,True,2020-09-05 00:00:00,insert
2827,2086,drg. Sakura Damanik,fmayasari@example.org,Female,1988-12-31,14,Gold,True,2021-06-24 00:00:00,insert
2828,2087,Danielle Baker,timothysantiago@example.org,Male,1969-09-08,11,New,True,2020-11-18 00:00:00,insert
2829,2088,Wanda Holloway,mulya94@example.net,Male,2007-07-10,26,New,True,2020-12-29 00:00:00,insert
2830,2088,Wanda Holloway,mulya94@example.net,Male,2007-07-10,26,Regular,True,2023-03-01 00:00:00,update
2831,2089,James Brown,ugunawan@example.org,Male,1988-12-03,7,New,True,2021-10-17 00:00:00,insert
2832,2090,Heather Byrd,mulyanikadir@example.org,Female,1957-06-28,27,Regular,True,2020-11-02 00:00:00,insert
2833,2091,"Dewi Laksmiwati, S.Kom",samantha31@example.org,Male,2000-11-25,19,Silver,True,2021-03-27 00:00:00,insert
2834,2092,Phillip Garcia,gabriella12@example.org,Female,1966-05-17,9,Regular,False,2021-02-03 00:00:00,insert
2835,2093,"R.A. Yuni Usamah, S.Pt",malik63@example.net,Male,1987-02-12,11,Silver,True,2020-12-25 00:00:00,insert
2836,2094,Najam Gunawan,jason40@example.org,Male,2000-06-18,1,Regular,False,2020-12-10 00:00:00,insert
2837,2095,William White,irma56@example.com,Female,1989-11-16,12,New,False,2020-12-06 00:00:00,insert
2838,2096,dr. Budi Puspita,burtonangela@example.com,Male,2007-04-28,30,Silver,True,2021-03-02 00:00:00,insert
2839,2097,"Amalia Marpaung, M.Farm",brewerchristopher@example.com,Female,1989-01-23,7,New,True,2021-09-20 00:00:00,insert
2840,2098,Kawaca Mahendra,simonjanet@example.org,Male,1981-10-30,28,New,True,2021-08-23 00:00:00,insert
2841,2098,Kawaca Mahendra,simonjanet@example.org,Male,1981-10-30,28,New,False,2022-05-19 00:00:00,update
2842,2099,Michael Gomez,valerie43@example.com,Male,1982-05-11,11,New,True,2021-06-27 00:00:00,insert
2843,2100,Amy Hughes,puspawijayanti@example.org,Male,2002-01-18,8,Regular,True,2021-01-01 00:00:00,insert
2844,2101,Hannah Thomas,travisrobertson@example.net,Male,1986-05-11,11,New,False,2020-12-24 00:00:00,insert
2845,2102,Emily Foley,gford@example.net,Female,1999-10-08,32,Regular,True,2021-02-27 00:00:00,insert
2846,2102,Emily Foley,gford@example.net,Female,1999-10-08,32,Regular,False,2023-12-03 00:00:00,update
2847,2103,Darlene Vasquez,bakernancy@example.net,Male,1955-07-12,11,Regular,True,2020-12-18 00:00:00,insert
2848,2103,Darlene Vasquez,bakernancy@example.net,Male,1955-07-12,11,Regular,True,2023-02-13 00:00:00,update
2849,2103,Darlene Vasquez,bakernancy@example.net,Male,1955-07-12,10,Silver,True,2025-01-23 00:00:01,update
2850,2104,Ir. Amalia Astuti,ashleycoleman@example.net,Male,1957-07-11,1,New,False,2021-04-01 00:00:00,insert
2851,2104,Ir. Amalia Astuti,ashleycoleman@example.net,Male,1957-07-11,28,New,True,2024-09-29 00:00:00,update
2852,2105,Erik Natsir,ishea@example.com,Male,1965-03-18,23,New,True,2020-09-16 00:00:00,insert
2853,2105,Erik Natsir,ishea@example.com,Male,1965-03-18,4,New,True,2024-04-21 00:00:00,update
2854,2106,Teddy Nurdiyanti,lisaflores@example.com,Male,1987-08-31,22,New,True,2021-03-29 00:00:00,insert
2855,2107,Peter Jones,gharrison@example.net,Female,1987-12-21,32,Regular,True,2021-08-14 00:00:00,insert
2856,2108,Curtis King,ecrawford@example.org,Female,1974-11-13,28,New,True,2021-06-20 00:00:00,insert
2857,2109,Frederick Bradford,hasanahnrima@example.net,Female,1994-03-21,16,New,True,2021-04-25 00:00:00,insert
2858,2109,Frederick Bradford,hasanahnrima@example.net,Female,1994-03-21,14,Gold,True,2023-06-19 00:00:00,update
2859,2110,Cynthia Rosales,tyuliarti@example.net,Male,1970-05-03,16,Silver,True,2021-12-18 00:00:00,insert
2860,2111,"Umi Kuswandari, S.E.I",cmartin@example.net,Male,1993-01-06,10,New,False,2020-11-26 00:00:00,insert
2861,2111,"Umi Kuswandari, S.E.I",cmartin@example.net,Male,1993-01-06,10,New,True,2024-03-31 00:00:00,update
2862,2112,T. Dadi Latupono,xhutapea@example.net,Male,1979-07-28,17,New,False,2020-08-27 00:00:00,insert
2863,2112,T. Dadi Latupono,xhutapea@example.net,Male,1979-07-28,30,New,True,2022-02-07 00:00:00,update
2864,2113,Andrew Finley,justin97@example.net,Male,1977-06-05,6,New,False,2021-01-13 00:00:00,insert
2865,2113,Andrew Finley,justin97@example.net,Male,1977-06-05,6,New,True,2023-01-14 00:00:00,update
2866,2114,Tgk. Gilda Uyainah,mwalker@example.org,Female,1994-06-22,18,Regular,True,2020-09-29 00:00:00,insert
2867,2114,Tgk. Gilda Uyainah,mwalker@example.org,Female,1994-06-22,18,Silver,False,2023-12-02 00:00:00,update
2868,2115,Ronnie Henderson,ereynolds@example.net,Male,1986-04-08,5,Gold,False,2021-08-01 00:00:00,insert
2869,2116,Michael Pruitt,harsantosaefullah@example.net,Male,1975-01-13,28,Silver,True,2020-10-25 00:00:00,insert
2870,2117,Dt. Timbul Suartini,henrysamuel@example.org,Male,1992-10-20,14,Silver,True,2020-08-31 00:00:00,insert
2871,2118,Lisa Kelly,oktavianicayadi@example.net,Female,1957-03-27,20,Gold,True,2021-09-07 00:00:00,insert
2872,2118,Lisa Kelly,oktavianicayadi@example.net,Female,1957-03-27,23,Gold,False,2024-03-21 00:00:00,update
2873,2119,Brent Williams,jagaraga35@example.net,Female,1998-06-03,26,New,True,2021-07-23 00:00:00,insert
2874,2120,T. Bahuwirya Novitasari,langgengzulaika@example.org,Male,1995-08-30,14,New,True,2020-11-24 00:00:00,insert
2875,2120,T. Bahuwirya Novitasari,langgengzulaika@example.org,Male,1995-08-30,26,Regular,True,2023-09-05 00:00:00,update
2876,2121,Nilam Mardhiyah,whiterandy@example.org,Female,1991-06-16,6,Silver,True,2021-10-03 00:00:00,insert
2877,2121,Nilam Mardhiyah,whiterandy@example.org,Female,1991-06-16,29,Silver,True,2022-09-16 00:00:00,update
2878,2122,Michele Davis,wardihardiansyah@example.net,Female,1993-04-18,32,Regular,True,2020-12-01 00:00:00,insert
2879,2122,Michele Davis,wardihardiansyah@example.net,Female,1993-04-18,14,Gold,True,2024-11-01 00:00:00,update
2880,2123,"Tgk. Lidya Uwais, S.I.Kom",mendozatravis@example.com,Female,1985-11-09,32,Platinum,True,2021-02-17 00:00:00,insert
2881,2124,Michele Fletcher,pardiwijaya@example.org,Female,1980-06-18,20,Gold,False,2021-10-08 00:00:00,insert
2882,2125,Laura Harrington,dagel57@example.net,Female,1994-09-11,31,Regular,False,2021-07-02 00:00:00,insert
2883,2126,Troy Clarke,bhidayat@example.com,Female,1999-04-20,29,New,False,2021-11-08 00:00:00,insert
2884,2126,Troy Clarke,bhidayat@example.com,Female,1999-04-20,29,New,False,2024-11-04 00:00:00,update
2885,2127,Tanya Luna,schmittrebecca@example.com,Female,1982-06-01,25,Regular,True,2020-10-26 00:00:00,insert
2886,2127,Tanya Luna,schmittrebecca@example.com,Female,1982-06-01,29,New,True,2025-03-02 00:00:00,update
2887,2128,Kariman Safitri,tantriwinarsih@example.com,Female,1960-11-07,16,Regular,False,2020-12-11 00:00:00,insert
2888,2129,Ryan Wilson,kelly56@example.net,Male,1976-08-08,1,New,True,2020-12-25 00:00:00,insert
2889,2130,"Gading Mandala, M.Pd",ika03@example.org,Female,1994-03-31,1,Silver,True,2021-08-12 00:00:00,insert
2890,2131,Marc Frazier,sandersbrenda@example.com,Male,2000-07-19,11,Regular,True,2021-02-09 00:00:00,insert
2891,2132,Gilda Lazuardi,uwahyudin@example.org,Male,1989-11-18,8,Silver,True,2021-11-16 00:00:00,insert
2892,2133,Karman Gunarto,utamieja@example.org,Male,1977-11-13,14,New,True,2021-04-02 00:00:00,insert
2893,2133,Karman Gunarto,utamieja@example.org,Male,1977-11-13,14,New,True,2023-10-23 00:00:00,update
2894,2134,Cory Williams,aryaniindra@example.net,Female,2007-02-04,6,Regular,True,2021-02-19 00:00:00,insert
2895,2135,Olivia Lazuardi,gamanipudjiastuti@example.net,Female,1980-07-24,11,New,True,2021-12-15 00:00:00,insert
2896,2136,"Ellis Lazuardi, S.Ked",hsitorus@example.com,Male,1972-05-31,32,New,True,2021-10-04 00:00:00,insert
2897,2137,Deborah Hensley,asirwada34@example.net,Female,1968-04-23,7,Regular,True,2021-10-20 00:00:00,insert
2898,2138,"Betania Haryanti, S.I.Kom",xsuartini@example.com,Female,1973-04-24,6,New,True,2020-09-14 00:00:00,insert
2899,2139,Sabrina Habibi,zhabibi@example.com,Male,1997-02-27,17,Regular,True,2020-10-11 00:00:00,insert
2900,2140,Ruth Ryan,wrahayu@example.com,Female,1957-06-16,14,New,True,2021-06-10 00:00:00,insert
2901,2141,Carol Brown,perkasahandayani@example.net,Female,1982-01-28,6,Silver,True,2021-04-24 00:00:00,insert
2902,2142,Sutan Karna Hardiansyah,bakerkimberly@example.com,Female,1978-03-25,11,Silver,True,2021-09-24 00:00:00,insert
2903,2142,Sutan Karna Hardiansyah,bakerkimberly@example.com,Female,1978-03-25,11,Silver,False,2023-12-22 00:00:00,update
2904,2143,Molly Johnson,ami68@example.net,Male,1958-04-23,18,New,True,2021-04-08 00:00:00,insert
2905,2143,Molly Johnson,ami68@example.net,Male,1958-04-23,18,New,True,2025-07-13 00:00:00,update
2906,2144,Terry Mckinney,aaron03@example.org,Female,2005-03-21,11,Regular,True,2021-01-22 00:00:00,insert
2907,2144,Terry Mckinney,aaron03@example.org,Female,2005-03-21,23,Regular,True,2025-12-01 00:00:00,update
2908,2145,"Cindy Lailasari, S.Pt",zamirasusanti@example.net,Female,1971-04-23,27,Silver,True,2021-02-10 00:00:00,insert
2909,2146,Paiman Fujiati,amalia47@example.org,Female,1971-05-19,4,Regular,False,2020-08-23 00:00:00,insert
2910,2146,Paiman Fujiati,amalia47@example.org,Female,1971-05-19,19,Regular,False,2024-05-12 00:00:00,update
2911,2147,Hj. Maimunah Firgantoro,joe80@example.net,Male,1963-05-19,11,Regular,False,2021-10-20 00:00:00,insert
2912,2148,Kirk Zimmerman,danang18@example.com,Male,1994-09-28,10,Silver,True,2021-05-31 00:00:00,insert
2913,2149,Peter Coleman,james14@example.org,Female,1986-07-30,12,Regular,True,2021-06-03 00:00:00,insert
2914,2150,Dr. Tania Fujiati,ncastillo@example.net,Male,1965-06-03,1,Regular,True,2021-01-26 00:00:00,insert
2915,2151,dr. Rahayu Pranowo,qastuti@example.net,Male,1969-09-25,11,Regular,False,2021-10-21 00:00:00,insert
2916,2152,Lindsey Rowe,mscott@example.net,Female,1988-10-12,1,New,True,2020-11-24 00:00:00,insert
2917,2153,Dustin Tucker DVM,peter70@example.com,Female,1967-09-14,5,Regular,True,2021-01-20 00:00:00,insert
2918,2154,"Oliva Purwanti, S.Gz",gregory89@example.net,Male,1971-12-08,3,New,False,2020-12-17 00:00:00,insert
2919,2155,Dr. Luis Maryadi,tasdik33@example.com,Female,1995-07-06,1,Platinum,True,2020-12-28 00:00:00,insert
2920,2156,Dr. Safina Hassanah,leah89@example.com,Female,1983-05-08,11,New,False,2021-04-28 00:00:00,insert
2921,2157,Madison Franklin,hernandezbrent@example.net,Male,1996-03-12,1,New,True,2021-01-10 00:00:00,insert
2922,2157,Madison Franklin,hernandezbrent@example.net,Male,1996-03-12,23,New,True,2024-08-22 00:00:00,update
2923,2158,"Lantar Lestari, S.Pd",amandasari@example.org,Female,1980-05-05,16,Silver,True,2021-04-05 00:00:00,insert
2924,2158,"Lantar Lestari, S.Pd",amandasari@example.org,Female,1980-05-05,17,Silver,True,2024-05-11 00:00:00,update
2925,2159,Jerry Stevenson,jasminmulyani@example.net,Female,1977-04-29,5,New,True,2021-01-08 00:00:00,insert
2926,2160,Charles Carter,mustika16@example.org,Male,2005-12-08,15,Silver,True,2021-09-27 00:00:00,insert
2927,2161,Walter Marquez,jailanijaya@example.org,Male,1997-07-02,24,Regular,False,2021-10-03 00:00:00,insert
2928,2162,"Jessica Januar, S.T.",rahayualika@example.net,Male,1968-08-18,8,Regular,False,2020-10-26 00:00:00,insert
2929,2162,"Jessica Januar, S.T.",rahayualika@example.net,Male,1968-08-18,16,New,False,2024-06-13 00:00:00,update
2930,2163,Gantar Marbun,stephen59@example.org,Male,1995-05-23,14,Gold,False,2021-04-09 00:00:00,insert
2931,2164,Purwanto Laksmiwati,williamcook@example.net,Male,1980-06-10,11,New,True,2021-06-08 00:00:00,insert
2932,2165,Andrea Walters,peterjackson@example.com,Female,1975-02-19,2,Gold,True,2021-12-01 00:00:00,insert
2933,2166,Joseph Rodriguez,wbenjamin@example.net,Male,2003-10-09,7,Regular,True,2021-10-26 00:00:00,insert
2934,2167,Laura Combs,nicholsoncharles@example.org,Male,1990-10-27,11,Regular,True,2020-10-15 00:00:00,insert
2935,2168,Kayla Munoz,molson@example.com,Female,1990-10-18,16,Regular,False,2021-07-05 00:00:00,insert
2936,2169,Ella Yolanda,elizabeth00@example.org,Male,1978-07-09,31,Silver,False,2021-03-26 00:00:00,insert
2937,2169,Ella Yolanda,elizabeth00@example.org,Male,1978-07-09,19,Silver,True,2024-06-05 00:00:00,update
2938,2170,Kathy Patel,csudiati@example.com,Female,1977-08-16,1,New,False,2021-09-05 00:00:00,insert
2939,2171,Katelyn Garcia,maria90@example.net,Female,1970-05-08,27,Regular,True,2021-05-01 00:00:00,insert
2940,2172,"Wirda Sinaga, S.Farm",prakasajanet@example.com,Female,1958-10-21,10,Platinum,True,2021-03-18 00:00:00,insert
2941,2172,"Wirda Sinaga, S.Farm",prakasajanet@example.com,Female,1958-10-21,10,Regular,False,2022-07-19 00:00:00,update
2942,2173,April Mcknight,mulyono30@example.com,Male,2004-09-19,22,New,True,2021-02-25 00:00:00,insert
2943,2173,April Mcknight,mulyono30@example.com,Male,2004-09-19,22,New,False,2025-07-23 00:00:00,update
2944,2174,Raihan Maryati,jeanette09@example.org,Male,1991-04-08,1,Silver,True,2021-06-20 00:00:00,insert
2945,2174,Raihan Maryati,jeanette09@example.org,Male,1991-04-08,22,Silver,True,2025-03-06 00:00:00,update
2946,2175,"Drs. Daru Nashiruddin, S.T.",ophelia75@example.net,Male,1974-07-10,16,New,True,2020-11-09 00:00:00,insert
2947,2175,"Drs. Daru Nashiruddin, S.T.",ophelia75@example.net,Male,1974-07-10,6,Silver,True,2024-11-26 00:00:00,update
2948,2176,Yosef Prastuti,wakiman37@example.com,Female,1965-05-12,15,New,True,2021-03-24 00:00:00,insert
2949,2176,Yosef Prastuti,wakiman37@example.com,Female,1965-05-12,18,Gold,True,2023-11-23 00:00:00,update
2950,2177,Diane Alexander,bagiyaastuti@example.org,Female,2000-08-10,21,Regular,True,2020-09-10 00:00:00,insert
2951,2178,Jennifer Nunez,molly46@example.net,Male,1963-10-29,11,New,True,2021-08-12 00:00:00,insert
2952,2179,William Aguilar,charles74@example.net,Male,1985-03-24,11,Regular,False,2021-02-22 00:00:00,insert
2953,2180,Shannon Carson,sadina77@example.org,Female,1985-07-14,11,Regular,True,2021-12-11 00:00:00,insert
2954,2181,Diah Simanjuntak,hamiltoncharles@example.net,Male,1970-11-12,31,New,True,2021-08-11 00:00:00,insert
2955,2182,"T. Kurnia Hidayat, S.Kom",vtyler@example.net,Male,1986-01-16,16,Silver,False,2021-06-01 00:00:00,insert
2956,2183,Gina Laksita,amelani@example.com,Male,1967-09-03,16,Gold,False,2021-06-03 00:00:00,insert
2957,2183,Gina Laksita,amelani@example.com,Male,1967-09-03,29,Gold,True,2023-06-17 00:00:00,update
2958,2184,Mutia Nainggolan,castillojeffrey@example.com,Male,1958-02-13,30,New,True,2021-08-08 00:00:00,insert
2959,2185,Dr. Rahmi Rahmawati,kylie04@example.com,Female,1963-04-26,16,New,True,2021-10-06 00:00:00,insert
2960,2186,Adam Hanson,tonithompson@example.net,Female,1960-11-21,11,New,True,2021-05-26 00:00:00,insert
2961,2187,Tari Halim,paimanwinarsih@example.com,Male,1964-08-20,12,Regular,False,2021-11-20 00:00:00,insert
2962,2187,Tari Halim,paimanwinarsih@example.com,Male,1964-08-20,12,Regular,True,2022-06-07 00:00:00,update
2963,2188,Peggy Morris,arispertiwi@example.org,Male,1973-01-01,4,Gold,False,2020-10-06 00:00:00,insert
2964,2189,Ella Wastuti,napitupuluagus@example.net,Male,1985-09-07,6,New,False,2021-06-09 00:00:00,insert
2965,2190,Mr. Michael Owens,murphylydia@example.com,Male,1972-01-29,17,Regular,False,2020-09-12 00:00:00,insert
2966,2191,Joseph Yoder,ukhan@example.net,Female,1980-12-23,28,Platinum,False,2020-11-16 00:00:00,insert
2967,2192,Karen Rose,robert56@example.org,Male,1997-02-07,2,Regular,True,2021-09-20 00:00:00,insert
2968,2192,Karen Rose,robert56@example.org,Male,1997-02-07,5,Regular,True,2024-02-24 00:00:00,update
2969,2193,Richard Hawkins,wacanacakrawangsa@example.com,Female,1955-11-17,7,New,True,2021-10-22 00:00:00,insert
2970,2193,Richard Hawkins,wacanacakrawangsa@example.com,Female,1955-11-17,33,New,False,2023-11-11 00:00:00,update
2971,2194,"Jaga Prasetyo, M.Pd",sitompulmustika@example.org,Female,2003-09-10,6,Silver,True,2020-12-18 00:00:00,insert
2972,2195,Angela Delacruz,samantha85@example.org,Female,1967-09-06,20,New,True,2021-06-19 00:00:00,insert
2973,2196,"Karimah Purwanti, S.I.Kom",anggrainijumari@example.org,Male,2003-04-29,17,Regular,True,2021-05-01 00:00:00,insert
2974,2197,Jasmin Ramadan,nashiruddinkani@example.net,Male,1995-07-26,2,New,True,2021-04-16 00:00:00,insert
2975,2197,Jasmin Ramadan,nashiruddinkani@example.net,Male,1995-07-26,34,Silver,False,2025-08-19 00:00:00,update
2976,2198,Melissa Henderson,nugrohohasta@example.com,Male,1983-07-04,23,Gold,False,2020-09-23 00:00:00,insert
2977,2199,Lembah Lestari,anthony70@example.org,Male,1964-10-16,5,Gold,True,2021-11-19 00:00:00,insert
2978,2200,R.A. Anastasia Suwarno,victoriamarbun@example.org,Female,1985-12-15,31,Regular,False,2020-10-17 00:00:00,insert
2979,2201,Rahayu Iswahyudi,aguswulandari@example.net,Female,1995-03-14,11,New,True,2021-04-12 00:00:00,insert
2980,2202,Bajragin Mustofa,danuja12@example.com,Female,1957-11-28,13,New,True,2021-09-24 00:00:00,insert
2981,2203,Cawisono Lazuardi,wartalaksmiwati@example.org,Male,1966-02-05,1,New,False,2021-08-02 00:00:00,insert
2982,2204,Hesti Wacana,bmitchell@example.org,Male,1980-02-27,11,New,False,2021-10-12 00:00:00,insert
2983,2205,Brianna Murphy,zcervantes@example.org,Male,2001-01-05,6,Silver,False,2021-08-29 00:00:00,insert
2984,2205,Brianna Murphy,zcervantes@example.org,Male,2001-01-05,6,New,True,2023-06-17 00:00:00,update
2985,2206,Hj. Nadia Prasasta,bgarza@example.net,Female,1996-08-29,16,Silver,False,2021-09-24 00:00:00,insert
2986,2207,Richard Bolton,westhannah@example.net,Female,1960-06-09,16,Regular,False,2021-04-08 00:00:00,insert
2987,2208,Ghaliyati Iswahyudi,qpranowo@example.net,Female,1968-08-22,9,Regular,False,2020-11-27 00:00:00,insert
2988,2208,Ghaliyati Iswahyudi,qpranowo@example.net,Female,1968-08-22,9,Gold,True,2023-11-18 00:00:00,update
2989,2209,Francisco Edwards,daruna94@example.com,Male,1959-10-19,11,Silver,True,2021-08-23 00:00:00,insert
2990,2210,"Ir. Patricia Saptono, S.E.I",garangpratama@example.org,Female,1973-01-21,7,Regular,False,2021-07-10 00:00:00,insert
2991,2210,"Ir. Patricia Saptono, S.E.I",garangpratama@example.org,Female,1973-01-21,26,Regular,False,2023-12-29 00:00:00,update
2992,2211,Kiara Wall,rachel53@example.net,Female,1957-04-23,16,New,False,2021-09-21 00:00:00,insert
2993,2212,Victoria Dabukke,bradleyandrew@example.com,Female,1999-12-16,21,Regular,False,2021-11-19 00:00:00,insert
2994,2213,Putri Sitorus,waskitaozy@example.com,Female,1979-07-25,4,Regular,True,2021-06-16 00:00:00,insert
2995,2214,Daryani Putra,kgunawan@example.net,Male,1991-04-05,16,Silver,True,2021-04-24 00:00:00,insert
2996,2215,Robert Arias,rortiz@example.org,Male,1959-04-06,21,Regular,True,2021-08-17 00:00:00,insert
2997,2216,Xanana Situmorang,putrasiska@example.org,Female,1969-12-28,10,Regular,True,2021-05-05 00:00:00,insert
2998,2217,Laras Waluyo,dominguezwilliam@example.org,Male,1992-01-31,1,Regular,True,2021-05-30 00:00:00,insert
2999,2218,Raisa Agustina,xutama@example.com,Female,1975-08-03,22,Regular,True,2020-09-19 00:00:00,insert
3000,2218,Raisa Agustina,xutama@example.com,Female,1975-08-03,22,Regular,True,2025-05-28 00:00:00,update
3001,2219,Scott James,tirta65@example.com,Female,1983-01-06,11,New,False,2021-12-29 00:00:00,insert
3002,2220,"Tgk. Syahrini Hasanah, M.M.",vhidayat@example.com,Male,1980-12-20,6,Regular,True,2020-09-21 00:00:00,insert
3003,2220,"Tgk. Syahrini Hasanah, M.M.",vhidayat@example.com,Male,1980-12-20,15,Regular,False,2022-05-05 00:00:00,update
3004,2221,R.A. Tina Tarihoran,jwilson@example.net,Female,1997-02-10,11,New,False,2020-10-03 00:00:00,insert
3005,2222,Vanesa Yolanda,garciabarry@example.com,Female,1987-12-08,26,New,True,2021-10-21 00:00:00,insert
3006,2223,Amanda Montgomery,sydneysanchez@example.org,Male,1974-04-25,6,Silver,False,2021-11-10 00:00:00,insert
3007,2224,Sidiq Sihotang,bryan00@example.org,Female,1955-08-15,14,New,True,2020-12-06 00:00:00,insert
3008,2224,Sidiq Sihotang,bryan00@example.org,Female,1955-08-15,8,Gold,True,2022-03-10 00:00:00,update
3009,2225,Sherry Ritter,gwall@example.net,Male,1959-05-02,26,Regular,True,2021-02-12 00:00:00,insert
3010,2226,Brenda Johnson,mariagomez@example.com,Female,1973-04-29,14,Silver,True,2021-04-03 00:00:00,insert
3011,2227,Jessica Cherry,sherry38@example.com,Female,1981-08-31,8,New,True,2021-12-29 00:00:00,insert
3012,2228,Natalie Marquez,jnamaga@example.com,Male,1991-10-07,2,Regular,True,2020-11-24 00:00:00,insert
3013,2228,Natalie Marquez,jnamaga@example.com,Male,1991-10-07,2,Regular,False,2024-12-23 00:00:00,update
3014,2229,Uchita Santoso,qgarza@example.com,Male,1965-04-20,16,Regular,True,2021-05-23 00:00:00,insert
3015,2230,Jessica Allen,steve92@example.net,Female,1978-03-05,13,Regular,True,2020-09-04 00:00:00,insert
3016,2231,"Padmi Purwanti, S.Farm",calistasimbolon@example.org,Male,1966-07-31,1,New,True,2021-05-23 00:00:00,insert
3017,2232,Ryan Davis,hassanahkania@example.com,Male,2001-11-13,3,New,True,2021-03-16 00:00:00,insert
3018,2233,"Ina Suryono, M.Pd",lauraowens@example.net,Male,1969-08-27,1,Gold,True,2021-11-03 00:00:00,insert
3019,2234,Dalimin Utama,dmaryati@example.net,Female,1979-11-29,16,New,False,2020-09-19 00:00:00,insert
3020,2234,Dalimin Utama,dmaryati@example.net,Female,1979-11-29,16,New,True,2022-06-25 00:00:00,update
3021,2235,Lawrence Orr,dmorse@example.org,Male,1987-03-27,17,Regular,False,2021-07-27 00:00:00,insert
3022,2236,Dean Henderson,permadiophelia@example.net,Female,1973-07-11,13,Regular,False,2021-01-23 00:00:00,insert
3023,2237,Louis Martin,lidya49@example.net,Male,1964-07-21,18,New,True,2020-10-19 00:00:00,insert
3024,2237,Louis Martin,lidya49@example.net,Male,1964-07-21,24,Platinum,False,2025-06-14 00:00:00,update
3025,2238,Ella Pangestu,sabar85@example.net,Female,1991-06-23,4,New,False,2021-07-13 00:00:00,insert
3026,2239,drg. Lidya Suryono,tlawson@example.org,Female,1978-11-16,29,Regular,True,2021-07-25 00:00:00,insert
3027,2239,drg. Lidya Suryono,tlawson@example.org,Female,1978-11-16,26,Silver,False,2024-05-01 00:00:00,update
3028,2240,Hardi Purwanti,bahuwarnanurdiyanti@example.net,Female,1971-10-07,17,Gold,False,2021-10-22 00:00:00,insert
3029,2241,"H. Vero Wasita, S.E.I",oardianto@example.com,Female,1988-02-25,11,Gold,False,2021-02-28 00:00:00,insert
3030,2241,"H. Vero Wasita, S.E.I",oardianto@example.com,Female,1988-02-25,22,Silver,True,2025-09-08 00:00:00,update
3031,2242,Bethany Parrish,unjaniprastuti@example.net,Male,1980-08-27,6,Regular,False,2021-11-13 00:00:00,insert
3032,2243,Seth Freeman,melissaturner@example.com,Female,1978-09-25,11,New,False,2021-06-19 00:00:00,insert
3033,2244,Upik Zulaika,muniwibowo@example.net,Male,1989-07-26,33,New,True,2021-03-07 00:00:00,insert
3034,2245,Balidin Padmasari,myersthomas@example.net,Male,1981-12-06,24,New,True,2021-01-30 00:00:00,insert
3035,2246,Austin Walker,ewijaya@example.net,Male,1992-10-16,32,New,False,2021-08-01 00:00:00,insert
3036,2247,"Tgk. Agnes Nasyiah, S.Kom",brett68@example.com,Male,1956-09-09,11,New,False,2020-11-03 00:00:00,insert
3037,2247,"Tgk. Agnes Nasyiah, S.Kom",brett68@example.com,Male,1956-09-09,3,New,True,2022-10-07 00:00:00,update
3038,2248,Tgk. Warji Tarihoran,waluyoida@example.org,Male,2000-11-23,4,Regular,True,2021-06-23 00:00:00,insert
3039,2249,Irfan Budiman,drakerichard@example.com,Male,1956-11-19,16,New,True,2020-12-11 00:00:00,insert
3040,2250,William Miller,umaya27@example.com,Male,1988-09-01,9,Regular,False,2021-01-21 00:00:00,insert
3041,2250,William Miller,umaya27@example.com,Male,1988-09-01,11,Silver,True,2024-01-14 00:00:00,update
3042,2251,David Mcfarland,youngvincent@example.com,Female,1989-12-10,7,New,True,2021-08-14 00:00:00,insert
3043,2252,Dr. Latoya Hughes,rahmiwidiastuti@example.net,Male,1958-10-26,12,Silver,True,2020-10-05 00:00:00,insert
3044,2253,Dacin Puspita,spratama@example.org,Female,2007-01-07,24,New,True,2021-08-02 00:00:00,insert
3045,2253,Dacin Puspita,spratama@example.org,Female,2007-01-07,24,New,True,2024-02-04 00:00:00,update
3046,2254,Justin Mccullough,gandipalastri@example.com,Male,1975-05-16,9,New,False,2020-10-25 00:00:00,insert
3047,2255,Rebecca Richardson,kellyfernandez@example.net,Female,1972-10-28,16,Regular,True,2020-08-31 00:00:00,insert
3048,2255,Rebecca Richardson,kellyfernandez@example.net,Female,1972-10-28,5,Regular,True,2022-10-30 00:00:00,update
3049,2256,James Williams,cramos@example.org,Male,1956-03-22,34,Regular,True,2021-03-26 00:00:00,insert
3050,2256,James Williams,cramos@example.org,Male,1956-03-22,34,Silver,True,2025-08-11 00:00:00,update
3051,2257,Shania Samosir,padmanapitupulu@example.com,Male,1990-03-03,16,New,True,2021-05-31 00:00:00,insert
3052,2258,Michael Gibbs,hgalvan@example.net,Male,1989-10-06,1,New,False,2021-07-21 00:00:00,insert
3053,2258,Michael Gibbs,hgalvan@example.net,Male,1989-10-06,24,New,True,2022-08-30 00:00:00,update
3054,2259,Gregory Mitchell,jimmyphillips@example.net,Male,1961-01-29,16,Silver,True,2021-11-28 00:00:00,insert
3055,2259,Gregory Mitchell,jimmyphillips@example.net,Male,1961-01-29,15,Regular,True,2023-11-20 00:00:00,update
3056,2260,Taylor Thomas,danielle47@example.org,Female,1956-09-15,30,Regular,False,2020-12-02 00:00:00,insert
3057,2261,Laura Farrell,cindywalter@example.com,Female,2007-09-11,30,New,True,2021-03-10 00:00:00,insert
3058,2261,Laura Farrell,cindywalter@example.com,Female,2007-09-11,27,Silver,True,2022-08-29 00:00:00,update
3059,2262,Anthony Smith,lindsay95@example.net,Male,1966-10-15,24,Regular,True,2020-12-08 00:00:00,insert
3060,2263,Hj. Amelia Kusumo,phunter@example.com,Male,1967-04-14,34,New,False,2021-10-28 00:00:00,insert
3061,2264,Gina King,kacungtamba@example.org,Male,1995-10-12,22,Regular,False,2020-11-10 00:00:00,insert
3062,2265,"Heryanto Sitompul, M.TI.",dharyanto@example.org,Female,1958-03-24,14,New,False,2021-06-12 00:00:00,insert
3063,2266,"Ir. Kanda Andriani, M.Ak",ihsan49@example.net,Female,1978-09-24,33,New,False,2021-02-08 00:00:00,insert
3064,2267,Virman Simbolon,nasrullahpadmasari@example.net,Female,1967-04-23,28,New,True,2020-10-30 00:00:00,insert
3065,2267,Virman Simbolon,nasrullahpadmasari@example.net,Female,1967-04-23,28,Silver,False,2023-08-01 00:00:00,update
3066,2268,Drs. Dartono Megantara,nurdiyantibakiadi@example.net,Female,1986-09-03,11,Regular,True,2021-02-22 00:00:00,insert
3067,2269,Ian Walker,balapati90@example.com,Female,1959-02-03,6,Regular,False,2021-01-23 00:00:00,insert
3068,2270,"Jamil Astuti, M.Kom.",carubputra@example.net,Female,1968-09-01,1,Gold,True,2020-09-20 00:00:00,insert
3069,2271,Anthony Ferrell,tamaraoliver@example.net,Male,1979-09-27,2,New,True,2021-05-12 00:00:00,insert
3070,2272,Sara Adams,johan52@example.org,Female,2000-03-17,8,Regular,False,2021-07-28 00:00:00,insert
3071,2273,Patricia Todd,cinta78@example.com,Male,1999-06-25,11,New,True,2021-10-15 00:00:00,insert
3072,2274,"Cahyadi Pudjiastuti, M.M.",osuryatmi@example.com,Male,2005-12-14,6,New,False,2021-02-28 00:00:00,insert
3073,2274,"Cahyadi Pudjiastuti, M.M.",osuryatmi@example.com,Male,2005-12-14,18,New,True,2022-03-17 00:00:00,update
3074,2275,Luke Perkins PhD,tammy16@example.org,Male,1986-04-18,6,Silver,True,2021-05-16 00:00:00,insert
3075,2275,Luke Perkins PhD,tammy16@example.org,Male,1986-04-18,6,Silver,True,2025-03-07 00:00:00,update
3076,2276,R.M. Warsa Lestari,jenniferdavidson@example.net,Male,2004-12-23,17,Regular,True,2020-10-06 00:00:00,insert
3077,2277,Joshua Hughes,xmaryadi@example.com,Male,1987-07-11,1,Regular,True,2020-09-29 00:00:00,insert
3078,2278,Himawan Maulana,dimaz92@example.com,Female,1994-10-25,11,New,True,2021-04-27 00:00:00,insert
3079,2278,Himawan Maulana,dimaz92@example.com,Female,1994-10-25,4,Regular,False,2025-11-18 00:00:00,update
3080,2279,Ashley Vaughn,mmoore@example.com,Male,1957-07-13,16,New,False,2021-02-22 00:00:00,insert
3081,2280,"Elvin Narpati, S.IP",blester@example.org,Male,2002-05-31,2,New,False,2020-12-09 00:00:00,insert
3082,2280,"Elvin Narpati, S.IP",blester@example.org,Male,2002-05-31,2,New,False,2023-01-03 00:00:00,update
3083,2281,Ajeng Maulana,kmandala@example.org,Male,1980-10-05,15,Silver,True,2021-01-23 00:00:00,insert
3084,2282,Jessica Richards,gabriel41@example.com,Male,1967-03-07,1,Regular,False,2021-10-11 00:00:00,insert
3085,2282,Jessica Richards,gabriel41@example.com,Male,1967-03-07,1,Silver,True,2025-02-16 00:00:00,update
3086,2283,Brandon Hinton,xlatupono@example.org,Male,1966-06-29,6,Silver,True,2021-12-15 00:00:00,insert
3087,2284,Denise Clarke,vanessa97@example.org,Female,2004-09-10,11,Regular,True,2021-06-24 00:00:00,insert
3088,2285,Michelle Russell,thomas07@example.com,Male,2005-09-12,11,Regular,False,2021-11-08 00:00:00,insert
3089,2286,Jennifer Smith,cengkirgunawan@example.net,Male,1962-03-04,11,New,False,2020-08-24 00:00:00,insert
3090,2287,Hannah Medina,opanlaksita@example.org,Female,1986-03-13,34,Regular,True,2021-07-01 00:00:00,insert
3091,2287,Hannah Medina,opanlaksita@example.org,Female,1986-03-13,9,Regular,False,2025-08-12 00:00:00,update
3092,2288,Sharon Andrews,smartinez@example.com,Female,1993-09-26,11,Silver,True,2021-08-16 00:00:00,insert
3093,2289,April Walsh,warnerbrandi@example.net,Male,2007-04-03,3,New,False,2021-05-29 00:00:00,insert
3094,2290,Kathryn Hines,michael70@example.org,Male,1961-12-16,6,New,True,2021-10-05 00:00:00,insert
3095,2291,Amanda Hawkins,michaelguzman@example.net,Male,1965-09-10,10,New,False,2021-11-10 00:00:00,insert
3096,2291,Amanda Hawkins,michaelguzman@example.net,Male,1965-09-10,10,Regular,True,2024-12-31 00:00:00,update
3097,2292,Amber Fields,xnovitasari@example.com,Female,1981-04-05,6,New,True,2021-03-17 00:00:00,insert
3098,2293,Julia Murphy,robertgriffith@example.com,Female,1960-02-10,12,Regular,True,2021-05-05 00:00:00,insert
3099,2293,Julia Murphy,robertgriffith@example.com,Female,1960-02-10,15,Regular,True,2023-06-29 00:00:00,update
3100,2294,Chelsea Sirait,victoria85@example.com,Female,1966-06-09,3,Regular,True,2021-06-13 00:00:00,insert
3101,2295,R. Nasab Siregar,donnajackson@example.com,Female,1958-04-26,1,Regular,False,2021-02-19 00:00:00,insert
3102,2296,Robert Phelps,enainggolan@example.org,Male,1967-10-01,18,New,True,2020-12-22 00:00:00,insert
3103,2297,"Gilda Putra, S.H.",kevinsullivan@example.org,Female,1973-08-22,32,Regular,True,2021-06-12 00:00:00,insert
3104,2298,Randy Harris,christopher35@example.com,Female,1978-08-16,11,Silver,True,2021-04-21 00:00:00,insert
3105,2299,Michael Clark,matadaniel@example.org,Male,1983-10-26,14,Gold,True,2021-12-20 00:00:00,insert
3106,2300,Nathan Carter,karman07@example.com,Male,1986-08-08,3,Gold,True,2020-10-28 00:00:00,insert
3107,2301,"Ana Situmorang, S.Sos",novitasaritaswir@example.org,Female,1970-10-17,30,New,False,2021-05-15 00:00:00,insert
3108,2301,"Ana Situmorang, S.Sos",novitasaritaswir@example.org,Female,1970-10-17,19,New,True,2024-07-06 00:00:00,update
3109,2302,Jayadi Nugroho,fsharp@example.com,Male,1956-10-08,16,New,True,2021-08-19 00:00:00,insert
3110,2303,Kimberly Walker,bsullivan@example.org,Female,1992-10-06,33,New,True,2021-08-12 00:00:00,insert
3111,2304,Amanda Cox,crystalbishop@example.net,Male,1999-05-13,34,New,True,2021-02-19 00:00:00,insert
3112,2305,Galak Latupono,frankgarrett@example.net,Male,1959-12-28,1,Silver,False,2020-09-03 00:00:00,insert
3113,2306,Carolyn Hardy,frankrobbins@example.org,Male,1960-09-30,25,New,True,2020-09-18 00:00:00,insert
3114,2307,Ronald Romero,tmendez@example.com,Female,1982-05-23,11,New,False,2020-10-28 00:00:00,insert
3115,2307,Ronald Romero,tmendez@example.com,Female,1982-05-23,20,Gold,True,2022-03-03 00:00:00,update
3116,2307,Ronald Romero,tmendez@example.com,Female,1982-05-23,29,Silver,True,2022-06-07 00:00:01,update
3117,2308,Jaka Kusumo,rachelnugroho@example.net,Female,1970-07-11,6,New,False,2020-11-02 00:00:00,insert
3118,2309,Zalindra Maryadi,figueroafernando@example.org,Female,1957-03-17,32,Silver,True,2021-05-28 00:00:00,insert
3119,2309,Zalindra Maryadi,figueroafernando@example.org,Female,1957-03-17,33,Silver,True,2024-03-13 00:00:00,update
3120,2310,"Gaman Suryatmi, M.Pd",cnovak@example.com,Male,1963-08-07,11,Regular,True,2020-10-29 00:00:00,insert
3121,2310,"Gaman Suryatmi, M.Pd",cnovak@example.com,Male,1963-08-07,31,Platinum,True,2023-03-10 00:00:00,update
3122,2311,Morgan Neal,sihombingbella@example.org,Female,1999-05-01,1,New,True,2021-07-16 00:00:00,insert
3124,2311,Morgan Neal,sihombingbella@example.org,Female,1999-05-01,1,Silver,False,2023-05-24 00:00:01,update
3123,2311,Morgan Neal,sihombingbella@example.org,Female,1999-05-01,1,Gold,False,2025-03-30 00:00:00,update
3125,2312,Bakda Namaga,harsanto80@example.net,Male,1965-12-20,33,Gold,True,2021-01-16 00:00:00,insert
3126,2312,Bakda Namaga,harsanto80@example.net,Male,1965-12-20,33,Regular,False,2025-02-03 00:00:00,update
3127,2313,Karna Napitupulu,salahudinjono@example.org,Male,1969-07-27,1,Regular,False,2021-03-03 00:00:00,insert
3128,2313,Karna Napitupulu,salahudinjono@example.org,Male,1969-07-27,32,Silver,True,2025-08-17 00:00:00,update
3129,2314,Richard Patel,danielle40@example.net,Male,1995-08-10,2,Regular,False,2021-06-17 00:00:00,insert
3130,2314,Richard Patel,danielle40@example.net,Male,1995-08-10,2,Regular,True,2024-03-26 00:00:00,update
3131,2315,Austin Long,whalim@example.org,Female,1968-03-30,18,New,True,2021-03-19 00:00:00,insert
3132,2315,Austin Long,whalim@example.org,Female,1968-03-30,25,New,True,2023-08-30 00:00:00,update
3133,2316,Mark Curry,tomi99@example.com,Female,1995-08-30,11,New,True,2020-09-28 00:00:00,insert
3134,2317,Alejandra Porter,prabuprakasa@example.net,Male,1984-12-14,22,Regular,True,2021-07-19 00:00:00,insert
3135,2318,Dale Williamson,callahanhector@example.net,Female,1979-02-10,11,Regular,True,2021-09-03 00:00:00,insert
3136,2318,Dale Williamson,callahanhector@example.net,Female,1979-02-10,29,Regular,False,2025-07-28 00:00:00,update
3137,2319,Elaine Moore,eric79@example.org,Male,1968-08-04,6,New,False,2021-10-03 00:00:00,insert
3138,2320,Brandon Jacobs,hamzah94@example.org,Male,1993-02-06,34,New,False,2021-08-05 00:00:00,insert
3139,2321,Yulia Winarsih,john38@example.com,Female,1966-07-02,15,New,False,2021-08-14 00:00:00,insert
3141,2321,Yulia Winarsih,john38@example.com,Female,1966-07-02,16,Regular,True,2024-06-05 00:00:01,update
3140,2321,Yulia Winarsih,john38@example.com,Female,1966-07-02,5,Gold,False,2025-09-09 00:00:00,update
3142,2322,Yvonne King,taylor31@example.org,Male,1977-03-14,13,Regular,True,2020-09-24 00:00:00,insert
3143,2322,Yvonne King,taylor31@example.org,Male,1977-03-14,24,Silver,True,2023-10-07 00:00:00,update
3144,2323,"Sutan Putu Sudiati, S.H.",saktihidayanto@example.com,Female,1994-10-27,1,Silver,True,2021-11-23 00:00:00,insert
3145,2324,Kayla Jones,xwolfe@example.org,Female,2000-12-13,28,Regular,True,2021-07-10 00:00:00,insert
3146,2325,Damu Suryono,ithomas@example.com,Male,1992-09-08,20,New,False,2021-05-16 00:00:00,insert
3147,2326,Laras Rajasa,bmoore@example.org,Male,1964-01-08,23,New,True,2020-10-07 00:00:00,insert
3148,2326,Laras Rajasa,bmoore@example.org,Male,1964-01-08,33,New,True,2022-08-22 00:00:00,update
3149,2327,Keith Avery,rika98@example.org,Female,1966-09-28,25,New,True,2021-07-12 00:00:00,insert
3150,2328,Natalie Becker,olivia46@example.net,Female,1982-07-03,19,Platinum,True,2021-11-10 00:00:00,insert
3151,2329,Michael Ross,rajasabaktianto@example.com,Male,2000-10-14,18,Regular,True,2021-04-20 00:00:00,insert
3152,2330,Suzanne Powell,belindaanggraini@example.net,Female,1999-04-18,14,New,True,2021-04-26 00:00:00,insert
3153,2330,Suzanne Powell,belindaanggraini@example.net,Female,1999-04-18,14,Silver,False,2022-03-27 00:00:00,update
3154,2330,Suzanne Powell,belindaanggraini@example.net,Female,1999-04-18,15,New,True,2024-01-19 00:00:01,update
3155,2331,Toni Roberts,bmurphy@example.org,Male,1959-04-05,4,Gold,True,2021-01-07 00:00:00,insert
3156,2331,Toni Roberts,bmurphy@example.org,Male,1959-04-05,5,Gold,True,2025-03-04 00:00:00,update
3157,2332,Qori Rajasa,najamtampubolon@example.net,Female,1989-10-24,1,Regular,True,2021-01-28 00:00:00,insert
3158,2333,James Clark,blankenshipcindy@example.net,Female,1977-10-09,16,New,False,2021-12-28 00:00:00,insert
3159,2334,Bakda Firmansyah,jatmiko01@example.org,Female,2002-03-09,1,New,True,2021-03-27 00:00:00,insert
3160,2335,Heather Gardner,okey@example.com,Female,1998-12-16,28,Silver,True,2020-12-24 00:00:00,insert
3161,2336,Jenna Richardson,bsitumorang@example.com,Male,1960-08-14,16,Regular,True,2021-03-31 00:00:00,insert
3162,2337,"dr. Tari Haryanti, S.I.Kom",mtaylor@example.net,Female,2005-11-03,11,Regular,True,2021-10-08 00:00:00,insert
3163,2338,"Tgk. Saiful Pertiwi, M.M.",samuel04@example.net,Male,2007-01-27,13,Regular,False,2020-11-24 00:00:00,insert
3164,2339,David Stewart,jose83@example.net,Female,2007-08-17,6,New,False,2021-06-12 00:00:00,insert
3165,2339,David Stewart,jose83@example.net,Female,2007-08-17,34,Silver,True,2024-09-27 00:00:00,update
3166,2340,"Melinda Hutagalung, S.Sos",diana87@example.org,Female,1989-04-05,16,New,True,2021-09-20 00:00:00,insert
3167,2341,Jennifer Perez,terriflores@example.org,Female,2004-01-14,13,Regular,True,2021-11-24 00:00:00,insert
3168,2342,Tgk. Vanya Yolanda,jayengwahyuni@example.org,Female,2001-03-03,9,Regular,True,2021-05-31 00:00:00,insert
3169,2343,Jaeman Jailani,budi67@example.org,Female,1975-10-16,16,Silver,True,2021-01-06 00:00:00,insert
3170,2343,Jaeman Jailani,budi67@example.org,Female,1975-10-16,33,Silver,True,2024-03-28 00:00:00,update
3171,2344,R. Zizi Nasyidah,charles25@example.org,Female,1991-11-04,6,New,False,2021-08-25 00:00:00,insert
3172,2345,"R. Harjasa Handayani, M.M.",fnatsir@example.org,Female,1985-12-01,17,New,False,2021-12-17 00:00:00,insert
3173,2345,"R. Harjasa Handayani, M.M.",fnatsir@example.org,Female,1985-12-01,27,Silver,False,2022-05-26 00:00:00,update
3174,2346,Donna Osborne,prasetyadanang@example.net,Male,1991-05-19,15,Silver,True,2021-05-11 00:00:00,insert
3175,2347,"Ivan Maryati, S.Kom",galar06@example.org,Female,1977-01-19,16,Gold,True,2021-08-16 00:00:00,insert
3176,2348,Baktiono Wijaya,nancy32@example.org,Female,1996-08-17,6,Regular,True,2021-08-28 00:00:00,insert
3177,2349,Lisa Mueller,kajen34@example.org,Female,1970-09-07,1,Silver,True,2021-03-29 00:00:00,insert
3178,2350,Humaira Wibisono,scott29@example.net,Male,2006-04-04,5,Silver,True,2021-12-18 00:00:00,insert
3179,2351,Kimberly Avery,fedwards@example.net,Male,1988-03-22,16,Regular,True,2020-11-12 00:00:00,insert
3180,2352,Amanda Potter,wyolanda@example.net,Female,1972-09-21,30,New,True,2020-12-05 00:00:00,insert
3181,2352,Amanda Potter,wyolanda@example.net,Female,1972-09-21,30,New,True,2025-06-22 00:00:00,update
3182,2353,Kimberly Barnes,nasyiahfitria@example.com,Female,2004-03-20,16,Silver,True,2021-02-14 00:00:00,insert
3183,2354,Gangsa Laksmiwati,oaguilar@example.com,Female,2001-04-01,1,New,True,2020-09-29 00:00:00,insert
3184,2355,Gail Rodriguez,umaheswara@example.net,Male,2003-07-05,23,Silver,False,2021-05-09 00:00:00,insert
3185,2356,Juan Coleman,edisonprastuti@example.net,Male,2008-04-06,16,Regular,True,2021-06-29 00:00:00,insert
3186,2356,Juan Coleman,edisonprastuti@example.net,Male,2008-04-06,16,Regular,True,2025-11-10 00:00:00,update
3187,2357,Laswi Pangestu,powersbilly@example.com,Female,1960-10-09,13,Regular,True,2021-09-07 00:00:00,insert
3188,2358,Robert Garrison,tmckinney@example.net,Male,1996-07-18,16,New,False,2021-03-31 00:00:00,insert
3189,2359,Michael Smith,brandon00@example.com,Male,1995-03-27,1,Silver,True,2021-06-19 00:00:00,insert
3190,2360,Cody Buckley,huangrachel@example.com,Female,2004-01-22,31,New,True,2021-06-14 00:00:00,insert
3191,2361,Ir. Ghani Rahayu,birdmary@example.com,Female,1988-03-09,1,New,True,2021-12-27 00:00:00,insert
3192,2361,Ir. Ghani Rahayu,birdmary@example.com,Female,1988-03-09,24,Gold,False,2023-05-06 00:00:00,update
3193,2362,Joanna Fleming,wsimanjuntak@example.net,Female,1972-08-17,1,Regular,True,2021-05-22 00:00:00,insert
3194,2363,"Jaya Santoso, M.TI.",kutami@example.net,Female,1999-02-28,6,New,False,2021-11-15 00:00:00,insert
3195,2363,"Jaya Santoso, M.TI.",kutami@example.net,Female,1999-02-28,6,New,True,2023-08-02 00:00:00,update
3196,2363,"Jaya Santoso, M.TI.",kutami@example.net,Female,1999-02-28,8,New,True,2024-04-10 00:00:01,update
3197,2364,Daniel Romero,fwood@example.org,Male,1971-09-20,3,Gold,True,2020-11-16 00:00:00,insert
3198,2364,Daniel Romero,fwood@example.org,Male,1971-09-20,3,Regular,True,2025-10-05 00:00:00,update
3199,2365,Zelda Hakim,jacob58@example.com,Female,2008-05-10,2,Gold,True,2020-09-19 00:00:00,insert
3200,2366,Deborah Gomez,lriley@example.org,Male,1964-10-08,17,Gold,True,2021-07-25 00:00:00,insert
3201,2366,Deborah Gomez,lriley@example.org,Male,1964-10-08,7,Silver,True,2023-12-13 00:00:00,update
3202,2367,Rebecca Fox,savageheidi@example.org,Male,1991-05-20,31,Silver,True,2021-03-13 00:00:00,insert
3203,2368,Joseph Perez,langgeng45@example.org,Female,1984-01-22,23,New,True,2020-11-02 00:00:00,insert
3204,2369,"KH. Harjaya Simbolon, M.Farm",rlambert@example.net,Male,1964-12-28,25,New,False,2020-08-20 00:00:00,insert
3205,2370,Ashley Estrada,wrightmartha@example.org,Female,2000-07-10,1,New,False,2021-07-08 00:00:00,insert
3206,2370,Ashley Estrada,wrightmartha@example.org,Female,2000-07-10,32,New,True,2025-09-15 00:00:00,update
3207,2371,"Yani Salahudin, S.Sos",candrakanta84@example.net,Female,1974-03-20,33,Regular,True,2021-11-07 00:00:00,insert
3208,2371,"Yani Salahudin, S.Sos",candrakanta84@example.net,Female,1974-03-20,21,Regular,False,2023-12-17 00:00:00,update
3209,2372,Matthew Johnson,brianbarnett@example.org,Female,1983-04-28,13,New,True,2021-03-29 00:00:00,insert
3210,2373,Hesti Anggriawan,nathanstein@example.net,Female,1956-06-27,11,New,True,2021-01-21 00:00:00,insert
3211,2373,Hesti Anggriawan,nathanstein@example.net,Female,1956-06-27,14,New,True,2024-08-02 00:00:00,update
3212,2374,Norma Clark,jennifer17@example.org,Male,1968-02-08,27,Regular,True,2021-03-20 00:00:00,insert
3213,2374,Norma Clark,jennifer17@example.org,Male,1968-02-08,27,Regular,True,2023-11-22 00:00:00,update
3214,2375,Gregory Carter,langgengbudiyanto@example.net,Female,1981-05-17,4,Silver,False,2021-12-02 00:00:00,insert
3215,2376,Zulaikha Maryadi,mangunsongbudi@example.com,Male,1980-10-15,9,Gold,True,2021-03-24 00:00:00,insert
3216,2376,Zulaikha Maryadi,mangunsongbudi@example.com,Male,1980-10-15,34,Silver,True,2024-11-05 00:00:00,update
3217,2377,"Laras Tampubolon, S.Pt",rperkins@example.com,Female,2004-02-01,6,Gold,True,2020-12-23 00:00:00,insert
3218,2377,"Laras Tampubolon, S.Pt",rperkins@example.com,Female,2004-02-01,6,Regular,False,2024-12-17 00:00:00,update
3219,2378,Mahdi Uwais,wrichmond@example.com,Female,1962-11-28,31,New,True,2021-08-09 00:00:00,insert
3220,2379,Stacey Anthony,radit61@example.net,Female,2000-11-09,26,New,False,2020-10-10 00:00:00,insert
3221,2379,Stacey Anthony,radit61@example.net,Female,2000-11-09,26,New,False,2022-12-21 00:00:00,update
3222,2380,Michael Anderson,bushbrandy@example.com,Female,1988-05-27,33,New,True,2020-11-13 00:00:00,insert
3223,2381,H. Bahuwarna Kusmawati,eporter@example.com,Female,2000-03-15,29,Gold,True,2020-09-05 00:00:00,insert
3224,2381,H. Bahuwarna Kusmawati,eporter@example.com,Female,2000-03-15,29,Gold,True,2022-06-01 00:00:00,update
3225,2382,T. Warta Ardianto,ijones@example.org,Female,1957-05-21,11,Regular,False,2021-04-12 00:00:00,insert
3226,2383,Jonathan Cooper,rpranowo@example.com,Male,1978-05-12,30,Silver,False,2021-05-13 00:00:00,insert
3227,2384,Caitlin Martin,jailsudiati@example.net,Male,1982-12-14,17,Regular,True,2020-09-19 00:00:00,insert
3228,2384,Caitlin Martin,jailsudiati@example.net,Male,1982-12-14,17,Regular,False,2025-04-06 00:00:00,update
3229,2385,Michael Burns,joeroberts@example.com,Female,1968-07-02,11,New,True,2021-02-07 00:00:00,insert
3230,2386,Autumn Stafford,nicolebenton@example.org,Female,2001-08-20,18,New,True,2021-08-28 00:00:00,insert
3231,2386,Autumn Stafford,nicolebenton@example.org,Female,2001-08-20,24,Gold,False,2025-03-07 00:00:00,update
3232,2387,Cindy James,parksteven@example.com,Male,1977-03-20,25,New,True,2021-01-21 00:00:00,insert
3233,2388,Shania Wahyudin,jaisputra@example.net,Male,2000-09-07,3,Regular,True,2021-01-28 00:00:00,insert
3234,2388,Shania Wahyudin,jaisputra@example.net,Male,2000-09-07,27,Silver,True,2023-04-14 00:00:00,update
3235,2389,Christopher Evans,mthompson@example.net,Male,1994-05-20,23,New,True,2021-02-23 00:00:00,insert
3236,2389,Christopher Evans,mthompson@example.net,Male,1994-05-20,6,Regular,True,2025-11-25 00:00:00,update
3237,2390,Jesse Brown,kokohutagalung@example.org,Male,1988-08-18,31,Silver,True,2021-10-01 00:00:00,insert
3238,2391,David Maldonado,fwalker@example.net,Male,1998-12-10,5,Gold,True,2021-11-29 00:00:00,insert
3239,2392,Jamal Usamah,aneal@example.com,Male,1965-02-03,11,Regular,True,2021-06-19 00:00:00,insert
3240,2393,Waluyo Lailasari,melanieyoung@example.net,Male,1973-05-10,33,New,True,2021-01-31 00:00:00,insert
3241,2394,Lisa Daniel,suwarnoikhsan@example.net,Female,1997-04-25,7,New,True,2021-02-26 00:00:00,insert
3242,2395,Ir. Farhunnisa Pranowo,vkuswandari@example.com,Male,1996-04-17,1,Gold,True,2021-05-18 00:00:00,insert
3243,2396,Jason Velazquez,legawawibowo@example.com,Male,1997-01-16,30,New,True,2021-12-25 00:00:00,insert
3244,2396,Jason Velazquez,legawawibowo@example.com,Male,1997-01-16,20,New,True,2023-03-12 00:00:00,update
3245,2397,April Mcdonald,lukmanputra@example.org,Female,2007-12-28,1,Regular,True,2020-12-06 00:00:00,insert
3246,2398,Natasha Hampton,fitrianiusamah@example.com,Female,1970-02-02,1,New,True,2021-01-18 00:00:00,insert
3247,2398,Natasha Hampton,fitrianiusamah@example.com,Female,1970-02-02,1,Silver,True,2023-08-20 00:00:00,update
3248,2399,"Puspa Pratama, S.T.",anikuswandari@example.org,Male,1967-01-20,29,New,True,2020-09-02 00:00:00,insert
3249,2400,Kartika Yulianti,gary87@example.com,Male,1977-08-29,1,New,True,2020-09-09 00:00:00,insert
3250,2400,Kartika Yulianti,gary87@example.com,Male,1977-08-29,1,New,True,2025-04-18 00:00:00,update
3251,2401,"drg. Kasiyah Nasyidah, S.Pt",danielramirez@example.org,Male,1984-08-29,1,Regular,True,2020-11-25 00:00:00,insert
3252,2401,"drg. Kasiyah Nasyidah, S.Pt",danielramirez@example.org,Male,1984-08-29,2,Silver,True,2025-05-09 00:00:00,update
3253,2402,Jumari Hartati,kwells@example.com,Male,1992-08-24,21,Platinum,False,2021-07-30 00:00:00,insert
3254,2402,Jumari Hartati,kwells@example.com,Male,1992-08-24,8,Platinum,True,2022-02-10 00:00:00,update
3255,2403,Ian Wahyudin,armstrongelizabeth@example.org,Female,1995-11-24,6,Regular,True,2021-03-05 00:00:00,insert
3256,2404,"Restu Nasyidah, S.Kom",cahya49@example.net,Male,1993-08-10,21,Silver,True,2021-12-21 00:00:00,insert
3257,2405,Joseph Orozco,jonathanwatson@example.org,Male,1992-10-08,34,New,False,2021-01-05 00:00:00,insert
3258,2406,"R.A. Carla Utama, S.Psi",livingstoncatherine@example.org,Female,1984-11-05,22,Silver,True,2021-11-12 00:00:00,insert
3259,2407,Latika Nainggolan,astutijanet@example.net,Male,1969-06-20,20,Regular,True,2021-11-07 00:00:00,insert
3260,2407,Latika Nainggolan,astutijanet@example.net,Male,1969-06-20,12,New,True,2022-07-02 00:00:00,update
3261,2408,Marvin Mills,luluhpuspita@example.com,Male,1959-06-30,34,Silver,False,2021-09-12 00:00:00,insert
3262,2409,"Mahdi Agustina, S.E.",zbenjamin@example.org,Female,1976-10-03,8,Regular,False,2021-04-04 00:00:00,insert
3263,2410,Katherine Caldwell,garrettstevens@example.org,Female,2002-02-15,4,Regular,True,2021-10-23 00:00:00,insert
3264,2411,"Ella Salahudin, S.E.I",jamessherry@example.org,Male,1985-08-21,29,New,False,2021-05-17 00:00:00,insert
3265,2412,Brittany Haynes,mayasarijumari@example.com,Female,1968-01-08,28,Silver,True,2021-09-30 00:00:00,insert
3266,2412,Brittany Haynes,mayasarijumari@example.com,Female,1968-01-08,28,Silver,False,2023-08-28 00:00:00,update
3267,2413,"T. Martana Budiyanto, S.Pd",hastuticakrabirawa@example.com,Female,1998-11-26,11,New,True,2021-04-26 00:00:00,insert
3268,2414,"Puti Anita Saefullah, S.Kom",joewoods@example.com,Female,2007-09-25,6,Regular,True,2021-03-09 00:00:00,insert
3269,2414,"Puti Anita Saefullah, S.Kom",joewoods@example.com,Female,2007-09-25,2,Silver,False,2025-09-13 00:00:00,update
3270,2415,Lulut Nasyiah,dpermata@example.com,Male,1993-03-10,1,New,True,2020-09-01 00:00:00,insert
3271,2416,Kenneth Christian,puputtampubolon@example.org,Female,1985-10-08,16,Silver,True,2021-04-30 00:00:00,insert
3272,2417,Cut Ami Astuti,januarcemeti@example.com,Female,1958-08-20,8,Regular,False,2021-01-15 00:00:00,insert
3273,2418,"Hj. Nova Laksita, S.Gz",cnapitupulu@example.com,Female,1986-08-26,33,Silver,True,2021-09-09 00:00:00,insert
3274,2419,Dwi Novitasari,michelle14@example.com,Male,2003-10-13,17,New,True,2021-11-22 00:00:00,insert
3275,2420,Eric Clayton,mistygoodwin@example.net,Female,1968-03-11,16,New,True,2021-08-17 00:00:00,insert
3276,2421,Dodo Aryani,vino91@example.com,Female,1996-11-02,6,Silver,False,2021-08-07 00:00:00,insert
3277,2422,"Adika Astuti, S.T.",thomas23@example.com,Female,2005-06-09,1,Regular,False,2021-07-24 00:00:00,insert
3278,2422,"Adika Astuti, S.T.",thomas23@example.com,Female,2005-06-09,5,Regular,True,2024-09-08 00:00:00,update
3279,2423,Jennifer Harper,gandi86@example.com,Female,1956-07-21,13,Regular,True,2021-09-17 00:00:00,insert
3280,2423,Jennifer Harper,gandi86@example.com,Female,1956-07-21,13,Regular,False,2024-09-14 00:00:00,update
3281,2424,"Diana Wijayanti, M.Kom.",mwibowo@example.org,Female,1964-09-23,11,Silver,False,2021-05-10 00:00:00,insert
3282,2424,"Diana Wijayanti, M.Kom.",mwibowo@example.org,Female,1964-09-23,11,Silver,False,2022-09-04 00:00:00,update
3283,2425,Elizabeth Lee,prasastaelisa@example.org,Female,1995-04-05,29,New,False,2021-04-05 00:00:00,insert
3284,2425,Elizabeth Lee,prasastaelisa@example.org,Female,1995-04-05,2,New,True,2024-10-24 00:00:00,update
3285,2426,Anastasia Nababan,kadir60@example.com,Female,1961-08-11,19,Regular,True,2021-12-22 00:00:00,insert
3286,2427,Opung Gunarto,jamalia84@example.org,Female,2001-08-10,1,New,True,2021-09-06 00:00:00,insert
3287,2428,"R.A. Jelita Sinaga, S.Psi",hairyantosinaga@example.com,Female,1996-10-22,20,New,True,2021-08-03 00:00:00,insert
3288,2428,"R.A. Jelita Sinaga, S.Psi",hairyantosinaga@example.com,Female,1996-10-22,14,Gold,True,2022-05-04 00:00:00,update
3289,2429,Ricky Rivera,raden99@example.org,Female,2000-03-28,29,Regular,True,2021-07-29 00:00:00,insert
3290,2429,Ricky Rivera,raden99@example.org,Female,2000-03-28,33,Regular,True,2023-06-20 00:00:00,update
3291,2430,Paula Phillips,lopezbarry@example.com,Male,1958-06-24,8,New,False,2021-03-05 00:00:00,insert
3292,2431,Hari Irawan,gamanto97@example.com,Male,1989-02-15,17,Silver,True,2020-10-13 00:00:00,insert
3293,2432,Gary Roberts,jamie30@example.net,Male,1958-09-21,11,Regular,False,2020-09-15 00:00:00,insert
3294,2432,Gary Roberts,jamie30@example.net,Male,1958-09-21,2,Gold,False,2022-10-06 00:00:00,update
3295,2433,Ir. Faizah Nugroho,fwhitaker@example.com,Male,2006-10-24,29,Silver,True,2020-09-17 00:00:00,insert
3296,2434,Cindy Firgantoro,kellykristina@example.com,Female,1995-03-22,18,Silver,True,2021-06-05 00:00:00,insert
3297,2434,Cindy Firgantoro,kellykristina@example.com,Female,1995-03-22,18,Regular,True,2024-02-21 00:00:00,update
3298,2435,"Gamanto Wahyudin, S.I.Kom",thompsonkimberly@example.com,Male,1963-10-07,21,New,True,2021-03-09 00:00:00,insert
3299,2435,"Gamanto Wahyudin, S.I.Kom",thompsonkimberly@example.com,Male,1963-10-07,25,Silver,True,2023-01-12 00:00:00,update
3300,2436,"Ilsa Lazuardi, M.Pd",yolandajumari@example.net,Male,1972-12-10,1,Silver,True,2021-04-16 00:00:00,insert
3301,2436,"Ilsa Lazuardi, M.Pd",yolandajumari@example.net,Male,1972-12-10,33,Silver,False,2022-04-18 00:00:00,update
3302,2437,Cinthia Pratiwi,lisacole@example.org,Female,1988-09-29,21,Silver,True,2021-03-14 00:00:00,insert
3303,2438,Hardana Purnawati,wilsonstacey@example.com,Male,1988-04-17,22,New,True,2021-07-19 00:00:00,insert
3304,2439,Panca Dongoran,mulyonowibowo@example.org,Female,1986-09-27,16,Silver,True,2021-09-07 00:00:00,insert
3305,2440,Justin Diaz,chelsea00@example.com,Female,1955-11-30,18,Gold,True,2021-02-13 00:00:00,insert
3306,2441,Jeffery Mcneil,vimansitumorang@example.com,Male,2000-05-05,21,Regular,True,2021-12-20 00:00:00,insert
3307,2441,Jeffery Mcneil,vimansitumorang@example.com,Male,2000-05-05,21,Regular,False,2022-04-17 00:00:00,update
3308,2442,Jessica English,hardanawahyudin@example.com,Female,1978-02-28,1,New,True,2021-04-13 00:00:00,insert
3309,2443,Julia Williams DVM,mursinin86@example.net,Female,2001-02-04,6,Regular,True,2021-09-30 00:00:00,insert
3310,2443,Julia Williams DVM,mursinin86@example.net,Female,2001-02-04,6,Regular,True,2025-08-04 00:00:00,update
3311,2444,Matthew Brown,jaga12@example.com,Female,1963-12-09,11,Regular,False,2021-07-05 00:00:00,insert
3312,2444,Matthew Brown,jaga12@example.com,Female,1963-12-09,11,Platinum,True,2022-02-10 00:00:00,update
3313,2445,Morgan Mendoza,iswahyudikarsana@example.org,Female,1957-11-23,9,New,True,2020-12-29 00:00:00,insert
3314,2445,Morgan Mendoza,iswahyudikarsana@example.org,Female,1957-11-23,17,Gold,True,2024-09-02 00:00:00,update
3315,2446,Reksa Nasyiah,brittneyespinoza@example.org,Male,1978-09-17,11,Regular,True,2021-08-01 00:00:00,insert
3316,2447,Gantar Pradipta,mustofawidya@example.net,Female,1971-03-27,11,Silver,False,2021-01-31 00:00:00,insert
3317,2448,Maria Martinez,wlarson@example.com,Female,1984-01-24,9,New,False,2021-08-12 00:00:00,insert
3318,2449,Fitria Gunawan,qvillanueva@example.net,Male,1968-05-06,32,New,True,2021-10-18 00:00:00,insert
3319,2449,Fitria Gunawan,qvillanueva@example.net,Male,1968-05-06,2,Regular,True,2023-09-05 00:00:00,update
3320,2450,Randy Russell,grantmonique@example.com,Female,1980-11-02,26,Silver,True,2021-02-24 00:00:00,insert
3321,2451,Carolyn Schneider,anggriawanbala@example.com,Male,1982-02-21,5,Silver,False,2020-09-28 00:00:00,insert
3322,2451,Carolyn Schneider,anggriawanbala@example.com,Male,1982-02-21,11,Silver,False,2024-10-02 00:00:00,update
3323,2452,Kimberly Martin,rsimmons@example.net,Female,1976-09-11,11,New,True,2020-08-31 00:00:00,insert
3324,2453,"Ibrahim Kurniawan, S.IP",ricky63@example.net,Female,1962-01-02,18,New,True,2021-07-01 00:00:00,insert
3325,2454,Curtis Simmons,darmaji51@example.org,Female,1993-03-20,29,Silver,True,2021-07-05 00:00:00,insert
3326,2455,Lasmanto Usamah,mark55@example.net,Female,1956-12-06,10,New,True,2021-01-12 00:00:00,insert
3327,2456,Joshua Smith,brianaherrera@example.org,Female,1987-05-31,6,Regular,False,2021-09-17 00:00:00,insert
3328,2457,"dr. Winda Maryadi, S.Kom",harimurti41@example.net,Female,2006-06-28,26,New,True,2020-10-27 00:00:00,insert
3329,2457,"dr. Winda Maryadi, S.Kom",harimurti41@example.net,Female,2006-06-28,26,Regular,False,2023-04-23 00:00:00,update
3330,2458,"Kania Sudiati, S.IP",jonessarah@example.com,Female,1999-11-29,29,Regular,True,2021-07-13 00:00:00,insert
3331,2459,Christian Osborn,hmahendra@example.org,Male,1955-07-05,1,Regular,True,2021-03-30 00:00:00,insert
3332,2459,Christian Osborn,hmahendra@example.org,Male,1955-07-05,13,Gold,True,2024-02-24 00:00:00,update
3333,2460,Mila Firgantoro,asirwadarahayu@example.net,Female,2007-01-25,6,New,True,2021-02-04 00:00:00,insert
3334,2461,KH. Hasta Hidayat,brandonhunt@example.com,Female,1966-08-22,32,Regular,True,2021-07-09 00:00:00,insert
3335,2462,Vanessa Ruiz,bfields@example.com,Female,1970-01-04,11,Regular,False,2021-05-08 00:00:00,insert
3336,2462,Vanessa Ruiz,bfields@example.com,Female,1970-01-04,7,Gold,False,2024-11-22 00:00:00,update
3337,2463,Lucas Henderson,jailanilala@example.net,Male,2004-12-20,12,New,True,2020-10-30 00:00:00,insert
3338,2464,Mallory Newman,jerry80@example.com,Male,1994-10-28,22,New,True,2021-03-26 00:00:00,insert
3339,2465,Sabri Wahyuni,ttodd@example.org,Female,1996-01-11,4,New,True,2021-02-16 00:00:00,insert
3340,2465,Sabri Wahyuni,ttodd@example.org,Female,1996-01-11,4,New,True,2023-03-10 00:00:00,update
3341,2466,Claire Lopez,manullanggina@example.net,Female,1980-11-24,19,New,False,2021-11-25 00:00:00,insert
3342,2467,"Drs. Lembah Pertiwi, S.Psi",beckyherrera@example.org,Male,1958-07-16,6,New,True,2021-01-12 00:00:00,insert
3343,2467,"Drs. Lembah Pertiwi, S.Psi",beckyherrera@example.org,Male,1958-07-16,6,Gold,True,2022-05-15 00:00:00,update
3344,2468,Tabitha Hill,elvinnasyidah@example.com,Female,2008-02-03,11,Regular,True,2021-04-22 00:00:00,insert
3345,2469,Puput Hasanah,wesleyweaver@example.net,Male,2004-03-01,1,Regular,True,2020-10-06 00:00:00,insert
3346,2470,William Waller,usihotang@example.net,Female,1970-09-21,1,Regular,False,2020-10-19 00:00:00,insert
3347,2471,Mr. Robert Williams DDS,tiffanyglover@example.org,Female,1955-10-15,16,New,True,2020-12-06 00:00:00,insert
3348,2472,Hesti Waskita,susantiratna@example.org,Female,1980-07-12,33,Regular,True,2021-02-25 00:00:00,insert
3349,2472,Hesti Waskita,susantiratna@example.org,Female,1980-07-12,33,Regular,False,2022-09-26 00:00:00,update
3350,2473,Hasan Yolanda,melissaalvarez@example.net,Male,1964-06-06,33,Silver,True,2021-04-07 00:00:00,insert
3351,2474,Allen Rangel,xsuryatmi@example.org,Male,2003-02-24,25,New,True,2021-02-07 00:00:00,insert
3352,2475,Andrea Jackson,jamalwibowo@example.com,Female,1995-02-09,24,New,True,2021-09-03 00:00:00,insert
3353,2475,Andrea Jackson,jamalwibowo@example.com,Female,1995-02-09,18,New,True,2022-08-24 00:00:00,update
3354,2476,Ryan Burns,samiahfirmansyah@example.net,Male,1971-11-25,6,New,False,2021-12-14 00:00:00,insert
3355,2477,Courtney Holloway,david32@example.org,Female,1985-03-25,16,New,True,2021-04-23 00:00:00,insert
3356,2478,Ciaobella Kusmawati,elliswulandari@example.com,Female,1960-09-30,28,New,True,2020-08-19 00:00:00,insert
3357,2478,Ciaobella Kusmawati,elliswulandari@example.com,Female,1960-09-30,17,Gold,False,2024-01-02 00:00:00,update
3358,2479,Mark Christian,lukmanmarpaung@example.com,Male,1964-06-27,7,New,True,2021-05-24 00:00:00,insert
3359,2480,dr. Dodo Latupono,timothy30@example.com,Male,1976-08-19,15,Regular,True,2021-06-08 00:00:00,insert
3360,2481,Jessica Ayala,paulbarber@example.net,Male,1974-02-08,23,Regular,True,2020-12-13 00:00:00,insert
3361,2482,Francis Gay,kevinpham@example.org,Female,1991-11-01,31,New,True,2021-08-22 00:00:00,insert
3362,2483,"Zahra Najmudin, S.T.",bowersalexis@example.com,Female,1967-05-30,7,New,True,2020-12-04 00:00:00,insert
3363,2483,"Zahra Najmudin, S.T.",bowersalexis@example.com,Female,1967-05-30,7,New,True,2023-01-12 00:00:00,update
3364,2484,Beverly Green,burnsdustin@example.net,Female,1990-06-02,30,Regular,True,2021-07-26 00:00:00,insert
3365,2484,Beverly Green,burnsdustin@example.net,Female,1990-06-02,5,Gold,True,2025-11-11 00:00:00,update
3366,2485,Bajragin Simanjuntak,winda68@example.net,Female,1957-04-24,11,New,True,2021-11-19 00:00:00,insert
3367,2486,Patricia Wright,diana83@example.net,Female,2003-09-24,28,Silver,True,2021-04-26 00:00:00,insert
3368,2487,Novi Haryanto,charleslam@example.com,Female,1992-11-13,24,Regular,True,2021-01-10 00:00:00,insert
3369,2488,James Parrish,cawuk74@example.com,Male,1972-02-25,30,New,False,2020-12-04 00:00:00,insert
3370,2488,James Parrish,cawuk74@example.com,Male,1972-02-25,11,New,True,2025-04-28 00:00:00,update
3371,2489,Betania Riyanti,irwan87@example.net,Female,2006-03-03,29,New,True,2021-03-29 00:00:00,insert
3372,2489,Betania Riyanti,irwan87@example.net,Female,2006-03-03,11,New,True,2025-10-30 00:00:00,update
3373,2490,Jessica Henry,maryfowler@example.com,Female,1971-12-22,8,New,True,2020-09-25 00:00:00,insert
3374,2491,Elvina Sitompul,kusumapudjiastuti@example.net,Male,1992-08-27,20,New,False,2020-09-29 00:00:00,insert
3375,2492,R. Nardi Nasyidah,dariatisuryatmi@example.com,Male,2001-10-26,1,New,True,2021-10-15 00:00:00,insert
3376,2492,R. Nardi Nasyidah,dariatisuryatmi@example.com,Male,2001-10-26,32,Gold,True,2023-05-24 00:00:00,update
3377,2493,dr. Maman Maulana,jermaine27@example.org,Female,1965-12-08,1,New,True,2021-11-19 00:00:00,insert
3378,2494,Edwin Clayton MD,walkeralexander@example.org,Female,1991-02-18,28,New,False,2021-11-15 00:00:00,insert
3379,2495,Mr. James Garcia,sihotanghasta@example.org,Male,1989-07-15,14,New,True,2021-02-22 00:00:00,insert
3380,2496,Wendy Fritz,ophelialestari@example.net,Female,1997-01-20,6,Regular,False,2020-08-22 00:00:00,insert
3381,2496,Wendy Fritz,ophelialestari@example.net,Female,1997-01-20,23,Regular,True,2022-11-25 00:00:00,update
3382,2497,Gasti Thamrin,parrishashley@example.net,Female,1974-03-05,34,Regular,False,2021-11-01 00:00:00,insert
3383,2497,Gasti Thamrin,parrishashley@example.net,Female,1974-03-05,19,Regular,True,2022-08-24 00:00:00,update
3384,2498,"Drs. Laila Lazuardi, M.Ak",susanmoore@example.org,Female,1965-01-16,11,Regular,True,2021-01-03 00:00:00,insert
3385,2498,"Drs. Laila Lazuardi, M.Ak",susanmoore@example.org,Female,1965-01-16,19,Silver,True,2022-06-23 00:00:00,update
3386,2499,Jeremy Bryant,hernandeznoah@example.org,Female,1961-08-05,16,New,True,2021-03-20 00:00:00,insert
3387,2500,"Daniswara Saptono, S.Pt",ryanwalton@example.net,Female,1993-05-29,8,Regular,False,2021-05-18 00:00:00,insert
3388,2500,"Daniswara Saptono, S.Pt",ryanwalton@example.net,Female,1993-05-29,31,Regular,True,2023-08-08 00:00:00,update
